LAHJ01000016.1,0..40838,cas12k,35985..37922,lcl|35985|37922|3|1,1,WP_096656118.1,0.00e+00,WP_096656118.1 cas12k type V CRISPR-associated protein Cas12k [Calothrix parasitica],MSQITIQCRLVGSESTRQQLWKLMAEKNTPLINELLLKVAQQPEFESWRQKGKHPAKIVKELCEPLKTDPRFIGQPGRFYTSAIALVNYIYKSWLALMKRSQSQLEGKMRWLEMLKSDAELVEASGVTLENLRTKAAEILAQLAPQSDTVEAKSPKGNKRKKTKKSKKSDGDCAERTLRERSISQILFEAYRNTEETLTRCAIGYLLKNGCKISNQDEDADKFAKRRRKLEIQIERLKQQLEARIPKGRDLTDAKWLETLLLVTNNAPENEAEAKFWQDSLLKQSSKLPFPVAYETNEDMTWFKNERGRICVKFNGLSEHSFQVYCDSRHLHWFQRFLEDQQIKHNSKNQHSSSLFTLRSGRIAWQEGEGKGDHWKVNRLILYCSVDTRLWTAEGTNLIREEKAEEIAKTITQTKAKGELNDQQLAHIKRKNSSLARINNPFPRPSKPLYKGQSHILVAVSLGLENPTTVAVVDSSIGKVLTYRSIKQLLGDNYRLLNRQRQQKHTLSHQRQVAQILASPNQIGESELGQYVDRLLAQEIVAIAITYKAGSIVLPKLGDMREQVQSEVQAKAEQKSDLIEVQQKYAKQYRVSVHQWSYGRLIANIESQSAKAGIFIEEAKQPIRGSPQEKAKELAIAAYDSRKIN,818,2114,647,61.206,396,246,506,2,5,78.21,99,/stor/scratch/Wilke/contig/database/metagenomic_contig_database/NCBI_redownload/genbank_bacteria_20210505/GCA_002607925.1_ASM260792v1_genomic.fna.gz
LAHJ01000016.1,0..40838,CRISPR array,12677..12756,,,,,"Copies: 2, Repeat: 22, Spacer: 35",ATTGACAAAATAAATGTCCTCT,,,,,,,,,,,,/stor/scratch/Wilke/contig/database/metagenomic_contig_database/NCBI_redownload/genbank_bacteria_20210505/GCA_002607925.1_ASM260792v1_genomic.fna.gz
LAHJ01000016.1,0..40838,CRISPR array,38383..39521,,,,,"Copies: 16, Repeat: 37, Spacer: 36",GTTTCAACACCCCTCCCAGCTAGAGGCGGGTTGAAAG,,,,,,,,,,,,/stor/scratch/Wilke/contig/database/metagenomic_contig_database/NCBI_redownload/genbank_bacteria_20210505/GCA_002607925.1_ASM260792v1_genomic.fna.gz
LAHJ01000016.1,0..40838,Repeat Spacer,38384..38458,,1,,,GTTTCAACACCCCTCCCAGCTAGAGGCGGGTTGAAAG ACTTCAAAAGTGCTTACGTGGTTTGGGAACCTGAAAGG,ACTTCAAAAGTGCTTACGTGGTTTGGGAACCTGAAAGG,,,,,,,,,,,,/stor/scratch/Wilke/contig/database/metagenomic_contig_database/NCBI_redownload/genbank_bacteria_20210505/GCA_002607925.1_ASM260792v1_genomic.fna.gz
LAHJ01000016.1,0..40838,Repeat Spacer,38459..38531,,1,,,GTTTCAACACCCCTCCCAGCTAGAGGCGGGTTGAAAG GTTTCTATTTTAACCGTACTTATACGGATTAATGTT,GTTTCTATTTTAACCGTACTTATACGGATTAATGTT,,,,,,,,,,,,/stor/scratch/Wilke/contig/database/metagenomic_contig_database/NCBI_redownload/genbank_bacteria_20210505/GCA_002607925.1_ASM260792v1_genomic.fna.gz
LAHJ01000016.1,0..40838,Repeat Spacer,38532..38605,,1,,,GTTTCAACACCCCTCCCAGCTAGAGGCGGGTTGAAAG TTTTTCAAAAATTTTAAAAATTATCACCACCCTGGAA,TTTTTCAAAAATTTTAAAAATTATCACCACCCTGGAA,,,,,,,,,,,,/stor/scratch/Wilke/contig/database/metagenomic_contig_database/NCBI_redownload/genbank_bacteria_20210505/GCA_002607925.1_ASM260792v1_genomic.fna.gz
LAHJ01000016.1,0..40838,Repeat Spacer,38606..38680,,1,,,GTTTCAACACCCCTCCCAGCTAGAGGCGGGTTGAAAG ACTCAAGACGCGATGCCAAAAGGTATCAATTTAGATTA,ACTCAAGACGCGATGCCAAAAGGTATCAATTTAGATTA,,,,,,,,,,,,/stor/scratch/Wilke/contig/database/metagenomic_contig_database/NCBI_redownload/genbank_bacteria_20210505/GCA_002607925.1_ASM260792v1_genomic.fna.gz
LAHJ01000016.1,0..40838,Repeat Spacer,38681..38754,,1,,,GTTTCAACACCCCTCCCAGCTAGAGGCGGGTTGAAAG AATATACGTAGGCTTTCTGAACTCAATGATTTTATGC,AATATACGTAGGCTTTCTGAACTCAATGATTTTATGC,,,,,,,,,,,,/stor/scratch/Wilke/contig/database/metagenomic_contig_database/NCBI_redownload/genbank_bacteria_20210505/GCA_002607925.1_ASM260792v1_genomic.fna.gz
LAHJ01000016.1,0..40838,Repeat Spacer,38755..38831,,1,,,GTTTCAACACCCCTCCCAGCTAGAGGCGGGTTGAAAG AATTATTCATCTCGCTTCGGTCTTTATTGGATATTTACAA,AATTATTCATCTCGCTTCGGTCTTTATTGGATATTTACAA,,,,,,,,,,,,/stor/scratch/Wilke/contig/database/metagenomic_contig_database/NCBI_redownload/genbank_bacteria_20210505/GCA_002607925.1_ASM260792v1_genomic.fna.gz
LAHJ01000016.1,0..40838,Repeat Spacer,38832..38905,,1,,,GTTTCAACACCCCTCCCAGCTAGAGGCGGGTTGAAAG GATTCAACGACATTATATAAACGGGCAAATAATTATT,GATTCAACGACATTATATAAACGGGCAAATAATTATT,,,,,,,,,,,,/stor/scratch/Wilke/contig/database/metagenomic_contig_database/NCBI_redownload/genbank_bacteria_20210505/GCA_002607925.1_ASM260792v1_genomic.fna.gz
LAHJ01000016.1,0..40838,Repeat Spacer,38906..38978,,1,,,GTTTCAACACCCCTCCCAGCTAGAGGCGGGTTGAAAG TTATCAAAACTGCAACCGAAATAAACGCAATCACTA,TTATCAAAACTGCAACCGAAATAAACGCAATCACTA,,,,,,,,,,,,/stor/scratch/Wilke/contig/database/metagenomic_contig_database/NCBI_redownload/genbank_bacteria_20210505/GCA_002607925.1_ASM260792v1_genomic.fna.gz
LAHJ01000016.1,0..40838,Repeat Spacer,38979..39049,,1,,,GTTTCAACACCCCTCCCAGCTAGAGGCGGGTTGAAAG TAACATCTAAAGAGGATGTAGTTCCAGGGGCTGT,TAACATCTAAAGAGGATGTAGTTCCAGGGGCTGT,,,,,,,,,,,,/stor/scratch/Wilke/contig/database/metagenomic_contig_database/NCBI_redownload/genbank_bacteria_20210505/GCA_002607925.1_ASM260792v1_genomic.fna.gz
LAHJ01000016.1,0..40838,Repeat Spacer,39050..39122,,1,,,GTTTCAACACCCCTCCCAGCTAGAGGCGGGTTGAAAG CTGCTGGTTCTACCCTTGGTGGGTGGGGTGGTGCAA,CTGCTGGTTCTACCCTTGGTGGGTGGGGTGGTGCAA,,,,,,,,,,,,/stor/scratch/Wilke/contig/database/metagenomic_contig_database/NCBI_redownload/genbank_bacteria_20210505/GCA_002607925.1_ASM260792v1_genomic.fna.gz
LAHJ01000016.1,0..40838,Repeat Spacer,39123..39193,,1,,,GTTTCAACACCCCTCCCAGCTAGAGGCGGGTTGAAAG GTAGAACTCCGGGCTATGCAGCTGTACAAGCTGA,GTAGAACTCCGGGCTATGCAGCTGTACAAGCTGA,,,,,,,,,,,,/stor/scratch/Wilke/contig/database/metagenomic_contig_database/NCBI_redownload/genbank_bacteria_20210505/GCA_002607925.1_ASM260792v1_genomic.fna.gz
LAHJ01000016.1,0..40838,Repeat Spacer,39194..39265,,1,,,GTTTCAACACCCCTCCCAGCTAGAGGCGGGTTGAAAG CTGTGCTTACAAATCCATTGCCTGCTGGGGCTTCG,CTGTGCTTACAAATCCATTGCCTGCTGGGGCTTCG,,,,,,,,,,,,/stor/scratch/Wilke/contig/database/metagenomic_contig_database/NCBI_redownload/genbank_bacteria_20210505/GCA_002607925.1_ASM260792v1_genomic.fna.gz
LAHJ01000016.1,0..40838,Repeat Spacer,39266..39335,,1,,,GTTTCAACACCCCTCCCAGCTAGAGGCGGGTTGAAAG AACCAAGATGGAGATTCGTAAAAATTGAGGGGA,AACCAAGATGGAGATTCGTAAAAATTGAGGGGA,,,,,,,,,,,,/stor/scratch/Wilke/contig/database/metagenomic_contig_database/NCBI_redownload/genbank_bacteria_20210505/GCA_002607925.1_ASM260792v1_genomic.fna.gz
LAHJ01000016.1,0..40838,Repeat Spacer,39336..39410,,1,,,GTTTCAACACCCCTCCCAGCTAGAGGCGGGTTGAAAG AACAAGCAACCCAATTAGCATCCCTGGTCTTCCACTCA,AACAAGCAACCCAATTAGCATCCCTGGTCTTCCACTCA,,,,,,,,,,,,/stor/scratch/Wilke/contig/database/metagenomic_contig_database/NCBI_redownload/genbank_bacteria_20210505/GCA_002607925.1_ASM260792v1_genomic.fna.gz
LAHJ01000016.1,0..40838,Repeat Spacer,39411..39484,,1,,,GTTTCAACACCCCTCCCAGCTAGAGGCGGGTTGAAAG TTCAAAAATACTTAAAACCCAATGAATCAGAAGCCGC,TTCAAAAATACTTAAAACCCAATGAATCAGAAGCCGC,,,,,,,,,,,,/stor/scratch/Wilke/contig/database/metagenomic_contig_database/NCBI_redownload/genbank_bacteria_20210505/GCA_002607925.1_ASM260792v1_genomic.fna.gz
LAHJ01000016.1,0..40838,Repeat Spacer,39485..39558,,1,,,GTTTCAACACCCCTCCCAGCTAGAGGCGGGTTGAAAG GAAACCCTCAATTCACATGCCCCGCACGGTTAGTCGG,GAAACCCTCAATTCACATGCCCCGCACGGTTAGTCGG,,,,,,,,,,,,/stor/scratch/Wilke/contig/database/metagenomic_contig_database/NCBI_redownload/genbank_bacteria_20210505/GCA_002607925.1_ASM260792v1_genomic.fna.gz
LAHJ01000016.1,0..40838,Repeat Spacer,39559..39627,,1,,,GTTTCAACACCCCTCCCAGCTAGAGGCGAGTAAAGGA GGGACACACAAAAAACAAAAGCAATCAGAAGT,GGGACACACAAAAAACAAAAGCAATCAGAAGT,,,,,,,,,,,,/stor/scratch/Wilke/contig/database/metagenomic_contig_database/NCBI_redownload/genbank_bacteria_20210505/GCA_002607925.1_ASM260792v1_genomic.fna.gz
LAHJ01000016.1,0..40838,tniQ,15329..15838,lcl|15329|15838|2|1,1,UniRef50_K9WL29,4.85e-82,UniRef50_K9WL29 tniQ Uncharacterized protein n=57 Tax=Cyanobacteria TaxID=1117 RepID=K9WL29_9CYAN,MEVPKIQPWLFQIEPLDGESLSHFLGRFRRANDLTPTGLGKAAGLGGAIARWEKFRFNPPPSQQQLQGLVKVVGVDADRLAQMLPPAGVGMKLEPIRLCAACYVESPCHKIEWQFKVTQGCASHKITLLSECPNCGAKFKVPALWVDGWCQRCFLTFADMVKHQKSIEY,237,604,164,64.024,105,59,130,0,0,79.27,97,/stor/scratch/Wilke/contig/database/metagenomic_contig_database/NCBI_redownload/genbank_bacteria_20210505/GCA_002607925.1_ASM260792v1_genomic.fna.gz
LAHJ01000016.1,0..40838,tnsB,12801..14489,lcl|12801|14489|3|1,1,ASC70744.1,0.00e+00,ASC70744.1 tnsB Transposon Tn7 transposition protein TnsB [Halomicronema hongdechloris C2206 C2206],MLDDHPNGEQEPEINEIVTEISADDRHLLDLIQKLLEPCDRITYGQRQREVAAKLGKSVRTVRRLVKKWEEEGLAALQTTKRADKGKHRIDAEWQKFIINTYKEGNKGSRRITPQQVAIRVKAKAAELGEQKYPSYRTVYRVLQPIIEQQEQKASIRNRGWRGSQISLKTRDGEYIEVEYSNHVWQCDHTLADILLVDQHGELLGRPWLTTVLDTYSRCIMGINLGFATWNSQVVALALRHAILPKQYGPEYELHEEWGTYGQPKYFYTDGGSDFNSKHLKQIGVQLDFSCDLRDRPSEGGIVERPFGTFNTDFFSSLPGYTGSNVQERPEQAEKEACLTLRELERLLVRYIVDKYNQSIDARLGDQTRYQRWEAGLIAAPKLISEEELCICLMKQTRRSIYRGGYLQFENLTYRGENLAGYAGESVVLRYDPRDITSILVYRQKDQKEEFLARASAQDLETEQLSLDEAKAMSRKLRQVGKTISNSSFLAEVRDRDIFVKEKLTKQERRKQENTQFQKAKKILPVKPEKEIEIELASIESLPEPEMPEVFDYEQMHEDYGW,613,1580,435,64.138,279,156,358,0,0,82.30,77,/stor/scratch/Wilke/contig/database/metagenomic_contig_database/NCBI_redownload/genbank_bacteria_20210505/GCA_002607925.1_ASM260792v1_genomic.fna.gz
LAHJ01000016.1,0..40838,tnsC,14493..15329,lcl|14493|15329|3|1,1,WP_078276946.1,1.61e-17,WP_078276946.1 tnsB DDE-type integrase/transposase/recombinase [Moraxella caviae],MTSQQGQEVAQQLGDIPKNDAKLQAEIQRLNRKSFVPLEQVQILHDWLEGKRQARQCCRIVGESRTGKTMACNAYRLRHKPIQQPGKPPIVPVAYILVPPECSSKDLFTLIIEHLKYQMTKGTVAEIRERTRRVLKGCGVETLIIDEADRLKPNTFKDVRDIGEELEISVVLVGTDRLDAVIKRDEQVYNRFRACHRFGKFSGEEFKRTVEIWEKKVLQLPVASNLSSKTMLKTLGEATGGYIGLLDMILREAAIRALKKGLQKVDLATLKEVAAEYK,77.8,190,242,29.339,71,158,110,6,13,45.45,83,/stor/scratch/Wilke/contig/database/metagenomic_contig_database/NCBI_redownload/genbank_bacteria_20210505/GCA_002607925.1_ASM260792v1_genomic.fna.gz
