ENA|OOQZ01000010|OOQZ01000010.1,4918..55247,tr|A0A292S2C4|A0A292S2C4_9BACT Uncharacterized protein OS=Candidatus Gastranaerophilales bacterium HUM_19 OX=1916219 GN=CPT98_10330 PE=4 SV=1,9354..9578,lcl|9354|9578|3|1,1,tr|A0A292S2C4|A0A292S2C4_9BACT,5.46e-46,tr|A0A292S2C4|A0A292S2C4_9BACT Uncharacterized protein OS=Candidatus Gastranaerophilales bacterium HUM_19 OX=1916219 GN=CPT98_10330 PE=4 SV=1,MTMNIGGGYPMMMCGMGMNTGGNVPQYFQAKYGCEDCFRKEPYWQEYPKPVSPEPKGALKPSFFRRFLNNVLGG,150,378,74,98.649,73,1,73,0,0,98.65,100,/stor/scratch/Wilke/contig/database/metagenomic_contig_database/EMBL_EBI/EBI/oo/OOQZ01.fasta.gz
ENA|OOQZ01000010|OOQZ01000010.1,4918..55247,tr|A0A292S2C3|A0A292S2C3_9BACT UPF0234 protein CPT98_10335 OS=Candidatus Gastranaerophilales bacterium HUM_19 OX=1916219 GN=CPT98_10335 PE=3 SV=1,9633..10133,lcl|9633|10133|3|1,1,tr|A0A292S2C3|A0A292S2C3_9BACT,4.69e-114,tr|A0A292S2C3|A0A292S2C3_9BACT UPF0234 protein CPT98_10335 OS=Candidatus Gastranaerophilales bacterium HUM_19 OX=1916219 GN=CPT98_10335 PE=3 SV=1,MAKDCSFDVVSEFDKQELVNAVDQVKRDLTSRFDLKNSNSSIDLEADKAITITTNDDMKLRNIYDILQSKLVKRGISIKILDAQPVENALGGNVRQVFNLRKGLTQELAKKIVSDIKDSKLKVQASIQGEQVRVSGKNKDDLQEVIQLLRKNEEKYDAPLQFTNYR,329,844,166,100.000,166,0,166,0,0,100.00,100,/stor/scratch/Wilke/contig/database/metagenomic_contig_database/EMBL_EBI/EBI/oo/OOQZ01.fasta.gz
ENA|OOQZ01000010|OOQZ01000010.1,4918..55247,tr|A0A292RRU8|A0A292RRU8_9BACT Magnesium transporter MgtE OS=Candidatus Gastranaerophilales bacterium HUM_11 OX=1916216 GN=mgtE PE=3 SV=1,10226..11605,lcl|10226|11605|2|1,1,tr|A0A292RRU8|A0A292RRU8_9BACT,0.0,tr|A0A292RRU8|A0A292RRU8_9BACT Magnesium transporter MgtE OS=Candidatus Gastranaerophilales bacterium HUM_11 OX=1916216 GN=mgtE PE=3 SV=1,MPNNENTIDRIQELIDTGTETQLSEELNSYHSADLADIIQQLKPEERLKCFPIIDEEKAADVIEYLPPQLQVEILGDIDTDLASRLISKLPHDEAADVLGDMEEDESQAYLEQLPKKFSSEVRELLTYNEDTAGGIMTPLVLTVYDNMTVKEALDTIRIKAEKENMELYYAYVVDKHNHLVGVVSLRNLITAPVDLNISDLMSKDLVKVHVDDYQGHIADIFMKYQFNALPVVDLYDHLKGIVTWDDVQDIVEEETTDEIFTSSGIVTDLGDDDDDILTGSLAHSIKARIPWLFITLIGEFIAVTVTNRFDKSFTALPIIAAFMPLLAGLGGNIGTQSITLMVRGMSTGQISLSSGWHQIMRETITGLSIGAIFGVLVTLVTWGWQHNLELGLIVGIAMSLNMTIATMIGTCTPLILKKLHIDPAVASGPVIATTIDVIGLAIYLTLVTWYLIGVSTGG,927,2397,459,100.000,459,0,459,0,0,100.00,100,/stor/scratch/Wilke/contig/database/metagenomic_contig_database/EMBL_EBI/EBI/oo/OOQZ01.fasta.gz
ENA|OOQZ01000010|OOQZ01000010.1,4918..55247,tr|A0A292S870|A0A292S870_9BACT TIGR01212 family radical SAM protein OS=Candidatus Gastranaerophilales bacterium HUM_18 OX=1916231 GN=CPU00_02030 PE=4 SV=1,11607..12524,lcl|11607|12524|3|1,1,tr|A0A292S870|A0A292S870_9BACT,0.0,tr|A0A292S870|A0A292S870_9BACT TIGR01212 family radical SAM protein OS=Candidatus Gastranaerophilales bacterium HUM_18 OX=1916231 GN=CPU00_02030 PE=4 SV=1,MRNPKRYNQFSHYLKEKFGAKVYKITIDAGFSCPNRDGTISNCGCIFCDDGGSFSQAHSNRLSIEEQVKIGAETLKNRFKAEKFMSYFQAFSNTYKPVGELEKIYKASLTHPDIVGLSIGTRPDCIDNDKLKLISSFTQDYYTWIEYGLQSVHDKTLLKINRGHDYKCFLKAYEKTKEAGINICLHIILNLFETYDEMMQTAKTIAKLEPEGVKIHMLCALEGTKITEMYKNGELNFMSEDEYVNTVCDFLEYLPPQTTIHRLAGNGLRTELVAPRWIGKKLDCLNKIDREFERRNSGQGAKFEL,637,1644,305,100.000,305,0,305,0,0,100.00,100,/stor/scratch/Wilke/contig/database/metagenomic_contig_database/EMBL_EBI/EBI/oo/OOQZ01.fasta.gz
ENA|OOQZ01000010|OOQZ01000010.1,4918..55247,tr|R5SE60|R5SE60_9GAMM SsrA-binding protein OS=Acinetobacter sp. CAG:196 OX=1262690 GN=smpB PE=3 SV=1,12532..12978,lcl|12532|12978|1|1,1,tr|R5SE60|R5SE60_9GAMM,5.79e-101,tr|R5SE60|R5SE60_9GAMM SsrA-binding protein OS=Acinetobacter sp. CAG:196 OX=1262690 GN=smpB PE=3 SV=1,MDKKVISTNRKAFHDFLIFDKFIAGIVLTGTEIKSIRKGMLNLKDSFAKIEDGEAFLYGMHISPYEQGNRFNHKPDRVRKLLLQKREILKISDKVKKDGVTIIPLELFLTHGFAKIELGLAKGKKLYDKREAIAKKDQQRDIARHIKR,295,756,148,99.324,147,1,148,0,0,100.00,100,/stor/scratch/Wilke/contig/database/metagenomic_contig_database/EMBL_EBI/EBI/oo/OOQZ01.fasta.gz
ENA|OOQZ01000010|OOQZ01000010.1,4918..55247,tr|A0A292RZJ7|A0A292RZJ7_9BACT Uncharacterized protein OS=Candidatus Gastranaerophilales bacterium HUM_17 OX=1916220 GN=CPT97_09365 PE=4 SV=1,12989..13618,lcl|12989|13618|2|1,1,tr|A0A292RZJ7|A0A292RZJ7_9BACT,3.58e-150,tr|A0A292RZJ7|A0A292RZJ7_9BACT Uncharacterized protein OS=Candidatus Gastranaerophilales bacterium HUM_17 OX=1916220 GN=CPT97_09365 PE=4 SV=1,MFNRETILKNLNTENYYIDNHSLDLFLEDWKIESIYEDEDGLEFYDDLALEKIKKGISLKAQGYSDEQIIAKLSRMEAKIEKNEEPAKPVQPLIVSDLLEENTAASTDVAVKEETQTEIIPQGKSFTLDVSSQTLQMLAEAVAKKISDDITNSDMATRLIEAGGYKRDNEILAKQVHELLEHNKELSKRIEQLESHESKNFWSRFWGKH,424,1090,209,100.000,209,0,209,0,0,100.00,100,/stor/scratch/Wilke/contig/database/metagenomic_contig_database/EMBL_EBI/EBI/oo/OOQZ01.fasta.gz
ENA|OOQZ01000010|OOQZ01000010.1,4918..55247,tr|A0A292RSV2|A0A292RSV2_9BACT Uncharacterized protein OS=Candidatus Gastranaerophilales bacterium HUM_10 OX=1916229 GN=CPT96_01625 PE=4 SV=1,13768..14115,lcl|13768|14115|1|1,1,tr|A0A292RSV2|A0A292RSV2_9BACT,1.95e-79,tr|A0A292RSV2|A0A292RSV2_9BACT Uncharacterized protein OS=Candidatus Gastranaerophilales bacterium HUM_10 OX=1916229 GN=CPT96_01625 PE=4 SV=1,MQGFASLDNTLKLEVQKNIKTIQRGGKCPFLIDKKCSIYAYRPIICRVHGLAYLCRQNTVKVPYCVNEGKNYSTVYNSGEITINPIAENLDTPNVLKEFKYGEIRNLFDWVNKYY,239,609,115,100.000,115,0,115,0,0,100.00,100,/stor/scratch/Wilke/contig/database/metagenomic_contig_database/EMBL_EBI/EBI/oo/OOQZ01.fasta.gz
ENA|OOQZ01000010|OOQZ01000010.1,4918..55247,tr|A0A292R4B4|A0A292R4B4_9BACT Glutamate synthase OS=Candidatus Gastranaerophilales bacterium HUM_3 OX=1916217 GN=CPT90_00950 PE=4 SV=1,15155..14112,lcl|15155|14112|2|-1,-1,tr|A0A292R4B4|A0A292R4B4_9BACT,0.0,tr|A0A292R4B4|A0A292R4B4_9BACT Glutamate synthase OS=Candidatus Gastranaerophilales bacterium HUM_3 OX=1916217 GN=CPT90_00950 PE=4 SV=1,MACKIETLKDNKRMSTQELLQTINEKIQEGVTEFEIEACGQHDIGGSSWSKDGKPLTFYIKNPGQRVGAMGTDAATIVVEGSAPADIGWLNAGAKIIVKGDGGDTAAHCAAGGKIYVGGRVGTRSGALMKHDPKFEPPEFWVLKNTGSFSFEFMGGGIAVICGYDCENLESVLGNRSCVGMVGGTVYVRGKVEGLAKCVEQKKLDKFDKDFLKSGMSEFLDSIGKPELADELLDFSSWTKIIPLPKEQKEKKITVKEFKEQEWFKDGLFGDLVEDNGEVFELAQTGEARLRKPLWDKDLCVGCNLCLNNCPQNAISETIKIYSCDDSMCIGCGICAAVCPRKAWKMS,706,1823,347,99.712,346,1,346,0,0,99.71,100,/stor/scratch/Wilke/contig/database/metagenomic_contig_database/EMBL_EBI/EBI/oo/OOQZ01.fasta.gz
ENA|OOQZ01000010|OOQZ01000010.1,4918..55247,tr|A0A292SC74|A0A292SC74_9BACT Glutamate synthase (NADPH) OS=Candidatus Gastranaerophilales bacterium HUM_19 OX=1916219 GN=CPT98_03825 PE=3 SV=1,16799..15171,lcl|16799|15171|2|-1,-1,tr|A0A292SC74|A0A292SC74_9BACT,0.0,tr|A0A292SC74|A0A292SC74_9BACT Glutamate synthase (NADPH) OS=Candidatus Gastranaerophilales bacterium HUM_19 OX=1916219 GN=CPT98_03825 PE=3 SV=1,MAAVKINELHKSDLPWIVEYDESKCIQCGKCTAVCSFNAISPAVEFRKLSNSITQKGKKEKVLVIKQNVSLENYCRGCGMCTNVCPNGAIKLIRNKDDKYSVAYRANKADSFKKGGRSNLNTEGRTLDKIKVGRISQMTDPSLDAQRHTFELKTPFGRVLKADKLNFDVKDGNIIETKQLPPNRWIYPIIFGDMSIGAVSWRMWEAMAIATAYLNEVMGIPIRMCTGEGGIPTKLLKSRYVKYMILQIASGHFGWNRIIKSMPEMTEDPAGILIKIGQGAKPGDGGLLLASKVARYVQEIRGVPKADLLSPPTHQGLYSIEESVQKMFLSMNAAFNFQVPVAIKVAASVTSVSVYNNLLRDPYNIVGGFFLDGLAAGTGAAHEISLNHTGHPITSKLRDCYLAAVHQGRQGEIPLFAGGGLGQTGSFAADAFKLICLGANGVFTGRMLMEIAGCVGSDTGRCNACNTGLCPAGIAAQNECLVKRLDVDKVAQNLVNYILATDIELKKLMAPVGCSTLPVGRSDALITVDKHISNRLDIQYSC,1123,2904,542,100.000,542,0,542,0,0,100.00,100,/stor/scratch/Wilke/contig/database/metagenomic_contig_database/EMBL_EBI/EBI/oo/OOQZ01.fasta.gz
ENA|OOQZ01000010|OOQZ01000010.1,4918..55247,tr|R5SE56|R5SE56_9GAMM Glutamine amidotransferase type-2 domain-containing protein OS=Acinetobacter sp. CAG:196 OX=1262690 GN=BN527_01526 PE=4 SV=1,17893..16787,lcl|17893|16787|3|-1,-1,tr|R5SE56|R5SE56_9GAMM,0.0,tr|R5SE56|R5SE56_9GAMM Glutamine amidotransferase type-2 domain-containing protein OS=Acinetobacter sp. CAG:196 OX=1262690 GN=BN527_01526 PE=4 SV=1,MCRIGAIKSKKKLHPSIALKLMRSQQEGHDDSGFAFVMQDMGGHFENYKDLPLLSMAATVEGTRLAEDILREIGFTRVMQWSPDINNKKGLKIEAMPNYIFEVLQYPKSYKHAAKDEKEELLIDTAIKLRKTLEETNSGYIYSFWPDTLTLKEIGSPRDIGTYFNLWEENNDLTSSIITAQCRQNTNYDIVRYAAHPFFLEGYTGLVNGENTFYEKNKSYQQSLYKGYLGFESDSQCLLYTLHYIHKRLKWPLKYFKHTITPLGYDEILKRPDSEILLRIKASLAHLEINGPNTLLAVTPEKELLCVCDSKKLRPIVVGRNQDTVIMTSEVVGINDLMPDRNIEDDIYPNEHETIVVRDDLTVERWQQ,768,1983,368,100.000,368,0,368,0,0,100.00,100,/stor/scratch/Wilke/contig/database/metagenomic_contig_database/EMBL_EBI/EBI/oo/OOQZ01.fasta.gz
ENA|OOQZ01000010|OOQZ01000010.1,4918..55247,tr|A0A292SCN5|A0A292SCN5_9BACT PilZ domain-containing protein OS=Candidatus Gastranaerophilales bacterium HUM_19 OX=1916219 GN=CPT98_03835 PE=4 SV=1,17968..18648,lcl|17968|18648|1|1,1,tr|A0A292SCN5|A0A292SCN5_9BACT,3.46e-166,tr|A0A292SCN5|A0A292SCN5_9BACT PilZ domain-containing protein OS=Candidatus Gastranaerophilales bacterium HUM_19 OX=1916219 GN=CPT98_03835 PE=4 SV=1,MFLQEDENMQENILRDSLVTHIFLSYMEAGKKQVVRVKLRFIDTRQAYFSAPPPINFVKPKRKTPAEIKVFTVDGVYKTDIFINDTQVNLTEVLFEVSVPKLWEYVQQRSSSRNRVSLPVKIKYNDGFEIETATFDIALGGIAFYSRDAISSIYKKLPAVLTMELPKSMWIKNPDCKIVVETCFVRERIEEEDEEHFHQFLYSYKFVNLPKDAENTLRELLLQITD,466,1199,226,100.000,226,0,226,0,0,100.00,100,/stor/scratch/Wilke/contig/database/metagenomic_contig_database/EMBL_EBI/EBI/oo/OOQZ01.fasta.gz
ENA|OOQZ01000010|OOQZ01000010.1,4918..55247,tr|A0A292SC83|A0A292SC83_9BACT Uncharacterized protein OS=Candidatus Gastranaerophilales bacterium HUM_19 OX=1916219 GN=CPT98_03840 PE=4 SV=1,18712..18963,lcl|18712|18963|1|1,1,tr|A0A292SC83|A0A292SC83_9BACT,6.44e-53,tr|A0A292SC83|A0A292SC83_9BACT Uncharacterized protein OS=Candidatus Gastranaerophilales bacterium HUM_19 OX=1916219 GN=CPT98_03840 PE=4 SV=1,MKLINRLKIFEQKYVFLRWATGAEYGKITYVGEDYVEFNIIDVDTMEYRETVIINSSLILEAIFGGPDIARIVAEISSMLPDS,168,426,83,100.000,83,0,83,0,0,100.00,100,/stor/scratch/Wilke/contig/database/metagenomic_contig_database/EMBL_EBI/EBI/oo/OOQZ01.fasta.gz
ENA|OOQZ01000010|OOQZ01000010.1,4918..55247,tr|R5SCL8|R5SCL8_9GAMM Flagellin OS=Acinetobacter sp. CAG:196 OX=1262690 GN=BN527_01523 PE=3 SV=1,21580..18971,lcl|21580|18971|3|-1,-1,tr|R5SCL8|R5SCL8_9GAMM,0.0,tr|R5SCL8|R5SCL8_9GAMM Flagellin OS=Acinetobacter sp. CAG:196 OX=1262690 GN=BN527_01523 PE=3 SV=1,MINLNTNLGAMIVFSNLKVSTNGLNTAIERMTSGYKINRAGDNAANFSINTKLSTQIGAYSVAEENAMMGLDMLSTASSALDQMSNLASRLRCLAAQAQNGTYGTQSLSAVKSEANALVAEIKSIFGKTEYNGIKLLNSLSEKLIEDEPITQTPPAGIVPNPSYNGFIENPQDYSDAEVAAMTALSGVSSSTRIRDGQYSITTLEEFEQFAEMSRAAKIQGGEFVLGADIDLSSYSAGEGFIPIAAGINSSADFKCEFNGNGHTISNLYINRPDTDNVGLFSIMCDVKNLCLTNVDVIGGKYTGALMGYTFSNSQEISNCYIASGSVKGTTCVGGLGGRFSGINGILNCYSDAEVSGETKAGGLLGETYLPNGSVINSFSHGNVTASSDYAGGLIGYTERVSLENCYAEGNITGKRFVGGVVGKAMEVIAVNCFAKGKVTGTSSVGGFAGSAGGSSSGNIIENCYAYGEVIGEESVGGFAGLTSGSTNGNGLILKACYALGNVTATQQVGGLVGFFSFHNSVYNCSATGTVKGNSCVGGLIGDGYAMKEIKNCYSTGDVIAKGDFVGGIIGRTSNSNATDITGCYSTGNISGVEKVGGVMGFCDAILSLSDCYSTGNISGQKDVGGVVGYLSWMRGPMTGCSSQGRVSGDTNIGGLVGQISSFQDLSIDNCISSAEVSGNNSAGSFIGRIEELKTISVTNCKTAALDLDTIGSTSSSISNEVLQNMLNGIEVVEVERVDPSKIKITLQVGINSDANSKLTFNTSFSAEVIDALLDIDILNTSALEVLDFFINEVNQKQVEYGAVENRLQSALEQISVSYDNLVSTQSTIRDADIAEESSSYIRNQILQQAASTLMATANQTPAIALQLL,1725,4468,869,99.540,865,3,868,1,1,99.88,100,/stor/scratch/Wilke/contig/database/metagenomic_contig_database/EMBL_EBI/EBI/oo/OOQZ01.fasta.gz
ENA|OOQZ01000010|OOQZ01000010.1,4918..55247,tr|A0A292S2F7|A0A292S2F7_9BACT Magnesium chelatase OS=Candidatus Gastranaerophilales bacterium HUM_18 OX=1916231 GN=CPU00_07690 PE=3 SV=1,21814..23331,lcl|21814|23331|1|1,1,tr|A0A292S2F7|A0A292S2F7_9BACT,0.0,tr|A0A292S2F7|A0A292S2F7_9BACT Magnesium chelatase OS=Candidatus Gastranaerophilales bacterium HUM_18 OX=1916231 GN=CPU00_07690 PE=3 SV=1,MVTKALTAAAIGINSCKIEVEVDVTNSLPGMSIVGLPDNAVSEARERVHSAIKNSGYTFPTGKVIVNLAPADIRKEGTNYDLPIAVGILKEQGIDIPDDNNTAFLGELSLDGNLRKVNGILPLVSGLKENGITTVFVPEENAREAALVKDMVILGVKHLADIAGHYTENPLKPTVIDINEYLARNANTDFSYDFKDVKGQVKAKKALEIAAAGGHNILMSGSPGSGKTLMAKCLASILPPLELKEALELTKIYSISGLLSPDEPLMTKRPHRSVHHTASSNSIIGGGSNPKPGEITLAHRGVLFLDEMVEFPRHVLEVLRQPLEDGEVVVSRTRNSIKYPAKFMLVGAMNPCPCGYLGDREKQCICSEYQLQRYRSKLSGPLLDRIDLIINVPRLTTDELINTSSEAEPSAKIRERVIRARKLQAERYRNDGILTNSELNARLIKKYCILDGKTAEFLKTASQKFHLSGRRYSRILKLARTIADLGGKENITLEDVTQALQYREG,1026,2654,505,99.802,504,1,505,0,0,100.00,100,/stor/scratch/Wilke/contig/database/metagenomic_contig_database/EMBL_EBI/EBI/oo/OOQZ01.fasta.gz
ENA|OOQZ01000010|OOQZ01000010.1,4918..55247,tr|A0A292RS04|A0A292RS04_9BACT PlsC domain-containing protein OS=Candidatus Gastranaerophilales bacterium HUM_11 OX=1916216 GN=CPT89_05340 PE=4 SV=1,23416..24246,lcl|23416|24246|1|1,1,tr|A0A292RS04|A0A292RS04_9BACT,0.0,tr|A0A292RS04|A0A292RS04_9BACT PlsC domain-containing protein OS=Candidatus Gastranaerophilales bacterium HUM_11 OX=1916216 GN=CPT89_05340 PE=4 SV=1,MIDCMINLEDLYSEVPPTKLRNIDEKFRPAQTSPFWLWVADRFFYGMLENRFYAFRYKGYEKFYNRDMDAPIILFAPHSNWWDGIVGYNICHRIFKKEIRLMVEELNRFPLLRRGGAYNVNKKSPQASMQAIKYTVDALGDRNNIIYNFPQGIIKPPNFRPIEFQTGLTYIAEKAAKRYGKVYLMPVAVNYMFLRDNRPEVLVEFGALIELNDDKPDRKKYTEFLAKTLEALCDKQFYDISQGHFKGYDTLFQRKLKWYRRIEQRLKKIEVKGSGV,572,1473,276,100.000,276,0,276,0,0,100.00,100,/stor/scratch/Wilke/contig/database/metagenomic_contig_database/EMBL_EBI/EBI/oo/OOQZ01.fasta.gz
ENA|OOQZ01000010|OOQZ01000010.1,4918..55247,tr|A0A292RR75|A0A292RR75_9BACT TPR_REGION domain-containing protein OS=Candidatus Gastranaerophilales bacterium HUM_11 OX=1916216 GN=CPT89_05345 PE=4 SV=1,25856..24276,lcl|25856|24276|2|-1,-1,tr|A0A292RR75|A0A292RR75_9BACT,0.0,tr|A0A292RR75|A0A292RR75_9BACT TPR_REGION domain-containing protein OS=Candidatus Gastranaerophilales bacterium HUM_11 OX=1916216 GN=CPT89_05345 PE=4 SV=1,MINIEIIKQAITYTQNGKISEAKAIYDGLLAENPDDVNLLSVYGLFYVNIGNYDKACEILRKACGIKESFGTVSALGFAEYERGNFKEAADILEKAVSYGENPDIYNKLVMSLFEIRNYKKAVEFADKMYEKYPDDVRAIANKVKALTQSGKLIEAEKLCVEELRKRPDAATLWFHLGFLKELIYCDDRQAKECYKAAAELGNPEADYNIAVSCQKLGQFDDAVEHYKKMLKNFPNDINTITSLGMCYLTQKNFYKGYEYFFKRDKSKFSNLSKNFWKPGDKLEDEINVICDQGYGDHIMFSRYLNYLGNRKINVGTRTALQELFQNNFKGINFIAHEDLNPELQAVFITDLPYILNMDFNNIPLAEGYLSALPAEVDSKKLKVGFCWEAGSAGIRTMINRTINVKFFEKMFNLANIQVYSFQVDDTLKGNERYPQMINLAKDFKSFSDTASALKAMDVVVTVDTSVAHLAGALGVKTYLLLPYASDWRWFGDTKTTPWYKSVEIFKQQDMISWECEIDEVISRLT,1087,2811,526,100.000,526,0,526,0,0,100.00,100,/stor/scratch/Wilke/contig/database/metagenomic_contig_database/EMBL_EBI/EBI/oo/OOQZ01.fasta.gz
ENA|OOQZ01000010|OOQZ01000010.1,4918..55247,tr|A0A292RRE0|A0A292RRE0_9BACT YggT family protein OS=Candidatus Gastranaerophilales bacterium HUM_11 OX=1916216 GN=CPT89_05350 PE=3 SV=1,26119..25853,lcl|26119|25853|3|-1,-1,tr|A0A292RRE0|A0A292RRE0_9BACT,3.63e-53,tr|A0A292RRE0|A0A292RRE0_9BACT YggT family protein OS=Candidatus Gastranaerophilales bacterium HUM_11 OX=1916216 GN=CPT89_05350 PE=3 SV=1,MISRTVSLLFYFYYLLIIIRIFLSWIPNIDWLSQPFAALRCITDPFLNIFRGIIPPIGGMLDISPIVAIILLQILQGFVVGTLSKLGL,169,428,88,100.000,88,0,88,0,0,100.00,100,/stor/scratch/Wilke/contig/database/metagenomic_contig_database/EMBL_EBI/EBI/oo/OOQZ01.fasta.gz
ENA|OOQZ01000010|OOQZ01000010.1,4918..55247,tr|R5SCL2|R5SCL2_9GAMM Purine nucleoside phosphorylase OS=Acinetobacter sp. CAG:196 OX=1262690 GN=BN527_01518 PE=3 SV=1,26932..26132,lcl|26932|26132|3|-1,-1,tr|R5SCL2|R5SCL2_9GAMM,0.0,tr|R5SCL2|R5SCL2_9GAMM Purine nucleoside phosphorylase OS=Acinetobacter sp. CAG:196 OX=1262690 GN=BN527_01518 PE=3 SV=1,MMEKLADIGVFGGSGFYKFLEDIKEVKIETPYGMPSDSLFIGKIGAHKVAFMPRHGRSHTILPHLINYRANVWAMKEVGCKRVISPCAAGSLQKHVAPGHFVICDQFVDWTDGRKTTFFEGPIVTHPSAAETYCPELRKLAIDTAKELGITVHETGTVVVINGPRFSTKAESKFFTSQGWEVINMTAFPEAYLVKEMDMCPLNISLITDYDAGLVGDVPPVSHHEVIQVFNNNLDNLKKLLFTMIEKIPAENSNCECASTRRNSQL,557,1436,266,100.000,266,0,266,0,0,100.00,100,/stor/scratch/Wilke/contig/database/metagenomic_contig_database/EMBL_EBI/EBI/oo/OOQZ01.fasta.gz
ENA|OOQZ01000010|OOQZ01000010.1,4918..55247,tr|R5SKJ8|R5SKJ8_9GAMM ATP-grasp domain-containing protein OS=Acinetobacter sp. CAG:196 OX=1262690 GN=BN527_01517 PE=4 SV=1,26967..29231,lcl|26967|29231|3|1,1,tr|R5SKJ8|R5SKJ8_9GAMM,0.0,tr|R5SKJ8|R5SKJ8_9GAMM ATP-grasp domain-containing protein OS=Acinetobacter sp. CAG:196 OX=1262690 GN=BN527_01517 PE=4 SV=1,MNNILTKLYNLLPPQIFLYYNFHVVLQKKGRELMTILDKIMKPKSIAVVGASTKEHTIGSDIMKRLQEYNFNGKIYPVNPKGGIIEGLQAYTSVLEIPGEVDLAIIVVNAKFVLSTIDQCHEKGIKGLCIITAGFKETGAEGAEAEKQLLAKVREYGMRCVGPNCLGVVNTHPDIRMDGCFAESLPERGNIGFVSQSGALGGGILNILKDLNLGFAQFISIGNQADVNAETALEYWENEADVEQILLYMESIQNPANFRKLASRISRKKPILALKAGRSAAGASAASSHTGSLAGADKAANALLAQSGVIREYSLKDLFATAKVFANCPIPKGNRVAIITNSGGPGIMATDAVCEHGMQMAKISDATKEKLRSFLPSAASVKNPIDMIASAPIEHYQQTLETVIADENVDMIITIYLPFLGLKDIDVAKALMEIKAKNPQKPVIGVFMTKSEFFNKISDMDVNMPFFMYAEEAADGLNRLNQQRLWMERPEGKIPSFDVDYKKAQEIIAKSVNEGRDQLTTRESIDVLDAYGIRVCKSGFAKSEDEAVTIADSIGYPVVMKMTSKTTSHKTDVGGVRVNIQSAEQLRAEYQDLISKLEEKGLLEGLEGVIIQEMVKGNREMVCGIATDPQYGPMMMFGLGGVFIEVMKDVTFRIAPLTDIDAKEMIKSVKAYKLLEGARGTTPAQMEQIEETLLRLSQLVHDFKFIDELDINPLLISEKTGEGIAVDGRIKVRMSEAQEALNYHCKDGVCACRV,1481,3835,721,100.000,721,0,721,0,0,100.00,96,/stor/scratch/Wilke/contig/database/metagenomic_contig_database/EMBL_EBI/EBI/oo/OOQZ01.fasta.gz
ENA|OOQZ01000010|OOQZ01000010.1,4918..55247,tr|A0A292RRV8|A0A292RRV8_9BACT EF-hand domain-containing protein OS=Candidatus Gastranaerophilales bacterium HUM_11 OX=1916216 GN=CPT89_05365 PE=4 SV=1,29713..29315,lcl|29713|29315|3|-1,-1,tr|A0A292RRV8|A0A292RRV8_9BACT,1.38e-92,tr|A0A292RRV8|A0A292RRV8_9BACT EF-hand domain-containing protein OS=Candidatus Gastranaerophilales bacterium HUM_11 OX=1916216 GN=CPT89_05365 PE=4 SV=1,MTNPQVPNSVSTSNGTYYVGMTKAQAEKQKIYSCFIGVDFKDLDTDKNGTLDQKEILQGIKKQAGRDKWQSGISSTLLCGAGLLLYPLGIFSAGTSVVAGTALVTAGCLETGNYDAALKREEEAQKHLDMLQ,272,696,132,100.000,132,0,132,0,0,100.00,100,/stor/scratch/Wilke/contig/database/metagenomic_contig_database/EMBL_EBI/EBI/oo/OOQZ01.fasta.gz
ENA|OOQZ01000010|OOQZ01000010.1,4918..55247,tr|A0A292RR69|A0A292RR69_9BACT XRE family transcriptional regulator OS=Candidatus Gastranaerophilales bacterium HUM_11 OX=1916216 GN=CPT89_05370 PE=4 SV=1,29918..30247,lcl|29918|30247|2|1,1,tr|A0A292RR69|A0A292RR69_9BACT,4.13e-70,tr|A0A292RR69|A0A292RR69_9BACT XRE family transcriptional regulator OS=Candidatus Gastranaerophilales bacterium HUM_11 OX=1916216 GN=CPT89_05370 PE=4 SV=1,MKLKKLLGERIKRLRKSRNLTQEQLAEMIEIAPRNLSRIEVGESFVTAETLEKLLFALNVTAEELFAYEHIREAKDLLAEIYTYLDTIKTNKSQLEKVYRAIKFVRENE,214,544,109,100.000,109,0,109,0,0,100.00,100,/stor/scratch/Wilke/contig/database/metagenomic_contig_database/EMBL_EBI/EBI/oo/OOQZ01.fasta.gz
ENA|OOQZ01000010|OOQZ01000010.1,4918..55247,tr|R5SXN4|R5SXN4_9GAMM Uncharacterized protein OS=Acinetobacter sp. CAG:196 OX=1262690 GN=BN527_01514 PE=4 SV=1,30311..30730,lcl|30311|30730|2|1,1,tr|R5SXN4|R5SXN4_9GAMM,2.17e-91,tr|R5SXN4|R5SXN4_9GAMM Uncharacterized protein OS=Acinetobacter sp. CAG:196 OX=1262690 GN=BN527_01514 PE=4 SV=1,MDNKKVWLTVILAGILAIAAAALLFFRMPDKKEIIPAEEQQNVVETQEISTEKILPEGKPEQPAPKTPAVKKVSQKKVQTSKPTETKVKPAVVTPEIIKETPVTEIKSEEQKKDEQGIIVPVEYKSKNSFKYVYTPNRF,270,690,139,100.000,139,0,139,0,0,100.00,100,/stor/scratch/Wilke/contig/database/metagenomic_contig_database/EMBL_EBI/EBI/oo/OOQZ01.fasta.gz
ENA|OOQZ01000010|OOQZ01000010.1,4918..55247,tr|A0A292S2J2|A0A292S2J2_9BACT Uncharacterized protein OS=Candidatus Gastranaerophilales bacterium HUM_18 OX=1916231 GN=CPU00_07645 PE=4 SV=1,30733..31401,lcl|30733|31401|1|1,1,tr|A0A292S2J2|A0A292S2J2_9BACT,2.42e-162,tr|A0A292S2J2|A0A292S2J2_9BACT Uncharacterized protein OS=Candidatus Gastranaerophilales bacterium HUM_18 OX=1916231 GN=CPU00_07645 PE=4 SV=1,MKYQGYAFKNRKVDFYKLENFGFENKHGYYTYKTELQKGKFELCLTISEAGELDYKIIETSTDEEYEPAYIKNAEGKFVGEIRQEAEDVISLIAARCTEFTPFSSDYTYKVIDYIKEKYSDEPEYLWEKFPDNAIFRNKKNQKWYAAILTVQKSKVGLQEDGTCEVIDLKGKPEKITSIVDGIKFLPGYHMNKKHWYTIRLDGSVNLDEIFKHIDSSYNAVN,456,1173,222,100.000,222,0,222,0,0,100.00,100,/stor/scratch/Wilke/contig/database/metagenomic_contig_database/EMBL_EBI/EBI/oo/OOQZ01.fasta.gz
ENA|OOQZ01000010|OOQZ01000010.1,4918..55247,tr|A0A292S2E7|A0A292S2E7_9BACT Insulinase family protein OS=Candidatus Gastranaerophilales bacterium HUM_18 OX=1916231 GN=CPU00_07640 PE=3 SV=1,31463..34036,lcl|31463|34036|2|1,1,tr|A0A292S2E7|A0A292S2E7_9BACT,0.0,tr|A0A292S2E7|A0A292S2E7_9BACT Insulinase family protein OS=Candidatus Gastranaerophilales bacterium HUM_18 OX=1916231 GN=CPU00_07640 PE=3 SV=1,MVRRILILLCLLVFSISVYAGEYTVQKLPNGQTVVVYPIKDNPIVTIDTWIKTGSINETDENNGVAHFLEHLFFKGTKSHPTGDMDRILESKGAVVNAATSKDFTHYYITIPSEYFDTAMELHSDMLLHPQIPRKELEKERKVVLEEIAKDGNTPSKKVYDNLNDMMYTKHPYKRKVIGSADIIGTIRREEILDYFNNYYAPSNMITLVVGDVDTEKAIAKIQQSFNQEYKKPIKKTFRKEGQLQTQKRKIDYTDTEYGYMMIGFRGVDINNSETYALDVLSEILGGGKSSRLYRDIKEQKGLAFSISASNGSYRDDGIFYISANFTPSSLEKLEKAIFEEIANIQKYGVTDEELNRAKNMLVQDTYYSRESTSNISSELGYIMTLSNSSIIYDTYVDNIKKVTAQEVVNAARKFLGTNKSAVSIVLPKSMEGVSQTKETKTHSATKISEHNGTVKYQIDNGSTLLINQNKNNDIIAISVIAKGGEFLEKIPGEGTLTAATMLKGTKKFSAQELAQILDENGIIIEPGCSEDYFVINIQTTTAQIDKTMEILDEIINNATFDDYEIEKKRSELLNKIKQRRDVPMNIALENFQTIIFENSVYSHSNKILEKTLPSVQKDDILKYYNKILDSKNVVISINGNVDAQKMISEFGSILKNKNNPVVNYSNFRISKASAPKTVSQDIKDLQTAWLFLGWQTAGVQNKKDFVTLKVMNTILGSGMSSRLFRNLREQDGLAYQLGSSYSPKMLGGSFFTYIGTNPETLDYSRKKILHEIDRFKMEFVSDTELKDAKDRLKGSFVIAMETNSEKASNIGLFETYGFGYDFLNEYVKMIDQVTASDIISVANKYFNNIIIQSEVK,1731,4484,857,98.133,841,16,854,0,0,99.65,100,/stor/scratch/Wilke/contig/database/metagenomic_contig_database/EMBL_EBI/EBI/oo/OOQZ01.fasta.gz
ENA|OOQZ01000010|OOQZ01000010.1,4918..55247,tr|A0A292S6N5|A0A292S6N5_9BACT DUF2023 domain-containing protein OS=Candidatus Gastranaerophilales bacterium HUM_19 OX=1916219 GN=CPT98_07965 PE=4 SV=1,34107..34538,lcl|34107|34538|3|1,1,tr|A0A292S6N5|A0A292S6N5_9BACT,1.58e-101,tr|A0A292S6N5|A0A292S6N5_9BACT DUF2023 domain-containing protein OS=Candidatus Gastranaerophilales bacterium HUM_19 OX=1916219 GN=CPT98_07965 PE=4 SV=1,MFIPPVLAYKNNTPAAQFQGKTSSITEIADLRVFHHHIYEFKKGIRNLILTTEKSKYKETIASRLQKDNIDFVIHDIDKNKINVYFGAKECIDVIKTFNPKLNELSAEQDFMLGIMLGYDRVKQCARYMRIKNGEIKLGKKPL,296,757,143,100.000,143,0,143,0,0,100.00,100,/stor/scratch/Wilke/contig/database/metagenomic_contig_database/EMBL_EBI/EBI/oo/OOQZ01.fasta.gz
ENA|OOQZ01000010|OOQZ01000010.1,4918..55247,tr|A0A292S6P3|A0A292S6P3_9BACT Cys-tRNA(Pro)/Cys-tRNA(Cys) deacylase OS=Candidatus Gastranaerophilales bacterium HUM_19 OX=1916219 GN=CPT98_07960 PE=3 SV=1,35007..34513,lcl|35007|34513|1|-1,-1,tr|A0A292S6P3|A0A292S6P3_9BACT,2.05e-113,tr|A0A292S6P3|A0A292S6P3_9BACT Cys-tRNA(Pro)/Cys-tRNA(Cys) deacylase OS=Candidatus Gastranaerophilales bacterium HUM_19 OX=1916219 GN=CPT98_07960 PE=3 SV=1,MDKKTMSEFKTNVMRMLDKAKVKYNHYSYADTDAVSGTEVAAVLHQNPERVFKTLVTLAKSGNHYVFMIPVEKELDLKKAAAAVGEKSVEMLKSKELLPLTGYVHGGCSPIGMKKFFTTVIDISAQNFETIIFSAGKIGYQVELSLDDLCKVIKFELKEVSCQA,327,839,159,100.000,159,0,159,0,0,100.00,97,/stor/scratch/Wilke/contig/database/metagenomic_contig_database/EMBL_EBI/EBI/oo/OOQZ01.fasta.gz
ENA|OOQZ01000010|OOQZ01000010.1,4918..55247,tr|A0A292S6R7|A0A292S6R7_9BACT DUF4186 domain-containing protein OS=Candidatus Gastranaerophilales bacterium HUM_19 OX=1916219 GN=CPT98_07955 PE=4 SV=1,35324..34989,lcl|35324|34989|2|-1,-1,tr|A0A292S6R7|A0A292S6R7_9BACT,8.76e-77,tr|A0A292S6R7|A0A292S6R7_9BACT DUF4186 domain-containing protein OS=Candidatus Gastranaerophilales bacterium HUM_19 OX=1916219 GN=CPT98_07955 PE=4 SV=1,MDIFDKLANSKFRSKFKLKEKEKLYIEEKGIETIKSHAKDFISKRIAPAEIANDGKQTPMKGHPVFIAQHATATCCRGCIEKWHHFKKGVQLTESQQEYLVNIIMEWIKRQ,231,588,111,100.000,111,0,111,0,0,100.00,100,/stor/scratch/Wilke/contig/database/metagenomic_contig_database/EMBL_EBI/EBI/oo/OOQZ01.fasta.gz
ENA|OOQZ01000010|OOQZ01000010.1,4918..55247,tr|A0A292S6M6|A0A292S6M6_9BACT Uncharacterized protein OS=Candidatus Gastranaerophilales bacterium HUM_19 OX=1916219 GN=CPT98_07950 PE=3 SV=1,37406..35346,lcl|37406|35346|2|-1,-1,tr|A0A292S6M6|A0A292S6M6_9BACT,0.0,tr|A0A292S6M6|A0A292S6M6_9BACT Uncharacterized protein OS=Candidatus Gastranaerophilales bacterium HUM_19 OX=1916219 GN=CPT98_07950 PE=3 SV=1,MYSKFISFILSFVLLFNLTFPVLAQVEKAQVSTPKYPDYARMYVGEDKFEGFNRKMFNLNSRLNKYIARPVHILWASIMPQYGMDRIQSAYNNIEYPKRLASCLLQKDGEGVKNETIRFLTNSTIGLGGLFDPASKLLKVKPTTENMEQALCKCKMKSGSYMVMPVLNACTPRSLCGRAIEAALDPSVYLATPITALVKFGLMVNRTSYMQPLAQMLESTYADPYDIQKKLYGIENYIKNANLDRQNLLETEAKLVEEDKLSALAEEITAQTETQEDEVGEITGAAADIDELEIIQKPELTPDILLEDFKPQSPIVDSMRTALFDNPEIDKSIWNELSIWNRSFAKRIKTSSVAIVPERDEYKFRYILQKDKNAPLIILYPSIGEGYNTHHSTVFAKMFFDEGYSIVMLGSHFHWEFVRSMPEGYCPGIPSQDADNIKLVTHKILDKLENKYECKFDEKIIIGTSFGALSSLFVAEKESKNNTLGITKYIAISPPVELVYAVEQLDKNSDELDNNSPEVKHKTAVTAAKILQITKMKENNPDMNISALPFTEQEGKLITTFLLRQKLSDLIFTIENIAKGQKTDIYEAINNMSYRDYVEKYLLNGSSLENMRYETSLYSLADYLVNNDNYRIYHSPDDFFATEGQIKRLKTLAGKHLVCVSNGSHLGFLYRKEFQEALKADVLGKI,1421,3678,686,100.000,686,0,686,0,0,100.00,100,/stor/scratch/Wilke/contig/database/metagenomic_contig_database/EMBL_EBI/EBI/oo/OOQZ01.fasta.gz
ENA|OOQZ01000010|OOQZ01000010.1,4918..55247,tr|A0A292RRP7|A0A292RRP7_9BACT DNA topoisomerase 1 OS=Candidatus Gastranaerophilales bacterium HUM_10 OX=1916229 GN=topA PE=3 SV=1,39782..37479,lcl|39782|37479|2|-1,-1,tr|A0A292RRP7|A0A292RRP7_9BACT,0.0,tr|A0A292RRP7|A0A292RRP7_9BACT DNA topoisomerase 1 OS=Candidatus Gastranaerophilales bacterium HUM_10 OX=1916229 GN=topA PE=3 SV=1,MTAQAAEKKTVKSKKEKALVIVESPAKSKTIKKILGDGYQIEASFGHVRNLPDNVLGFDVNNDFKPTYVVIPEKKKVVTKLNDLAKRSDKIYLASDPDREGEAIAWHVRELLQVPDDKVFRIEFNEITPKAVKYAVEHSRQIDMDRVKAQQTRQILDKLVGYKLSPVLWKQLGNYRLSAGRVQSVALRMICEREEEIEAFIPQEYWSIHTIMDKDGKLFEAEVNKYKNKKIEIKNEEEANKIKEFLLNPETEFVVDKVTKKETKRKPTAPFITSTLQRAASSKLGFGVSKTMQVAQKLYEGIEIDGTPVGLITYMRTDSVRISDDAHEMAKSFILQNYGEKYYPATTNVYVKGKQNVQDAHEAIRPSYPERTPESIKQYLQPDQYKLYKLIWDKFMSSQMAPAEIANKTIDIKAGDYNLKAGTSKILFDGFLKLYNDAEEDEKDADAKIPDLEQGDKVKCKEITPKQHFTQPPPRYNEASLVKALEEHGIGRPSTYATIITVIQTRKYVEKRDKALVPTLLGRTVCKQLVNQFANIMDYKFTAGMEEKLDKIAEKKAVWNVVLKEFYTPFMEVVNSVMKTAQKVVIESDKKCPNCGKVMLVKTSRFGTQFLGCSGYPECKTIISLNNSVELDDVEGEGKEQQTVDEKCEKCGSEMVMKVGPYGKYLECKECKNRKKYIRSTGVKCPKCGEGTIIEKKSKYGKIFFGCNRYPECSYALWDEPTGNKCPECGELLVKKVTKNGNFEVCSSRTCSFKHPLEDVKESEKPE,1581,4093,767,100.000,767,0,767,0,0,100.00,100,/stor/scratch/Wilke/contig/database/metagenomic_contig_database/EMBL_EBI/EBI/oo/OOQZ01.fasta.gz
ENA|OOQZ01000010|OOQZ01000010.1,4918..55247,tr|A0A292RRR5|A0A292RRR5_9BACT DNA-protecting protein DprA OS=Candidatus Gastranaerophilales bacterium HUM_10 OX=1916229 GN=dprA PE=3 SV=1,40864..39779,lcl|40864|39779|3|-1,-1,tr|A0A292RRR5|A0A292RRR5_9BACT,0.0,tr|A0A292RRR5|A0A292RRR5_9BACT DNA-protecting protein DprA OS=Candidatus Gastranaerophilales bacterium HUM_10 OX=1916229 GN=dprA PE=3 SV=1,MNTKYWIAFSAIEQLDSTFIQRLYNYFGNIETAFNANLNDLRQIEGLSVRKAENFIEKKKNINPDKALEDVLKRDIKILTFDSPDYPYMLSQIANPPMTIYYKGDLASCNLERNVAFVGSRRASFNGKESVRKIISELANTDVCIVSGLAAGIDAASHESAINNNLKTIGVIASGFDFIYPKENKHLYEKIENGSGAVITEYYPTFEPLKFRFPQRNRIVTGLSYGTVVGEAALKSGALISANLTLEQGRELMCIPGAINNVNTEGVYKLVKDGASIVTSGNDILNALNWELVKSENTLCDISQMSVTEKLLFDIIGVEPKSFDELQGLTKLDTESLLTTLTIMEIEGLVEKTEGDRYKRA,737,1902,361,99.723,360,1,361,0,0,100.00,100,/stor/scratch/Wilke/contig/database/metagenomic_contig_database/EMBL_EBI/EBI/oo/OOQZ01.fasta.gz
ENA|OOQZ01000010|OOQZ01000010.1,4918..55247,tr|A0A292S329|A0A292S329_9BACT TPR_REGION domain-containing protein OS=Candidatus Gastranaerophilales bacterium HUM_18 OX=1916231 GN=CPU00_07605 PE=4 SV=1,41632..40865,lcl|41632|40865|3|-1,-1,tr|A0A292S329|A0A292S329_9BACT,0.0,tr|A0A292S329|A0A292S329_9BACT TPR_REGION domain-containing protein OS=Candidatus Gastranaerophilales bacterium HUM_18 OX=1916231 GN=CPU00_07605 PE=4 SV=1,MSEKIDKAMGLFRERKYKEAIDAFSCVLETEPDNADIYNNMGVAYSCLGNFEQAENFYTKAIELDPELAQAYINLSDLYYKAGDLPSALGTLQRGSYELQDNLAIAHLLARVYIEDQRWEDAIVELERVLDGEPENYDAYYDLGHVYFELGDYEAAISNFENVIEYKDNNELLYYALAQAYEGNNEIDKAISNYLKAIAVNDKFILAYKKVGILFLARGDYEDAIEYFEDYMNFDIPEEEKDSVSKLVERIKAKM,509,1310,255,100.000,255,0,255,0,0,100.00,100,/stor/scratch/Wilke/contig/database/metagenomic_contig_database/EMBL_EBI/EBI/oo/OOQZ01.fasta.gz
ENA|OOQZ01000010|OOQZ01000010.1,4918..55247,tr|A0A292SGM2|A0A292SGM2_9BACT OstA-like_N domain-containing protein OS=Candidatus Gastranaerophilales bacterium HUM_19 OX=1916219 GN=CPT98_00810 PE=4 SV=1,42589..41633,lcl|42589|41633|3|-1,-1,tr|A0A292SGM2|A0A292SGM2_9BACT,0.0,tr|A0A292SGM2|A0A292SGM2_9BACT OstA-like_N domain-containing protein OS=Candidatus Gastranaerophilales bacterium HUM_19 OX=1916219 GN=CPT98_00810 PE=4 SV=1,MKKVLILLLLIFSSMAVFSSDLIIDSKTQTFSDKEKKIKLDGGVKVKLDNLTVESDRADVTIRRNNKLDTATFYDKPYAYEVNENKKREVKANILKVSLINKVVRAEGEAQSIITEGNTPIVVINADTQEYDINSSVMVCTGGVTMKYKDIDSYSDKAVIIADEKGGLRKIDLIGNARVKQAQNESEGHHFVYNPITEEMSVSGNTKTVALSDDGKKLTIHSDYQQYSKKQNSYIGSGHVKIWYDDYFAQGPKVSVFPDAETGKPNEVYFVGRSKIVQQDKDIIADKIKMTMNPKDFVAEGNVRTIIHNIDTKDEEDL,645,1664,318,100.000,318,0,318,0,0,100.00,100,/stor/scratch/Wilke/contig/database/metagenomic_contig_database/EMBL_EBI/EBI/oo/OOQZ01.fasta.gz
ENA|OOQZ01000010|OOQZ01000010.1,4918..55247,tr|A0A292R4A7|A0A292R4A7_9BACT LPS export ABC transporter periplasmic protein LptC OS=Candidatus Gastranaerophilales bacterium HUM_3 OX=1916217 GN=lptC PE=4 SV=1,43242..42586,lcl|43242|42586|1|-1,-1,tr|A0A292R4A7|A0A292R4A7_9BACT,2.48e-155,tr|A0A292R4A7|A0A292R4A7_9BACT LPS export ABC transporter periplasmic protein LptC OS=Candidatus Gastranaerophilales bacterium HUM_3 OX=1916217 GN=lptC PE=4 SV=1,METLKRIFERIKNLDKKKRTYLIAALGVVLVMCWAFMSAIVITGNYSRAQLKGSADEQKVDATGIIITETKDGDKYFEIYGETGHYSNDHSIATLNNVIGNFYKENKVSMSFQSSRGTYNEKTGVITLYDNTYIVLEDSTSLNTDKLTWSGSDKDTVAEGHVVIKKNNEMIATADKGIISAGYEKFKIIGKTTTKLYEKDGKDTSGTAIQLNNKKGVK,438,1126,218,100.000,218,0,218,0,0,100.00,100,/stor/scratch/Wilke/contig/database/metagenomic_contig_database/EMBL_EBI/EBI/oo/OOQZ01.fasta.gz
ENA|OOQZ01000010|OOQZ01000010.1,4918..55247,tr|A0A292RRG8|A0A292RRG8_9BACT ATP-grasp domain-containing protein OS=Candidatus Gastranaerophilales bacterium HUM_11 OX=1916216 GN=CPT89_05435 PE=4 SV=1,44504..43341,lcl|44504|43341|2|-1,-1,tr|A0A292RRG8|A0A292RRG8_9BACT,0.0,tr|A0A292RRG8|A0A292RRG8_9BACT ATP-grasp domain-containing protein OS=Candidatus Gastranaerophilales bacterium HUM_11 OX=1916216 GN=CPT89_05435 PE=4 SV=1,MIIIEKPYASEFLIDTIVQNDWGVLDNTAVEEADIEEGAFDLISSDIAKNYYLTQEYPLIYSNSENAITWVLKNLPDSNLSNYIKLFKDKIAFREMLQEMFPDFYFKAVEFDELKKMTPDGIRFPVVVKPSVGFLSFGVHAIKDSKEWKDVISQLEKEMRMAAMMYPSHVVNSTKFIIEEMIEGEEYAVDAYFDRDGEPVILNIFQHPFLNSKDVSDRIYLMSVGIMTKYMAKFGLLLREIGQLKNIKNFPVHIELRVTKDGKIIPIEVNPMRFAGWCTTDVAKYAWGINVYEYFYDQKKPNWNEILANATRDVFYFSMAEVPANFDRKKYKGFEYERFLSNYSNVLEVRRINPLDNPLFAIIFGSTTSKEEVVKILSLKTQDYIKS,793,2047,387,100.000,387,0,387,0,0,100.00,100,/stor/scratch/Wilke/contig/database/metagenomic_contig_database/EMBL_EBI/EBI/oo/OOQZ01.fasta.gz
ENA|OOQZ01000010|OOQZ01000010.1,4918..55247,tr|A0A292RRB2|A0A292RRB2_9BACT Haemagg_act domain-containing protein OS=Candidatus Gastranaerophilales bacterium HUM_11 OX=1916216 GN=CPT89_05440 PE=4 SV=1,46576..44597,lcl|46576|44597|3|-1,-1,tr|A0A292RRB2|A0A292RRB2_9BACT,0.0,tr|A0A292RRB2|A0A292RRB2_9BACT Haemagg_act domain-containing protein OS=Candidatus Gastranaerophilales bacterium HUM_11 OX=1916216 GN=CPT89_05440 PE=4 SV=1,MKNFKRKVSALVLSTLFASMQVSYAAGLSDAAINKIEGGYAGQVAGNGSLDLNFNGNAHVNWDHLNVNKGESLNFNAVGGANGLTILNTVNKGMTTIAGQVSANSGIANLIISNPNGVLFDGAQFTTAGDTMITTQPMTATFVDGKMDITKIPTTSAVGVVTIQDSNINVGGEFNILAPSINVVEGTIKTGSGMKLITQNGQDYLSTGNLNSSKGVRLETVNVDGDVYVIADKGIVKTVGGGKINGNLNIKSDDSVALNYVANGKALHVTGDVDVDGNGVMMYARNTKVDGNLNMTNGGGFLEVGNVQVGKDMNLKTVAKSENPQGYKHFVHVIGKNKVGGNLTINSENNIHIGNYKFEEGQLLDGNLTVGGNLTAHAKNGHIMTTIDVTANKIALKSDNLNVLTDGKATLTANEYEFSSAGYIGGITDANTIINVMENYKYIPNQNAAEAAGNINIAGGTITNINTPTDANILSKGDVKLTGANAGTINITAPNQYMEITGDVHAKEINVGKETDKLKVDFPGRDYTLNYTNIRDGKVVTVNGNEEITYDLTDGKGGHNDGTQVKGENTYLVGPEKPVDPTPDPDPTPDPDPTPDPVNPDDNENIKVLRSFENKSVDLNQVYTPVAYAADLDDDQNDTGVRKNVDGSVTVVRAFPMDK,1304,3375,659,100.000,659,0,659,0,0,100.00,100,/stor/scratch/Wilke/contig/database/metagenomic_contig_database/EMBL_EBI/EBI/oo/OOQZ01.fasta.gz
ENA|OOQZ01000010|OOQZ01000010.1,4918..55247,tr|A0A292S354|A0A292S354_9BACT Haemagg_act domain-containing protein OS=Candidatus Gastranaerophilales bacterium HUM_18 OX=1916231 GN=CPU00_07580 PE=4 SV=1,48768..46711,lcl|48768|46711|1|-1,-1,tr|A0A292S354|A0A292S354_9BACT,0.0,tr|A0A292S354|A0A292S354_9BACT Haemagg_act domain-containing protein OS=Candidatus Gastranaerophilales bacterium HUM_18 OX=1916231 GN=CPU00_07580 PE=4 SV=1,MKKLKKSAVVLCAVFASMQITMAGQFDGVDVGLGKDFGGSQINHATDGLVGITGNGTGNVGLDFNSNTHINWDNLNVGRGESLNFNAVDGANNLTILNTVNKGMTNVYGSINANSGIGQLIIANPNGVLFDGASFTTAGDAMITTKDLTGVKAEDLAKFDIKNEKFSNLYNDEGKLIPIEIRNGSTFNVGGDYSIVAAGIKAANSTITAKNVKLITANGQDYLALNQKAPTKHQEVTKLTAMNINGNLYVTNEAGALSIENGGNINGNVKINTEGNVNLNKVNDGKKLTIKGDVDVKGNGARMYLRNADVDGNLKMVNGGGFLDVGDVHVTKNAEIKTTNESQNYDNNCHEPVKHFVHVIGDTKVDGNLTVESENNIHIGGYDYDAKKLADGKLTVGGDLTAHAKNGHVMTTIDTTAGNKISLKSDNLNVLTDGKATLTAKEYEFSANGYIGGLTSTDNMSVDEKVVNIMENYIHIPDTVGTPGNINIAGGTITAINTPTNANILSKGDVKLTGANAGTINITAPNKYMEITGDVHAKDINVGKETDRLKVDFAGRDYNLNYTNIRDNKVVTVKGNEEVTYELTNGKGGHNDGTQLKGENTYLVGPEGPTPPEPGPDPDPTPTPDPDDNENVKVLRSFENKSVDLNQVYTPVAYAADLDDDKIDKGVRKNVDGSVTVVKAFPMIN,1357,3513,685,100.000,685,0,685,0,0,100.00,100,/stor/scratch/Wilke/contig/database/metagenomic_contig_database/EMBL_EBI/EBI/oo/OOQZ01.fasta.gz
ENA|OOQZ01000010|OOQZ01000010.1,4918..55247,tr|A0A292RR97|A0A292RR97_9BACT Uncharacterized protein OS=Candidatus Gastranaerophilales bacterium HUM_11 OX=1916216 GN=CPT89_05450 PE=4 SV=1,49964..48897,lcl|49964|48897|2|-1,-1,tr|A0A292RR97|A0A292RR97_9BACT,0.0,tr|A0A292RR97|A0A292RR97_9BACT Uncharacterized protein OS=Candidatus Gastranaerophilales bacterium HUM_11 OX=1916216 GN=CPT89_05450 PE=4 SV=1,MLVVFSFLAAFMYFVFPTSYGRLINNVFFQRAIPINTGEPANMAVKKWSKPVAADMYAIANPVTNYLSNDMFKNRLLLTPTIQKTHSEVTTMYHTNEMSGLKSQLEGLMAQYPMIKPAIYVWEYENGKFVDINGDSLYSAASIIKLPVLIRLFKSIEAKQMTIYDDMLLTDYYQSPGSGNLQYAQTGRKYSLDQLAKTMIQDSDNTSTNMIMAKLGGMDDINAGLRDWGISKTYVRTWLPDLTGTNKTTAKDMAKLLYNLDNPGFLNINSREYIIDYMSHVKNNRLIAAGLGDGALFVHKTGDIGTMLGDAGIVYAQNGKKYIVVILANRPHNAPQGKDFIVKASSLIYKAIVGG,731,1886,355,100.000,355,0,355,0,0,100.00,100,/stor/scratch/Wilke/contig/database/metagenomic_contig_database/EMBL_EBI/EBI/oo/OOQZ01.fasta.gz
ENA|OOQZ01000010|OOQZ01000010.1,4918..55247,tr|A0A292RRG1|A0A292RRG1_9BACT Uncharacterized protein OS=Candidatus Gastranaerophilales bacterium HUM_11 OX=1916216 GN=CPT89_05455 PE=4 SV=1,50254..50574,lcl|50254|50574|1|1,1,tr|A0A292RRG1|A0A292RRG1_9BACT,3.58e-73,tr|A0A292RRG1|A0A292RRG1_9BACT Uncharacterized protein OS=Candidatus Gastranaerophilales bacterium HUM_11 OX=1916216 GN=CPT89_05455 PE=4 SV=1,MKKYLILFAMFLVMPAYAMCPVEDGAAVCSLPGFREQVSPIYNPKTNINEFSGTPEARLRPIDRSDIGQQIREFTPAESDYSYNSSCQFGVCMQNRSTPLFQQPKQ,221,563,106,100.000,106,0,106,0,0,100.00,100,/stor/scratch/Wilke/contig/database/metagenomic_contig_database/EMBL_EBI/EBI/oo/OOQZ01.fasta.gz
ENA|OOQZ01000010|OOQZ01000010.1,4918..55247,tr|A0A292SFH6|A0A292SFH6_9BACT Uncharacterized protein OS=Candidatus Gastranaerophilales bacterium HUM_19 OX=1916219 GN=CPT98_01125 PE=4 SV=1,51000..50602,lcl|51000|50602|1|-1,-1,tr|A0A292SFH6|A0A292SFH6_9BACT,3.46e-90,tr|A0A292SFH6|A0A292SFH6_9BACT Uncharacterized protein OS=Candidatus Gastranaerophilales bacterium HUM_19 OX=1916219 GN=CPT98_01125 PE=4 SV=1,MKRIVLTLGLLAAVNCAAMADGNAFTPLNFNDTQYGSTTTTTTSTKSAPAASSAEGDAVGNGNIQNAILQLDNAQVDIRNDLLNCKTKYADVDAQYKLVKTERKALKKQVSTIEKRIKEIDKAKEKIRKNML,266,680,132,100.000,132,0,132,0,0,100.00,100,/stor/scratch/Wilke/contig/database/metagenomic_contig_database/EMBL_EBI/EBI/oo/OOQZ01.fasta.gz
ENA|OOQZ01000010|OOQZ01000010.1,4918..55247,tr|R5SE32|R5SE32_9GAMM Oxidoreductase FAD-binding domain protein OS=Acinetobacter sp. CAG:196 OX=1262690 GN=BN527_01496 PE=4 SV=1,51068..51529,lcl|51068|51529|2|1,1,tr|R5SE32|R5SE32_9GAMM,7.21e-109,tr|R5SE32|R5SE32_9GAMM Oxidoreductase FAD-binding domain protein OS=Acinetobacter sp. CAG:196 OX=1262690 GN=BN527_01496 PE=4 SV=1,MYNIVSMENNYCFKCGACCNKIAVDFSKRIIYRDGIQTLTKEFEAMLIPVEKREDITFCSCKFLKNKLCINPDKPQECTNYPSSPFAFLPEGCGYYGLIFAKRENFMQKIRKMEEEIIHYETLMNSCSKDEAKQYAKIIDKHKSFINKYSHFF,315,807,153,100.000,153,0,153,0,0,100.00,100,/stor/scratch/Wilke/contig/database/metagenomic_contig_database/EMBL_EBI/EBI/oo/OOQZ01.fasta.gz
ENA|OOQZ01000010|OOQZ01000010.1,4918..55247,tr|A0A292S318|A0A292S318_9BACT CHAP domain-containing protein OS=Candidatus Gastranaerophilales bacterium HUM_18 OX=1916231 GN=CPU00_07555 PE=4 SV=1,51593..52363,lcl|51593|52363|2|1,1,tr|A0A292S318|A0A292S318_9BACT,0.0,tr|A0A292S318|A0A292S318_9BACT CHAP domain-containing protein OS=Candidatus Gastranaerophilales bacterium HUM_18 OX=1916231 GN=CPU00_07555 PE=4 SV=1,MTFYNNFQNLNMSYISNGLNNWFTPSFGMFNQFMPFNWNMPSLFNFNFMPFNLSQMFSWNSPIWNNSFTLPNTNFNWNNNIFSSSSFYSPPQIGDTFSRTTTSSPIKMNLVERAKSYVGKVNSDSEGNRLFSRGLKQPWCADFVSYNLKQTYGSRLPSFTHISSVNGLREWGEKNGCYRKVPSSGKASYIAQNIKPGDIMIEKNGGKSHTGIVTKVNSDGSFETVEGNCSNKVAVQKYSANSPTLSGFISLDKYTA,518,1334,256,100.000,256,0,256,0,0,100.00,100,/stor/scratch/Wilke/contig/database/metagenomic_contig_database/EMBL_EBI/EBI/oo/OOQZ01.fasta.gz
ENA|OOQZ01000010|OOQZ01000010.1,4918..55247,tr|A0A292RR91|A0A292RR91_9BACT Uncharacterized protein OS=Candidatus Gastranaerophilales bacterium HUM_11 OX=1916216 GN=CPT89_05475 PE=4 SV=1,53517..52360,lcl|53517|52360|1|-1,-1,tr|A0A292RR91|A0A292RR91_9BACT,0.0,tr|A0A292RR91|A0A292RR91_9BACT Uncharacterized protein OS=Candidatus Gastranaerophilales bacterium HUM_11 OX=1916216 GN=CPT89_05475 PE=4 SV=1,MKFLLYLFCILIFFPSSCSAIEEVILNIDDNNAPEPKAEKIFDEDDKFTLYEKIQDIKAKEVKDTNSTAYLLDGILTKKFEAGPFETMHFFGYYRGAVNIDVSNGADSVYDFSAIQAGINGKFRGGKNYYEARLRFDPLDGYSFLQGLPADIYVANASIPHHTVIIGNTRTPTGYEGSRSDSIIPFVARAQIARNFGNTRKVGIRVKGNYDLIEYDLGGYSSDTYFRSFFPGTEFSGWVTLKPLGKTKGKYGKLNLGGGLTAGKNGTDYTVSGLYAGYEYKNFMANFEYAYADGYNGTRTISSNKAEGFYTTAGYKITPRIQVLARYDQYTPDKDFSDDIRREYSAGVNYFIKGQALKLMLNYVFCQNDLFEDSHRVILGTQLML,786,2031,385,100.000,385,0,385,0,0,100.00,100,/stor/scratch/Wilke/contig/database/metagenomic_contig_database/EMBL_EBI/EBI/oo/OOQZ01.fasta.gz
ENA|OOQZ01000010|OOQZ01000010.1,4918..55247,tr|A0A292S2J1|A0A292S2J1_9BACT Uncharacterized protein OS=Candidatus Gastranaerophilales bacterium HUM_18 OX=1916231 GN=CPU00_07550 PE=4 SV=1,52724..52497,lcl|52724|52497|2|-1,-1,tr|A0A292S2J1|A0A292S2J1_9BACT,4.62e-41,tr|A0A292S2J1|A0A292S2J1_9BACT Uncharacterized protein OS=Candidatus Gastranaerophilales bacterium HUM_18 OX=1916231 GN=CPU00_07550 PE=4 SV=1,MGQIILYPDFMRDMNIKTLWQILSTLMLMGITGQELFRQIKQKVFIQLRDIKLLQEFRSWPDMINIHRIKTFLMI,145,367,75,96.000,72,3,72,0,0,96.00,100,/stor/scratch/Wilke/contig/database/metagenomic_contig_database/EMBL_EBI/EBI/oo/OOQZ01.fasta.gz
ENA|OOQZ01000010|OOQZ01000010.1,4918..55247,CRISPR array,43261..43333,,,,,"Copies: 2, Repeat: 18, Spacer: 36",GGGTAAATGTACATCAAT,,,,,,,,,,,,/stor/scratch/Wilke/contig/database/metagenomic_contig_database/EMBL_EBI/EBI/oo/OOQZ01.fasta.gz
