ENA|UMIP01055723|UMIP01055723.1,28522..74641,tr|A0A1Q6IM97|A0A1Q6IM97_9BACT CRISPR-associated protein OS=Odoribacter sp. 43_10 OX=1897010 GN=BHV82_04155 PE=4 SV=1,30061..29123,lcl|30061|29123|1|-1,-1,tr|A0A1Q6IM97|A0A1Q6IM97_9BACT,0.00e+00,tr|A0A1Q6IM97|A0A1Q6IM97_9BACT CRISPR-associated protein OS=Odoribacter sp. 43_10 OX=1897010 GN=BHV82_04155 PE=4 SV=1,MSNTFKNRVFGCVVIKSVNSNYNADFSHQPRTLPDGSVYATDKALKYTVRNYIDKNYPEDKVFYFKSLNGDMQPRDLDQNYARFFGDYPKADKKEAVKARKVILGNLLSCLDVRLFGGTFASKTANLSIHGVVQPTHGVNRYVEGIIYSEQIASPFRNSNDNSTDSMQTTLGTQFKLQEGHYVHHFSVNPGNLDELTEFVDNGRLTGEDIAKLKEALRCGVTYYDSSSKAGTENEALLWVELKEESKLVLPSFVDLIEVNAEREIDFAKVSTLLSKEKIKNEISKIELFYNKGITKVIHLPEGTVELELNGL,644,1660,312,100.000,312,0,312,0,0,100.00,100,/stor/scratch/Wilke/contig/database/metagenomic_contig_database/EMBL_EBI/EBI/um/UMIP01.fasta.gz
ENA|UMIP01055723|UMIP01055723.1,28522..74641,tr|A0A1Q6IM82|A0A1Q6IM82_9BACT Uncharacterized protein OS=Odoribacter sp. 43_10 OX=1897010 GN=BHV82_04160 PE=4 SV=1,31922..30078,lcl|31922|30078|3|-1,-1,tr|A0A1Q6IM82|A0A1Q6IM82_9BACT,0.00e+00,tr|A0A1Q6IM82|A0A1Q6IM82_9BACT Uncharacterized protein OS=Odoribacter sp. 43_10 OX=1897010 GN=BHV82_04160 PE=4 SV=1,MLQEINNFMNSLPAELKQAGLKPKEGLHVLLKIQEKEGTHFMDEQSVCRVCLTRKATEFDYPFLQHCAELAQVGWCVNTNKCFDLPAKGLHSCSPYCIALKRESLEGGGKYAKDKTKIYDRIDTYFANALSYVEEDSEKERIRVFQHFINSKEKLNALFACFQSEVDEVKDKEYIILYLEEEMEKYRRVHEKYLSDKLFNTNEYNISVENQLYGTSDFLNGFPTKKPFLSHQSAVFDIAGRITGEMAGNLHDFQEIMRRNVLPRPLPLFVYREELQTEMLAVFSRYLADGKRIGYQEIIRELYKNHQDDIGDYYLLYYYGDTVCDFDFVSRFRYRLQSGDKEGWMVKDHFQIGFTEKISHVFELEEKVLREIFNNSLITRTKAGDTQRKYFDELEPKYCKSENNYLLVLKYRQAFYDYIYKSRLQAVTRPMFDHILLTGILEDIRLDELKGNQHTQRWGILSKMNIWFSLAERFDLQFKNTDTMASKLEEQRVFMVALSQGEAILENDEQYAFAAGQVIYYLLHKSKTADKSYKRLEPFLQQVHASELNKAIARLFDTYKHENFSGNFRHPFASVMAYQTQANMRDYLPMMLAGIFSDNLLFSVNKSEETNEEN,1282,3317,614,100.000,614,0,614,0,0,100.00,100,/stor/scratch/Wilke/contig/database/metagenomic_contig_database/EMBL_EBI/EBI/um/UMIP01.fasta.gz
ENA|UMIP01055723|UMIP01055723.1,28522..74641,tr|A0A1Q6IMB1|A0A1Q6IMB1_9BACT CRISPR-associated endoribonuclease OS=Odoribacter sp. 43_10 OX=1897010 GN=BHV82_04165 PE=3 SV=1,32911..32141,lcl|32911|32141|1|-1,-1,tr|A0A1Q6IMB1|A0A1Q6IMB1_9BACT,0.00e+00,tr|A0A1Q6IMB1|A0A1Q6IMB1_9BACT CRISPR-associated endoribonuclease OS=Odoribacter sp. 43_10 OX=1897010 GN=BHV82_04165 PE=3 SV=1,MRLKLVLKIVEGTVVPCNYMYELSSCLYKVLNEGNPVFTAWLHDKGYCKEKKAFKLFTFSNFYFPCFRIEGDRIFVLADTAQLIVSFYPIEAIDAFVMGLFKNRQLEVGDRKSRVRFEVFNLERQAEPEFTSRMFFKTLSPMFIEEQLPETRKAIHLSPGNPKFAELLHLNLLDKYRVFYGQEPDPSWPLTRLHLLSEPKPKTIVLKVGTPEETRMKGYTFRFELEGQPELLRLGYEGGFGRLNSQGFGCVEVLKQ,523,1347,256,99.609,255,1,256,0,0,100.00,100,/stor/scratch/Wilke/contig/database/metagenomic_contig_database/EMBL_EBI/EBI/um/UMIP01.fasta.gz
ENA|UMIP01055723|UMIP01055723.1,28522..74641,tr|R6F5T3|R6F5T3_9BACT Amidohydrolase OS=Odoribacter splanchnicus CAG:14 OX=1263090 GN=BN493_02999 PE=4 SV=1,34932..33586,lcl|34932|33586|2|-1,-1,tr|R6F5T3|R6F5T3_9BACT,0.00e+00,tr|R6F5T3|R6F5T3_9BACT Amidohydrolase OS=Odoribacter splanchnicus CAG:14 OX=1263090 GN=BN493_02999 PE=4 SV=1,MRSFICKLVYWIMLKLYVFILWALLPLLTMGKGILIQNVVIFDGKSEKTVTGNVWIEDNAIRKVSAEPIVAGAEVEVIDGRGKFLMPGLIDAHWHAYLAANTMVDLLTAHASYTQLRAGEEAGKTLLRGFTTIRDAGGPVFGLKRAIDEGTLPGPRIYPSGAIISETGGHADFRMVYDIPEPFDCCGLTHTEKIGAAIIADGVDAVIVASRNNLRLGASQIKLMAGGGVSSLYDQLEDVQYFEDELHAAVMAAEDAGTYVMVHVYVPEAIRRAIRAGVKSIEHGQLIDEPTMKLIAEKGVWLSMQPFIGEGNNHYTNPVQQAKHELVVQGTDRAYQLAKKYGVKLAWGTDLLFSPANARNQNLNIEKMTRWFSNFEILKMITHDNAELLALSGRRNPYPGKLGVIEEGALADLIVVDGNALEDIKVLTDPGKNMLLIMKDGKIYKNDL,892,2305,436,100.000,436,0,436,0,0,100.00,97,/stor/scratch/Wilke/contig/database/metagenomic_contig_database/EMBL_EBI/EBI/um/UMIP01.fasta.gz
ENA|UMIP01055723|UMIP01055723.1,28522..74641,tr|A0A6I2PJC8|A0A6I2PJC8_9BACT Uncharacterized protein OS=Odoribacter splanchnicus OX=28118 GN=GKD25_03565 PE=4 SV=1,35141..34938,lcl|35141|34938|3|-1,-1,tr|A0A6I2PJC8|A0A6I2PJC8_9BACT,1.10e-40,tr|A0A6I2PJC8|A0A6I2PJC8_9BACT Uncharacterized protein OS=Odoribacter splanchnicus OX=28118 GN=GKD25_03565 PE=4 SV=1,MLRLAKGKDGPVVTENIIWFWMFVSGTSVPHRKKITGVVESGGISARSGSYWVRVGGNKLFWDDYVQ,137,345,67,100.000,67,0,67,0,0,100.00,100,/stor/scratch/Wilke/contig/database/metagenomic_contig_database/EMBL_EBI/EBI/um/UMIP01.fasta.gz
ENA|UMIP01055723|UMIP01055723.1,28522..74641,tr|A0A1Q6IMI9|A0A1Q6IMI9_9BACT Uncharacterized protein OS=Odoribacter sp. 43_10 OX=1897010 GN=BHV82_04175 PE=4 SV=1,35280..34993,lcl|35280|34993|2|-1,-1,tr|A0A1Q6IMI9|A0A1Q6IMI9_9BACT,2.54e-62,tr|A0A1Q6IMI9|A0A1Q6IMI9_9BACT Uncharacterized protein OS=Odoribacter sp. 43_10 OX=1897010 GN=BHV82_04175 PE=4 SV=1,MIFFVFIIVDNTRLIGRLGTNFPVPVEVFPVALGRAGNKKIRGYGNYAPAGKRERRTGGDRKHNLVLDVRFRDIGPASEKDHRCRGEWGDIGPKW,193,490,95,100.000,95,0,95,0,0,100.00,100,/stor/scratch/Wilke/contig/database/metagenomic_contig_database/EMBL_EBI/EBI/um/UMIP01.fasta.gz
ENA|UMIP01055723|UMIP01055723.1,28522..74641,tr|A0A1Q6IMA6|A0A1Q6IMA6_9BACT Uncharacterized protein OS=Odoribacter sp. 43_10 OX=1897010 GN=BHV82_04180 PE=4 SV=1,36852..36016,lcl|36852|36016|2|-1,-1,tr|A0A1Q6IMA6|A0A1Q6IMA6_9BACT,0.00e+00,tr|A0A1Q6IMA6|A0A1Q6IMA6_9BACT Uncharacterized protein OS=Odoribacter sp. 43_10 OX=1897010 GN=BHV82_04180 PE=4 SV=1,MKNMKTRLILFILLFISGFAIAGCKQQNQYRPDAKIVAAFNNKYPQSDKVEWEQKQGYYVAEFREDGIEHEAWFDGTGKWVMTESNLRYSSLPQAIREQFEKSVYSTWKKDDIDKIERAGMEAVYIIELEKEGLDTDLYYVGNGNLIKTVNEVSKEKRSSYMPVASDIQIWIKQKYPDATIIEMDNEKGKLEVDILDGGKAKELIFQGNDWLSTSWEVSKAEVPSVVMETFRHSNFGKYRIDDIHFYETPNNSYYYFDLEQGNSEVHLSIDPTGNILQ,569,1466,275,100.000,275,0,275,0,0,100.00,99,/stor/scratch/Wilke/contig/database/metagenomic_contig_database/EMBL_EBI/EBI/um/UMIP01.fasta.gz
ENA|UMIP01055723|UMIP01055723.1,28522..74641,tr|A0A413I7Z9|A0A413I7Z9_9BACT Pyridine nucleotide-disulfide oxidoreductase OS=Odoribacter splanchnicus OX=28118 GN=DXA53_16530 PE=3 SV=1,36983..38356,lcl|36983|38356|2|1,1,tr|A0A413I7Z9|A0A413I7Z9_9BACT,0.00e+00,tr|A0A413I7Z9|A0A413I7Z9_9BACT Pyridine nucleotide-disulfide oxidoreductase OS=Odoribacter splanchnicus OX=28118 GN=DXA53_16530 PE=3 SV=1,MEHFDAIIIGFGKGGKLLAADLANRGQQVAIIERSAAMYGGSCINIACIPTKALIHQAQMIKELNLASFEEKAAAYRKAIIKKNEITTALRKLNFDRLNDHPNITVYTGVASFRSSRKIGVTTETDRLEIEGKRIFIDTGALPVIPPISGIRESRRVYTSTSLLELDLLPETLVIIGGGYIGLEFASMFAAFGSKVIVLENTTEFLSREDRTIAEAVRKVMENQGIEFHFSIEMQSIQDTDEETVVTYRDTTDKTEHSLFANAVLVATGRQPNTESLDPGVAGIHLNEHGAIIVNEYLQTTASDIWALGDVSGGKQFTYISQDDYRIIRDQLFGKGSRTIVDREPVVYTVFIDPPLSRIGLTEQEAIAKGYEVMTKTIPVEAIPRARVSGNTNGVLKSVVNAKNGKILGCTLFCIDSGEVINNVALVMKAGLDYSSLRDQIYTHPSMSEALNDLFSF,937,2423,457,100.000,457,0,457,0,0,100.00,100,/stor/scratch/Wilke/contig/database/metagenomic_contig_database/EMBL_EBI/EBI/um/UMIP01.fasta.gz
ENA|UMIP01055723|UMIP01055723.1,28522..74641,tr|A0A1Q6IMA2|A0A1Q6IMA2_9BACT ACP phosphodiesterase OS=Odoribacter sp. 43_10 OX=1897010 GN=BHV82_04190 PE=4 SV=1,38428..39015,lcl|38428|39015|1|1,1,tr|A0A1Q6IMA2|A0A1Q6IMA2_9BACT,3.19e-141,tr|A0A1Q6IMA2|A0A1Q6IMA2_9BACT ACP phosphodiesterase OS=Odoribacter sp. 43_10 OX=1897010 GN=BHV82_04190 PE=4 SV=1,MNYLAHIFLSGNDRCIQIGNFIGDGVKGDGYKQYPRKFQQGILLHREIDAFSDRHPLVREAVGIGRETFGRYSAVVNDILFDYFLASRFQDYAGLPLKRFSRRFYTALAWNYRHLPERFQGFIWHFILTDRLCRYASLTGIQQSLEIMTRYRGLQIDHAQTPLFMQEHGERLQKIFREFFPELHERCKQSIYLKS,400,1028,195,99.487,194,1,194,0,0,99.49,100,/stor/scratch/Wilke/contig/database/metagenomic_contig_database/EMBL_EBI/EBI/um/UMIP01.fasta.gz
ENA|UMIP01055723|UMIP01055723.1,28522..74641,tr|A0A1Q6IMP2|A0A1Q6IMP2_9BACT Glutamate decarboxylase OS=Odoribacter sp. 43_10 OX=1897010 GN=BHV82_04195 PE=3 SV=1,40916..39519,lcl|40916|39519|3|-1,-1,tr|A0A1Q6IMP2|A0A1Q6IMP2_9BACT,0.00e+00,tr|A0A1Q6IMP2|A0A1Q6IMP2_9BACT Glutamate decarboxylase OS=Odoribacter sp. 43_10 OX=1897010 GN=BHV82_04195 PE=3 SV=1,MKTENPNTPIFGTPEEARVAPKFEMPKTSMPGEVAYQLVHDEAMMDGNARLNLATFVTTWMDDYARRVMTENMDKNMIDKTEYPQTAEIERRCVNIIAKLWHSPEPPYCTGTSTVGSSEACMLGGIAALKRWQKRRRAKGLPTNKPNFIISTCMQVVWEKFAIYWDVEMRMVPVTMEKITMDPQDVVGMCDENTICVVPIQGVTITGLNDNVKEINDALDKLNAEKGWEICIHVDAATGGFIHPFIDPDTVWDFRLKWVLSISVSGHKFGLVYPGVGWVVWKDKQYLPEEMNFAVNYLGANIPSISINFSRPGNQVLAQYYQFLRLGMEGYRQIQQNCIDVCLYLKQQLKEMGIFEFFSDDMPNPLFIWKLKNDSSRKWTLYDLSDALHAQGWQVPAYTMPKNMEDVVIMRVVVRQGTGKDLADLLVKDIKTNIAQLNQLQEPTNSAILWNKREPQKPRGFNHSR,975,2520,465,100.000,465,0,465,0,0,100.00,100,/stor/scratch/Wilke/contig/database/metagenomic_contig_database/EMBL_EBI/EBI/um/UMIP01.fasta.gz
ENA|UMIP01055723|UMIP01055723.1,28522..74641,tr|R6G2F8|R6G2F8_9BACT Long-chain-fatty-acid--CoA ligase OS=Odoribacter splanchnicus CAG:14 OX=1263090 GN=BN493_02993 PE=4 SV=1,41214..42860,lcl|41214|42860|3|1,1,tr|R6G2F8|R6G2F8_9BACT,0.00e+00,tr|R6G2F8|R6G2F8_9BACT Long-chain-fatty-acid--CoA ligase OS=Odoribacter splanchnicus CAG:14 OX=1263090 GN=BN493_02993 PE=4 SV=1,MEENFLYYIEHSIRIHWEEPALTDYQGQTHTFGDVAHHIARLHLLFEESGIRRGDKIALCSRNQTNWGIAFLAILSYGAVAVPILHEFKADNIRHIVNHSEARILFAGTPIWEELQKEEMPKPETVIKMEDYSLFYNTNPALAKAHGHWEELFRQKYPAALRPEDIHYEPDQPDQLAMINYTSGTTSASKGVMLSYRSMWSNLKYALDKMGYNPGERLVSILTMAHMYGLAFELIYPFASGTHVYFISKTPAPKIINEIFSAVRPNLIVAVPLIIEKIIKHRVLPQLEKFHIKLFLKIPYLNRRLRLSIRDKIVNAFGGRFKLIAIGGAALNFEVEKFLSSVQFPYTVGYGMTECGPAISYDDWHTFKAGSCGKAVDRMEIAINSSDPENIVGEILVRGANVMDGYYKNHEATSSAIDEDGWLHTGDLGIIDSEGYLFIKGRSKNMILGPSGQNIYPEEIEDRLNALPYVSESLVIEKDGKLIALVYPDYEVVKKEKISPEQLKTKMDENRKLLNHMLPMYSQVARLKIQETEFEKTPKRSIKRYLYQ,1135,2936,548,100.000,548,0,548,0,0,100.00,100,/stor/scratch/Wilke/contig/database/metagenomic_contig_database/EMBL_EBI/EBI/um/UMIP01.fasta.gz
ENA|UMIP01055723|UMIP01055723.1,28522..74641,tr|A0A1Q6IMK6|A0A1Q6IMK6_9BACT Long-chain fatty acid--CoA ligase OS=Odoribacter sp. 43_10 OX=1897010 GN=BHV82_04205 PE=4 SV=1,42942..44594,lcl|42942|44594|3|1,1,tr|A0A1Q6IMK6|A0A1Q6IMK6_9BACT,0.00e+00,tr|A0A1Q6IMK6|A0A1Q6IMK6_9BACT Long-chain fatty acid--CoA ligase OS=Odoribacter sp. 43_10 OX=1897010 GN=BHV82_04205 PE=4 SV=1,MIMEENFIKYIEQSIKDHWDLPALTDFKGATSSYKDVARKIEKLHLLFEHCGIRKGDKIALCSRNTSSWGIAFLATLSYGAVAVPILNEFKPDNVHHIVNHSEARLLFAGDVVWENLDESAMPDLDGVLRIEDYSLRTSNSKQLTEARARLNELFGKKFPDRFRAEDVHYEYDTPDQLAVINYTSGTTSSSKGVMLPYRSLWTNLQFAIDTYGINPGEQIVCMLPMAHMYGLAFEFIYQFVNGTHIHFLSRTPSPKIIADAFATVKPDLIITVPLVIEKIIKKKVFPTIEKPHMKLLMNIPIINDKIRESIRQKVIDAFGGKFKELIIGGAALNKEVEIFLRSIRFPYTVGYGMTECGPLLTYDNWKTFRQSSCGKAVPRVELRIDSGDPQHIVGEILAKGICVMTGYYKNPEATAAAIDRDGWLHTGDMGIIDQDGYLFIKGRCKNMILSSNGQNIYPEEIEDKLNNMPYISESIVIEKEGKLVALIYPDFDLVNEEKITDEKLDELMTANLKEINQQLPAYSQLNTYKLYNEEFEKTPKRSIKRFLYQ,1138,2943,548,100.000,548,0,548,0,0,100.00,99,/stor/scratch/Wilke/contig/database/metagenomic_contig_database/EMBL_EBI/EBI/um/UMIP01.fasta.gz
ENA|UMIP01055723|UMIP01055723.1,28522..74641,tr|F9ZCA4|F9ZCA4_ODOSD Cell division protein FtsK/SpoIIIE OS=Odoribacter splanchnicus (strain ATCC 29572 / DSM 20712 / CIP 104287 / JCM 15291 / NCTC 10825 / 1651/6) OX=709991 GN=Odosp_1310 PE=3 SV=1,44649..47279,lcl|44649|47279|3|1,1,tr|F9ZCA4|F9ZCA4_ODOSD,0.00e+00,tr|F9ZCA4|F9ZCA4_ODOSD Cell division protein FtsK/SpoIIIE OS=Odoribacter splanchnicus (strain ATCC 29572 / DSM 20712 / CIP 104287 / JCM 15291 / NCTC 10825 / 1651/6) OX=709991 GN=Odosp_1310 PE=3 SV=1,MKKIKHKPVSSKTEKKQVSLLPEFLKEQRTRILLGIALALVSLYILFALIGFFFSGGIDQSLVDGPWGKIITNPEIEVSNPAGKIGAWISDLLINRWFGISSFILCYLLLLCSFRLGSIKVKNFSRRLFIGMCIILWISLFLGFLSESISNLFEVGTGYLFPGGGHGHFVSVWLNSLVGRIGTMLILILTFIAILFFGFERTFYKCVDYIKEQIRRHQEKALAALAEREARAAAAREEAQRQADAQQDPEDEDTTSDSDKENADEEQEDFPHDNDGTFQPEDTDFSSQPERLLAPKETTDQNPEAITLQQGFNRMSASINDFEFSQELSDLSDDRAKSSTDDEEEGDTDLPAGNDQDITLTISNKDQEETVDQNQPTEDYDPTLDLSNYQYPGLELLEEHSSGNPKVTQEELDANKNRIVETLRNYKIEITKIKATIGPTVTLYEIVPAPGVKISKIKNLEDDIALSLSALGIRIIAPIPGAGTIGIEVPNQNPEVVSMRGIIASKKFQESKYALPVALGRTISNETYTFDLTKMPHLLVAGATGQGKSVGLNAIITSLLYKKHPSQLKFVMVDPKKVELSIYSIIEKHFLAKLPDEEEAIITETAKVVNTLNSLCIEMDSRYDLLKMAQVRNIKEYNEKFIKRQLNPNNGHKYLPYIVVVVDEFADLIMTAGKEVETPIARIAQLARAVGIHMIIATQRPSTNIITGVIKANFPARIAFKVASMIDSRTILDSPGANQLIGRGDMLISVGSEMTRVQCAFVDTPEVDAITHHIASQQSYPSAFALPEYVPENEGNGLNDIDPGSRDPLFEEAARLVVSTQQGSTSSIQRRFSIGYNRAGRIMDQLEAAGIVGPFEGSKARQVLISDEYSLEQMLK,1798,4658,876,100.000,876,0,876,0,0,100.00,100,/stor/scratch/Wilke/contig/database/metagenomic_contig_database/EMBL_EBI/EBI/um/UMIP01.fasta.gz
ENA|UMIP01055723|UMIP01055723.1,28522..74641,tr|A0A413I801|A0A413I801_9BACT CPBP family intramembrane metalloprotease OS=Odoribacter splanchnicus OX=28118 GN=DXA53_16565 PE=4 SV=1,47320..48237,lcl|47320|48237|1|1,1,tr|A0A413I801|A0A413I801_9BACT,0.00e+00,tr|A0A413I801|A0A413I801_9BACT CPBP family intramembrane metalloprotease OS=Odoribacter splanchnicus OX=28118 GN=DXA53_16565 PE=4 SV=1,MFLEKVYSGRNQWYFYIFSLLIIFTATQIGSLPLAGYMIMEDPSILQGGDISAATSTNTGLALTLLSFAVGFFTILFCVKYIHHKKTADIVTGRQRIDWGRIFFGAAVWGILSLITLALPFLFGDTSHLVFQFEPVHFLILVVISLLLFPFQTSFEELLFRGYLMQWSALLFKYRWVAVVITGVLFGILHGANPEVEEFGMWVALPQYILMGLILGFVAVKDDGMELSLGLHMANNIIAAITITSDSSTLQTHALFKDLHPTASHFDTLTMLVAGVIFIWICNRKYHFWGKICLWKKIQKESNEM,620,1598,305,100.000,305,0,305,0,0,100.00,100,/stor/scratch/Wilke/contig/database/metagenomic_contig_database/EMBL_EBI/EBI/um/UMIP01.fasta.gz
ENA|UMIP01055723|UMIP01055723.1,28522..74641,tr|A0A1Q6IMA7|A0A1Q6IMA7_9BACT Aminopeptidase OS=Odoribacter sp. 43_10 OX=1897010 GN=BHV82_04220 PE=3 SV=1,48363..49556,lcl|48363|49556|3|1,1,tr|A0A1Q6IMA7|A0A1Q6IMA7_9BACT,0.00e+00,tr|A0A1Q6IMA7|A0A1Q6IMA7_9BACT Aminopeptidase OS=Odoribacter sp. 43_10 OX=1897010 GN=BHV82_04220 PE=3 SV=1,MRKFTCFTLGLLLACAVTVNAQEQKNDQEGYKFTDIKRLPTTSVKSQDRAGTCWSWSTISFLESEIMRMGKDSLSLSPMYVVWNTYHAKGDKYVRMNGHVNFGQGGASADVTWAIRNYGIVPLSLYSGLNYGEEVHVHGELDAILKGYLDAVVSNPNKKLSTAWLRGYDGILNAYLGEKPEKFTWQGKEYTPMTFATDACGLNMDDYVSLTSFTHHPFYTQFALEVEDNWIGEMSYNLPLDELMDVLDKAIDKGYTFSWGSDVSEIGFTRDGLAVVPDVNIKEMSDAEIAKWVKMPKTQQQAELLKKPGKEKEITQELRQQEFDNKLTTDDHGMHVIGKAVDQIGNKYFIVKNSWGDYGKYKGYLYASYPFVAYKTTSVMIHKDALPKDLKKKLGIK,827,2137,397,100.000,397,0,397,0,0,100.00,100,/stor/scratch/Wilke/contig/database/metagenomic_contig_database/EMBL_EBI/EBI/um/UMIP01.fasta.gz
ENA|UMIP01055723|UMIP01055723.1,28522..74641,tr|A0A1Q6IM85|A0A1Q6IM85_9BACT FprA family A-type flavoprotein OS=Odoribacter sp. 43_10 OX=1897010 GN=BHV82_04225 PE=3 SV=1,49690..50883,lcl|49690|50883|1|1,1,tr|A0A1Q6IM85|A0A1Q6IM85_9BACT,0.00e+00,tr|A0A1Q6IM85|A0A1Q6IM85_9BACT FprA family A-type flavoprotein OS=Odoribacter sp. 43_10 OX=1897010 GN=BHV82_04225 PE=3 SV=1,MNNAIKIKDNIYWIGVNDRRTHIFENYWPLPKGVAYNSYVIADEKVVVIDTVERSRMDDYLNSLQAVLQGRKVDYLIINHMEPDHTGAIKNLLCHYPDLTVVGNCKTFPMLQNYYGVDSNLLEVKEGDSLNIGKRTLNFYMVPMLHWPETMVTYLPGENIVFSGDVFGAFGTLDGGIFDDQVDLDYLEEEISRYYSNIVGKYGMPAQTALKKLNTLTFNTICATHGPIWRSHVCDIIAKYEKWSKYETEEGVVIAFSSMYGHTEQMADTIGRFLAEQGVKKIRIHDTSKTHPSYIINDIFRYKGVILGSCAYNGGIFPTMETLLCELENMGIKNHLLAYFGNKTWGGGAIPRLKAFAEKMKWEVVAEPNEALGAMKSSDIEQCKAIAQAMAEKIKKS,830,2144,397,100.000,397,0,397,0,0,100.00,100,/stor/scratch/Wilke/contig/database/metagenomic_contig_database/EMBL_EBI/EBI/um/UMIP01.fasta.gz
ENA|UMIP01055723|UMIP01055723.1,28522..74641,tr|A0A6I2PLJ5|A0A6I2PLJ5_9BACT Uncharacterized protein OS=Odoribacter splanchnicus OX=28118 GN=GKD25_03505 PE=4 SV=1,51315..52382,lcl|51315|52382|3|1,1,tr|A0A6I2PLJ5|A0A6I2PLJ5_9BACT,0.00e+00,tr|A0A6I2PLJ5|A0A6I2PLJ5_9BACT Uncharacterized protein OS=Odoribacter splanchnicus OX=28118 GN=GKD25_03505 PE=4 SV=1,MNKIKHMNKTLLFLLLPGLLISCKPTPPSGDNGEIVPLTSECLLKNSDLYMKYPYKIKVQDSIMCIWDLHGGDRFYHLYSYPELQFITSFAVNGRGPEEYISTGGFCMDKQHIYVFDTSRARLSIFRKDSLMQQRISPARIIDYPQAGIPILNFCRTDQGFALLNFDGPERIAFIDTCGHLLNKKYEIPWGNTAKNKAYPTMTASLWNSYLDYNPDNHLLVLVTQNGELLEIHNLASDSSRFIVGKGGEPDFLSDKNGLLVGKIKGYQDVQVGKKAIYTLFSGTDHQEELKKMIKGQPTPDGGNLFLVYDLDGKLIRKFLLDHYTNGIDVHEDSNILYTVSSSEENAINKYRLPL,733,1892,355,99.718,354,1,355,0,0,100.00,100,/stor/scratch/Wilke/contig/database/metagenomic_contig_database/EMBL_EBI/EBI/um/UMIP01.fasta.gz
ENA|UMIP01055723|UMIP01055723.1,28522..74641,tr|A0A413I810|A0A413I810_9BACT Uncharacterized protein OS=Odoribacter splanchnicus OX=28118 GN=DXA53_16585 PE=4 SV=1,52403..52903,lcl|52403|52903|2|1,1,tr|A0A413I810|A0A413I810_9BACT,1.67e-116,tr|A0A413I810|A0A413I810_9BACT Uncharacterized protein OS=Odoribacter splanchnicus OX=28118 GN=DXA53_16585 PE=4 SV=1,MKKIFYYLLPLFLLSQSGTAQQDSLTLRITDEKGQIIIGAIVLQYPESYLLGASNEKGEVEIKGLHIPARQQLVFQCLGYEMKALPFQEVKQHPNVRLKEKTTELPEAVVLAQPLPRLLALTHKQLYKKYPAKKEYVRYYAPASYYKSVECKGHCVNLRHEYGLFI,335,860,166,100.000,166,0,166,0,0,100.00,100,/stor/scratch/Wilke/contig/database/metagenomic_contig_database/EMBL_EBI/EBI/um/UMIP01.fasta.gz
ENA|UMIP01055723|UMIP01055723.1,28522..74641,tr|A0A1Q6IMB4|A0A1Q6IMB4_9BACT Uncharacterized protein OS=Odoribacter sp. 43_10 OX=1897010 GN=BHV82_04240 PE=4 SV=1,52963..53244,lcl|52963|53244|1|1,1,tr|A0A1Q6IMB4|A0A1Q6IMB4_9BACT,3.72e-51,tr|A0A1Q6IMB4|A0A1Q6IMB4_9BACT Uncharacterized protein OS=Odoribacter sp. 43_10 OX=1897010 GN=BHV82_04240 PE=4 SV=1,MIKVFIYSCLLLVFLINCKSNIPEARNKTDYSQITHYSSRSAHPISSVNFDTIRIDAGNENEMTSLLGSFLFLGDTLCFADRELSEKRALGRG,174,441,85,98.824,84,1,84,0,0,98.82,91,/stor/scratch/Wilke/contig/database/metagenomic_contig_database/EMBL_EBI/EBI/um/UMIP01.fasta.gz
ENA|UMIP01055723|UMIP01055723.1,28522..74641,tr|A0A5M4B8I7|A0A5M4B8I7_9FLAO Integrase OS=Capnocytophaga sp. KC07070 OX=2267611 GN=RCZ01_12250 PE=4 SV=1,53522..54751,lcl|53522|54751|2|1,1,tr|A0A5M4B8I7|A0A5M4B8I7_9FLAO,0.00e+00,tr|A0A5M4B8I7|A0A5M4B8I7_9FLAO Integrase OS=Capnocytophaga sp. KC07070 OX=2267611 GN=RCZ01_12250 PE=4 SV=1,MQTDKFKVLLYLKKSGLDKSGQAPIMGRITYGRTIAQFSCKLSCDPKLWNARESRLNGKSREAVVTNGKLERLLLSVQSAYRVLCERGIVFTATDIKEQFQGSMQSQITFLERYDRMVKEMEQKVGIEIKATTLNSYYTTRKHLQAFICEKYHTTDISFGQIEEDFLECLQHYSVGKLGHSQGYYRKMALAVKKVCRLAYREGLTERQLFAHVQIERGENKQPRALDRASLDKLLGLTFEPYEVELETARNLFLFSCFTGVAYCDMVAIGREHLFADDEGALWLKFRRQKTDTLCRVKLLPEAIHLIEHYQSDERTTLFAPIAYSAYLTQLKALQLRAGISIPLSAHVGRHTFATLITLERGVPIETVSRMLGHSNIQTTERYAHVTPKKLFDEFERFLSFTENLTLTI,817,2110,409,95.355,390,19,400,0,0,97.80,100,/stor/scratch/Wilke/contig/database/metagenomic_contig_database/EMBL_EBI/EBI/um/UMIP01.fasta.gz
ENA|UMIP01055723|UMIP01055723.1,28522..74641,tr|A0A1T4Q501|A0A1T4Q501_9PORP Site-specific recombinase XerD OS=Porphyromonas circumdentaria OX=29524 GN=SAMN02745171_01700 PE=4 SV=1,54757..55920,lcl|54757|55920|1|1,1,tr|A0A1T4Q501|A0A1T4Q501_9PORP,0.00e+00,tr|A0A1T4Q501|A0A1T4Q501_9PORP Site-specific recombinase XerD OS=Porphyromonas circumdentaria OX=29524 GN=SAMN02745171_01700 PE=4 SV=1,MRSTFKILFYINKSKTKADGTTSILCRITIDGVNVVITTGESVLPHDWSVKRGETMDKKTNQRLQTFREEIEQGYNTLLYKYGAVSAELLKNYLQGIGRNPTTLLALSTEELNAQRESKSEGTYSNNRSSDKQLNAFVRNRGEEDIPLTALTIDFFDDYRFYLKKEGYAPATINKHLCWLSRLMYRAVSQGTIRFNPFEEVKYEAVERKPRFLSKGDVAKLLAFPLQEEGAELSRRMFLFSVFTGLAFADLQSLRASQIETNSEGKRYIRKARQKTEVESLIPLHPIAEQILSLYTKEESKEDYKIFPDTMSKSKLLTHLKAVGLACGIRTPLGYHVGRHSFGTLTLEAGIPIESIAKMMGHSSIASTQIYAQITDQKIAKDMERLM,781,2018,387,96.899,375,12,383,0,0,98.97,100,/stor/scratch/Wilke/contig/database/metagenomic_contig_database/EMBL_EBI/EBI/um/UMIP01.fasta.gz
ENA|UMIP01055723|UMIP01055723.1,28522..74641,tr|A7AG99|A7AG99_9BACT Uncharacterized protein OS=Parabacteroides merdae ATCC 43184 OX=411477 GN=PARMER_02444 PE=4 SV=1,56556..56017,lcl|56556|56017|2|-1,-1,tr|A7AG99|A7AG99_9BACT,7.02e-122,tr|A7AG99|A7AG99_9BACT Uncharacterized protein OS=Parabacteroides merdae ATCC 43184 OX=411477 GN=PARMER_02444 PE=4 SV=1,MARATTKADLTASANGQFDKMWKLIDSMSEERQKTAFADEMATAGKETHWGRDKNLRDVLVHLYEWHQLLLDWVQANSNGEPKPFLPEPYNWKTYPTMNVGFWKKHQNTPLEEAKAKLRESHKDVMALIEQFSNDELFAKGALAWTGTSPLGAYCVSATASHYDWAMKKIKLHIKTSKG,350,898,179,93.296,167,12,171,0,0,95.53,100,/stor/scratch/Wilke/contig/database/metagenomic_contig_database/EMBL_EBI/EBI/um/UMIP01.fasta.gz
ENA|UMIP01055723|UMIP01055723.1,28522..74641,tr|A7AGA0|A7AGA0_9BACT Glyoxalase family protein OS=Parabacteroides merdae ATCC 43184 OX=411477 GN=PARMER_02445 PE=4 SV=1,56921..56565,lcl|56921|56565|3|-1,-1,tr|A7AGA0|A7AGA0_9BACT,1.54e-79,tr|A7AGA0|A7AGA0_9BACT Glyoxalase family protein OS=Parabacteroides merdae ATCC 43184 OX=411477 GN=PARMER_02445 PE=4 SV=1,MKIKRIYACWIYVSDLQRSQEFYRNIGFDIKVVDGDWIEFALGETSFAILKRPESNGEVVASKTRIMFEVEDIELVRDELKSKNVKIIGNIREEPYGKLLTFEDPDGHWLEFYQLYNE,238,607,118,98.305,116,2,116,0,0,98.31,100,/stor/scratch/Wilke/contig/database/metagenomic_contig_database/EMBL_EBI/EBI/um/UMIP01.fasta.gz
ENA|UMIP01055723|UMIP01055723.1,28522..74641,tr|A0A3R6KFM9|A0A3R6KFM9_9BACT DUF3795 domain-containing protein OS=Parabacteroides merdae OX=46503 GN=DW784_00995 PE=4 SV=1,57340..56924,lcl|57340|56924|1|-1,-1,tr|A0A3R6KFM9|A0A3R6KFM9_9BACT,4.15e-86,tr|A0A3R6KFM9|A0A3R6KFM9_9BACT DUF3795 domain-containing protein OS=Parabacteroides merdae OX=46503 GN=DW784_00995 PE=4 SV=1,MRIDSIDIEMFAPCGMNCTVCYKHCHTRKIQKPCSGCMQENKSKPVHCRKCKIKDCVQLKEITYCYQCGDFPCRLIRNLEKSYNSHYDESLVENSEIVKGNGVFYFMETHSARYTCTECGGIVSLHDKVCTECGKRTR,256,655,138,89.855,124,14,130,0,0,94.20,100,/stor/scratch/Wilke/contig/database/metagenomic_contig_database/EMBL_EBI/EBI/um/UMIP01.fasta.gz
ENA|UMIP01055723|UMIP01055723.1,28522..74641,"tr|A7AGA2|A7AGA2_9BACT Acetyltransferase, GNAT family OS=Parabacteroides merdae ATCC 43184 OX=411477 GN=PARMER_02447 PE=4 SV=1",57941..57330,lcl|57941|57330|3|-1,-1,tr|A7AGA2|A7AGA2_9BACT,2.42e-125,"tr|A7AGA2|A7AGA2_9BACT Acetyltransferase, GNAT family OS=Parabacteroides merdae ATCC 43184 OX=411477 GN=PARMER_02447 PE=4 SV=1",MTEGQTIKEKTFINRSMELQTKRLILRPWQESDAEALYKYACNPNIGPIAGWSPHTSVENSREIIKSVLSAPETYAVVLKETGETVGSVGIMTVRSEIRFAKMTGSECEIGYWIGEPYWGQGLIPEAVSELLRYAFEDLQMTTVWCGYFDGNEKSKRVQEKCGFTYSHTEYDKLVLLLNDFRTEHFTKLTLEEWKERKDRYEN,360,925,187,90.909,170,17,177,0,0,94.65,92,/stor/scratch/Wilke/contig/database/metagenomic_contig_database/EMBL_EBI/EBI/um/UMIP01.fasta.gz
ENA|UMIP01055723|UMIP01055723.1,28522..74641,tr|F8NCI0|F8NCI0_9BACT Glyoxalase/bleomycin resistance protein/dioxygenase OS=Prevotella multisaccharivorax DSM 17128 OX=688246 GN=Premu_1605 PE=4 SV=1,58374..57955,lcl|58374|57955|2|-1,-1,tr|F8NCI0|F8NCI0_9BACT,3.75e-92,tr|F8NCI0|F8NCI0_9BACT Glyoxalase/bleomycin resistance protein/dioxygenase OS=Prevotella multisaccharivorax DSM 17128 OX=688246 GN=Premu_1605 PE=4 SV=1,MRQKLTLITLGVKDFQKALAFYEGLGWKKSQQSQESYALFPLGGIVLGLYPLQELEKDTTLSHQQTAFSGMTISYNATSEEEVDAVMQEAERLGATVVKPAQKVFWGGYSGYFKDLDGYVFEVAYNPFWKIDNEGNLVM,272,695,139,93.525,130,9,136,0,0,97.84,100,/stor/scratch/Wilke/contig/database/metagenomic_contig_database/EMBL_EBI/EBI/um/UMIP01.fasta.gz
ENA|UMIP01055723|UMIP01055723.1,28522..74641,tr|A0A5M4B8K7|A0A5M4B8K7_9FLAO Transcriptional regulator OS=Capnocytophaga sp. KC07070 OX=2267611 GN=RCZ01_12330 PE=4 SV=1,58753..58466,lcl|58753|58466|1|-1,-1,tr|A0A5M4B8K7|A0A5M4B8K7_9FLAO,6.27e-60,tr|A0A5M4B8K7|A0A5M4B8K7_9FLAO Transcriptional regulator OS=Capnocytophaga sp. KC07070 OX=2267611 GN=RCZ01_12330 PE=4 SV=1,MEYETINKETPEMKQLISGIQEVSKRMREIAQTHRPLFGGEIYLTGREVCERLFVSPRTLQDYRDKGIIPYTQIAGKILYRLSDISRLLQENYRR,187,474,95,95.789,91,4,94,0,0,98.95,100,/stor/scratch/Wilke/contig/database/metagenomic_contig_database/EMBL_EBI/EBI/um/UMIP01.fasta.gz
ENA|UMIP01055723|UMIP01055723.1,28522..74641,tr|A0A2D3LK60|A0A2D3LK60_PREIN DNA-binding protein OS=Prevotella intermedia OX=28131 GN=CTM46_04445 PE=4 SV=1,59034..58765,lcl|59034|58765|2|-1,-1,tr|A0A2D3LK60|A0A2D3LK60_PREIN,1.52e-57,tr|A0A2D3LK60|A0A2D3LK60_PREIN DNA-binding protein OS=Prevotella intermedia OX=28131 GN=CTM46_04445 PE=4 SV=1,MRFTAIDTSAWEELKKSIEELAFCVREQFGTKPEVPDLLHNGNVCRILNISKRTLQHYRDMSVLPFIQIGHKCYYKREDVEALLAKSNR,180,457,89,94.382,84,5,87,0,0,97.75,100,/stor/scratch/Wilke/contig/database/metagenomic_contig_database/EMBL_EBI/EBI/um/UMIP01.fasta.gz
ENA|UMIP01055723|UMIP01055723.1,28522..74641,tr|A0A1T4Q3G9|A0A1T4Q3G9_9PORP Toprim-like OS=Porphyromonas circumdentaria OX=29524 GN=SAMN02745171_01691 PE=4 SV=1,59812..60828,lcl|59812|60828|1|1,1,tr|A0A1T4Q3G9|A0A1T4Q3G9_9PORP,0.00e+00,tr|A0A1T4Q3G9|A0A1T4Q3G9_9PORP Toprim-like OS=Porphyromonas circumdentaria OX=29524 GN=SAMN02745171_01691 PE=4 SV=1,MKSRYYDLQNIKAIPIADYLHACGIKPAKRYNGYALYHAPYREDPNASLKVDFRQNLWHDYGTSQGGSIIDLVMQMRGCSAYEAMTHLAEGKATTLAPSSFHREAHIGQRRDEQRPNNTRRILSINEALPLHLQSYLREVRKIDLAVASPYLCHVRYEVGGREYSAIGFANRAGGYELRDDKTFKGTIAPKDISVIAGETHNAPHCIFEGFMDFLSHLTMKGKETAPCLVLNSVSNLPRAIAYLHEKGSDSVRAFLDNDQAGRQALQSIQSSGIKVEDMSRHYARYKDLNEYHVARCSKQQEKLIGNPKITNYQLGESSLEIERRRTVRPVIVKHKIR,617,1590,338,87.574,296,42,314,0,0,92.90,100,/stor/scratch/Wilke/contig/database/metagenomic_contig_database/EMBL_EBI/EBI/um/UMIP01.fasta.gz
ENA|UMIP01055723|UMIP01055723.1,28522..74641,tr|U2DQG4|U2DQG4_9BACE Uncharacterized protein OS=Bacteroides pyogenes F0041 OX=1321819 GN=HMPREF1981_02599 PE=4 SV=1,60832..61338,lcl|60832|61338|1|1,1,tr|U2DQG4|U2DQG4_9BACE,4.87e-102,tr|U2DQG4|U2DQG4_9BACE Uncharacterized protein OS=Bacteroides pyogenes F0041 OX=1321819 GN=HMPREF1981_02599 PE=4 SV=1,MKKEFDLSHYLNHPEKSDGSQILSEIVSKAVSTKQETEQAEQSRQSESSQHSSVSEQTLPSESLNEAKEAVKAEHTEQEKQQAVSCIPRRISHKQRQESLESYREAFLLPHKIIDRKATYLSRSTWERLEFVVRRLGDYGANVSSFLECIALRHLEEYSEDIERWRKL,299,766,168,87.500,147,21,158,0,0,94.05,100,/stor/scratch/Wilke/contig/database/metagenomic_contig_database/EMBL_EBI/EBI/um/UMIP01.fasta.gz
ENA|UMIP01055723|UMIP01055723.1,28522..74641,tr|A0A1T4Q3C2|A0A1T4Q3C2_9PORP Uncharacterized protein OS=Porphyromonas circumdentaria OX=29524 GN=SAMN02745171_01689 PE=4 SV=1,61816..61526,lcl|61816|61526|1|-1,-1,tr|A0A1T4Q3C2|A0A1T4Q3C2_9PORP,3.08e-45,tr|A0A1T4Q3C2|A0A1T4Q3C2_9PORP Uncharacterized protein OS=Porphyromonas circumdentaria OX=29524 GN=SAMN02745171_01689 PE=4 SV=1,MTEKVADPLQYPNGFPFVFSQLGNGNNLSRKQRLPTELGEPFTRPFRSLLYPCFLLFGAAYPKNLGLIIPLVSFLFICFGFHISLFIKAFRPMRTK,150,378,96,80.208,77,19,80,0,0,83.33,100,/stor/scratch/Wilke/contig/database/metagenomic_contig_database/EMBL_EBI/EBI/um/UMIP01.fasta.gz
ENA|UMIP01055723|UMIP01055723.1,28522..74641,tr|A0A0G3M1G9|A0A0G3M1G9_9FLAO Uncharacterized protein OS=Chryseobacterium gallinarum OX=1324352 GN=OK18_08825 PE=4 SV=1,61571..61975,lcl|61571|61975|2|1,1,tr|A0A0G3M1G9|A0A0G3M1G9_9FLAO,4.22e-88,tr|A0A0G3M1G9|A0A0G3M1G9_9FLAO Uncharacterized protein OS=Chryseobacterium gallinarum OX=1324352 GN=OK18_08825 PE=4 SV=1,MKPKTDKEKRNKGDNKTQILRIRCSEEEKTRIQKRAERTGKRLSEFCREALLTGEIVAVPQLGEHEREAIRVLQRVSYFFSHISNLIKTKDPSWVAIAKNLSCISLHAFERFYSPRYRITDEVYDVLNIKRNDS,261,667,134,94.776,127,7,129,0,0,96.27,100,/stor/scratch/Wilke/contig/database/metagenomic_contig_database/EMBL_EBI/EBI/um/UMIP01.fasta.gz
ENA|UMIP01055723|UMIP01055723.1,28522..74641,tr|A0A0G3M3V5|A0A0G3M3V5_9FLAO Mobilization protein OS=Chryseobacterium gallinarum OX=1324352 GN=OK18_08820 PE=4 SV=1,61965..62966,lcl|61965|62966|3|1,1,tr|A0A0G3M3V5|A0A0G3M3V5_9FLAO,0.00e+00,tr|A0A0G3M3V5|A0A0G3M3V5_9FLAO Mobilization protein OS=Chryseobacterium gallinarum OX=1324352 GN=OK18_08820 PE=4 SV=1,MIAKCKAIAHGKTALEYIFRETKLKNKLLIQNLCGDTAERIYEEMSLVNQFNSRCRNKFLRIEIGIAPKDEAGMNWKKLREIASEFIQAMKLQEHQVVAVTHKDTDNLHIHIIANRMNMNGMVYDTTFVSNKAARVAEELSRKHGLTIANEIRVEKRYQKPRANQTREASKEKLRTMAYGLLGKYTNGGVNGYASFRYDLRRQGVTVEQMKNKKGSVYGLKFHFEGQTFKTSEIGREFGYNSLLKQFGLSYAAPHRSSVPIYQPKEPLQEEKTQLPTPESSLVESVVEVAEGITSSVGGVLDFQVHGEDYAETAFQRRLRQEANKRKKRGRRM,627,1617,335,90.448,303,30,317,2,2,94.63,100,/stor/scratch/Wilke/contig/database/metagenomic_contig_database/EMBL_EBI/EBI/um/UMIP01.fasta.gz
ENA|UMIP01055723|UMIP01055723.1,28522..74641,tr|A0A0B7HG80|A0A0B7HG80_9FLAO Uncharacterized protein OS=Capnocytophaga cynodegmi OX=28189 GN=CCYN74_40224 PE=4 SV=1,64456..63377,lcl|64456|63377|1|-1,-1,tr|A0A0B7HG80|A0A0B7HG80_9FLAO,0.00e+00,tr|A0A0B7HG80|A0A0B7HG80_9FLAO Uncharacterized protein OS=Capnocytophaga cynodegmi OX=28189 GN=CCYN74_40224 PE=4 SV=1,MNFGNDQKIESVNQSTIVQAKGDINFNGITAETAMEICKYVVKAELAVYTQDARVEAEKRLSDISEKTIDRITSLKEDLLHRFKEPAIQMALNETFKNYIASGNEDLGENLIDLLIERLNVQERTTEQSIIDEARNIIPKLSSNTVSLLAIMVFSKLIFPYNKKQYDDLLLKLAPLVEKLKNISSLDIAHLKQVGCGYGISAFHVVEPLEKYLLSDYDLFFRHSISLDELNYIFQKYPQLMNVSQQTNLLYIMGLFSIEGQYVSFNVTNTKTVTEAFNQANKDQLIPLFEDLKNKAIPFTEDEVCNYHIQKDARWQYAFDVFKNNQITTFQLNPVGVYIGIRQLTKICEMSIPMSLFYV,735,1898,359,99.721,358,1,359,0,0,100.00,100,/stor/scratch/Wilke/contig/database/metagenomic_contig_database/EMBL_EBI/EBI/um/UMIP01.fasta.gz
ENA|UMIP01055723|UMIP01055723.1,28522..74641,tr|A0A379E0E2|A0A379E0E2_9BACT Uncharacterized protein OS=Prevotella disiens OX=28130 GN=NCTC11157_01531 PE=4 SV=1,64634..64440,lcl|64634|64440|3|-1,-1,tr|A0A379E0E2|A0A379E0E2_9BACT,8.35e-37,tr|A0A379E0E2|A0A379E0E2_9BACT Uncharacterized protein OS=Prevotella disiens OX=28130 GN=NCTC11157_01531 PE=4 SV=1,MIVMDFLKDNSVWITPLLVAIVGGVISGIFYLIKKGGKSNKQTIKDVHNSTINQVNGNNNEFRE,126,316,64,96.875,62,2,64,0,0,100.00,100,/stor/scratch/Wilke/contig/database/metagenomic_contig_database/EMBL_EBI/EBI/um/UMIP01.fasta.gz
ENA|UMIP01055723|UMIP01055723.1,28522..74641,tr|A0A0B7HH85|A0A0B7HH85_9FLAO Uncharacterized protein OS=Capnocytophaga cynodegmi OX=28189 GN=CCYN74_40222 PE=4 SV=1,64777..65028,lcl|64777|65028|1|1,1,tr|A0A0B7HH85|A0A0B7HH85_9FLAO,1.41e-52,tr|A0A0B7HH85|A0A0B7HH85_9FLAO Uncharacterized protein OS=Capnocytophaga cynodegmi OX=28189 GN=CCYN74_40222 PE=4 SV=1,MLRKIDSFDDRIAEMYRTETPQRGTAKAYSGLYKREFTEEDSEIRIIKDEKKRSLLTINGLPIADWCEQKWKQLINRNRSHRL,168,425,83,96.386,80,3,82,0,0,98.80,100,/stor/scratch/Wilke/contig/database/metagenomic_contig_database/EMBL_EBI/EBI/um/UMIP01.fasta.gz
ENA|UMIP01055723|UMIP01055723.1,28522..74641,tr|A0A1Q6IMB4|A0A1Q6IMB4_9BACT Uncharacterized protein OS=Odoribacter sp. 43_10 OX=1897010 GN=BHV82_04240 PE=4 SV=1,65284..66222,lcl|65284|66222|1|1,1,tr|A0A1Q6IMB4|A0A1Q6IMB4_9BACT,0.00e+00,tr|A0A1Q6IMB4|A0A1Q6IMB4_9BACT Uncharacterized protein OS=Odoribacter sp. 43_10 OX=1897010 GN=BHV82_04240 PE=4 SV=1,MEQSTLFLYDRDGRFLGTHLSYGRGPQEIQGIYEITALPQGGYAIINDWHLNIFDQSWGGKQQLRIDWQNDKTPEILLASPGPDESGIYEIEHFTGRLCPLGNYLAIAIVTDCITYNGFRSNSQAAHFYENSYTLGLIDPRTGKVERMMCTHSPIYKQYRHIPNFKSILFDTDTENTLFYSFQIDSLIYQTDFKNNTLQSFGLAGHPMNTDYRETNTFEEATNNYKEDYKKFGSYRYLKYIPETKVLFRNFYHGEPSCGETVQAYKNQTLVAEFNVPDNFRIFGYSAPYYYAYGKPDLDTENMIIYKFKLEI,649,1674,311,99.678,310,1,311,0,0,100.00,99,/stor/scratch/Wilke/contig/database/metagenomic_contig_database/EMBL_EBI/EBI/um/UMIP01.fasta.gz
ENA|UMIP01055723|UMIP01055723.1,28522..74641,tr|A0A1Q6IMC4|A0A1Q6IMC4_9BACT AhpC-TSA domain-containing protein OS=Odoribacter sp. 43_10 OX=1897010 GN=BHV82_04245 PE=4 SV=1,66281..66820,lcl|66281|66820|2|1,1,tr|A0A1Q6IMC4|A0A1Q6IMC4_9BACT,4.66e-129,tr|A0A1Q6IMC4|A0A1Q6IMC4_9BACT AhpC-TSA domain-containing protein OS=Odoribacter sp. 43_10 OX=1897010 GN=BHV82_04245 PE=4 SV=1,MVKFFSICLVVLLLCSCHSRRKEIARIVEEWKNKEVIFPDPLLVKVQGRDTILPDFQERKYKILNYIDTSGCTECRMKLAEWQLLKQEIDSLGYDVDILFVAWVHNYDELEILQRANRCQLPFLYDPQGDMQKINQFPAEPAFQTFLLDSLNRVLLIGSPVENDKIWTLYQRSLSSSPL,368,945,179,100.000,179,0,179,0,0,100.00,100,/stor/scratch/Wilke/contig/database/metagenomic_contig_database/EMBL_EBI/EBI/um/UMIP01.fasta.gz
ENA|UMIP01055723|UMIP01055723.1,28522..74641,tr|A0A1Q6IMB0|A0A1Q6IMB0_9BACT Uncharacterized protein OS=Odoribacter sp. 43_10 OX=1897010 GN=BHV82_04250 PE=4 SV=1,67625..66954,lcl|67625|66954|3|-1,-1,tr|A0A1Q6IMB0|A0A1Q6IMB0_9BACT,3.29e-164,tr|A0A1Q6IMB0|A0A1Q6IMB0_9BACT Uncharacterized protein OS=Odoribacter sp. 43_10 OX=1897010 GN=BHV82_04250 PE=4 SV=1,MEKLKVLYAEDDPLTVMEVAEQLEERGFEVIVATNGTEALKLFRERQPNVVLLDVDMPGHNGFEVLQIIRLTDHYTPIVIYSSLGDEANQMRGLESGAYTYLVKNCAPAVVAAQVYNCLSKNGSDKICLGEKSFFDLLSGELWIGERKEKLVGLEFKIFTMLCRNREKTVSRELLIKAGWDKDDYKLHLQLNKYISILRHKISLTSASIVTDKFNGYMLKVTR,461,1185,223,100.000,223,0,223,0,0,100.00,100,/stor/scratch/Wilke/contig/database/metagenomic_contig_database/EMBL_EBI/EBI/um/UMIP01.fasta.gz
ENA|UMIP01055723|UMIP01055723.1,28522..74641,tr|A0A1Q6IMQ1|A0A1Q6IMQ1_9BACT Histidine kinase domain-containing protein OS=Odoribacter sp. 43_10 OX=1897010 GN=BHV82_04255 PE=4 SV=1,68683..67613,lcl|68683|67613|1|-1,-1,tr|A0A1Q6IMQ1|A0A1Q6IMQ1_9BACT,0.00e+00,tr|A0A1Q6IMQ1|A0A1Q6IMQ1_9BACT Histidine kinase domain-containing protein OS=Odoribacter sp. 43_10 OX=1897010 GN=BHV82_04255 PE=4 SV=1,MEKYISLGRQVVYDCLFENKCLDIQKIAVLYHKALQEKGISESPYLIIKGLDGNKLLLSDKLNVEPNSITTSPLNLGYDYKHQITASFKLPFVFRALKGVLWIELLFLIGFVICLVWQWNSIKMTLRSVRVQTMGIAHLEHELKKSLATMISAIGGMLKRKESVLCPTDEVKLGMIKARLMKMADITDTMLTSLKTSVLEVEREPIDLQLELEMITEMFTMIRKHARVEYHIAEGLGYPCLDKIYFNYIVINLVDNAIKYGGAHPVVKINFYEEGTDYILVVEDNGMGIAPKDQKQIFKQFYRVRNQQVTKTTGFGLGLTFVHKVVCAYGGKIHIESEIGNGSKFLIILPQVSWKN,731,1886,356,99.719,355,1,355,0,0,99.72,100,/stor/scratch/Wilke/contig/database/metagenomic_contig_database/EMBL_EBI/EBI/um/UMIP01.fasta.gz
ENA|UMIP01055723|UMIP01055723.1,28522..74641,tr|F9ZCB5|F9ZCB5_ODOSD Uncharacterized protein OS=Odoribacter splanchnicus (strain ATCC 29572 / DSM 20712 / CIP 104287 / JCM 15291 / NCTC 10825 / 1651/6) OX=709991 GN=Odosp_1321 PE=4 SV=1,69053..69301,lcl|69053|69301|2|1,1,tr|F9ZCB5|F9ZCB5_ODOSD,9.81e-52,tr|F9ZCB5|F9ZCB5_ODOSD Uncharacterized protein OS=Odoribacter splanchnicus (strain ATCC 29572 / DSM 20712 / CIP 104287 / JCM 15291 / NCTC 10825 / 1651/6) OX=709991 GN=Odosp_1321 PE=4 SV=1,MKKKVKFLIGGIVFSISLSINFIISSNSEETILYFDNIDAIAEKESGDDFTPTCIKAGYLCTGIDKNGNMGTFDGLSAEMHN,166,419,82,100.000,82,0,82,0,0,100.00,100,/stor/scratch/Wilke/contig/database/metagenomic_contig_database/EMBL_EBI/EBI/um/UMIP01.fasta.gz
ENA|UMIP01055723|UMIP01055723.1,28522..74641,tr|R6F8M2|R6F8M2_9BACT Uncharacterized protein OS=Odoribacter splanchnicus CAG:14 OX=1263090 GN=BN493_02981 PE=4 SV=1,69309..70379,lcl|69309|70379|3|1,1,tr|R6F8M2|R6F8M2_9BACT,0.00e+00,tr|R6F8M2|R6F8M2_9BACT Uncharacterized protein OS=Odoribacter splanchnicus CAG:14 OX=1263090 GN=BN493_02981 PE=4 SV=1,MKKLHYIIISALLVGGCQSDPRLESEASPLVRTKVSELYYAQSDNIDLEALNIVSPSKFVKKGNLYAILTPNSAYRFAIYDSESGNVTRLVPAGKNEGEGMYYISMNLQGDIVSAFDFGSGRLVEIDLNEYATPGYRPVFTSLAEDGKTPFGAIRLDERILSTGLYTAGRYCISQATGYNSYSVSYPTCADPTLTDTLKSIFYASNILALNPMHSKVACANMQSGCLDICEIHDNELSRINEVHMTTPRVKFNRHRPKGRGLTHPVTYSRNNLFGFCDLAVSENYIFALYSGRTLKDYNLDVDKGKTIVVFDWNGLHVRTYQLQNACSAISYDAADNTIYALSQEGNKPQIITLNL,738,1906,356,100.000,356,0,356,0,0,100.00,100,/stor/scratch/Wilke/contig/database/metagenomic_contig_database/EMBL_EBI/EBI/um/UMIP01.fasta.gz
ENA|UMIP01055723|UMIP01055723.1,28522..74641,tr|A0A1Y3YQB2|A0A1Y3YQB2_9BACT Uncharacterized protein OS=Odoribacter splanchnicus OX=28118 GN=DWW57_18245 PE=4 SV=1,71106..70864,lcl|71106|70864|2|-1,-1,tr|A0A1Y3YQB2|A0A1Y3YQB2_9BACT,1.49e-37,tr|A0A1Y3YQB2|A0A1Y3YQB2_9BACT Uncharacterized protein OS=Odoribacter splanchnicus OX=28118 GN=DWW57_18245 PE=4 SV=1,MTNLEKIIFSKEWSMFFNIPKIKIIDNLFIVSCLLLKHFDKKELKKERNKKSGLGKCFFPLLLCSLLCVVFSFNRLTLYN,129,323,66,100.000,66,0,66,0,0,100.00,83,/stor/scratch/Wilke/contig/database/metagenomic_contig_database/EMBL_EBI/EBI/um/UMIP01.fasta.gz
ENA|UMIP01055723|UMIP01055723.1,28522..74641,tr|F9ZCB7|F9ZCB7_ODOSD Uncharacterized protein OS=Odoribacter splanchnicus (strain ATCC 29572 / DSM 20712 / CIP 104287 / JCM 15291 / NCTC 10825 / 1651/6) OX=709991 GN=Odosp_1323 PE=4 SV=1,71430..72485,lcl|71430|72485|3|1,1,tr|F9ZCB7|F9ZCB7_ODOSD,0.00e+00,tr|F9ZCB7|F9ZCB7_ODOSD Uncharacterized protein OS=Odoribacter splanchnicus (strain ATCC 29572 / DSM 20712 / CIP 104287 / JCM 15291 / NCTC 10825 / 1651/6) OX=709991 GN=Odosp_1323 PE=4 SV=1,MGNAFLNSESSHFSDIQAFNLILLGILYLTVRILSGLSQYIQLTVVLGLLFYFLGEAIAGFGQIHDFVAPRHLIAQMSGSFQNSESYDGLLACLLPLSLSLALRANDAPSKRYLVVPVLSGFCTFLVLTLIPASMNPCCWFIAGIGCYVVVLYHFRTFRSYKLLLRWYPKRVIFFTLLLFVLLFKIGDSMYTSMKNPEADCTFLWEQSVGLIRRSPDQGYGLGSFSQLVSTPHLSEKGSISPDSPEIWAIDNHTSYCFNEYLRITVENGIPGLLWFLLFLITAFYNALRCGQIGLSGCLLAFGIFAYFSNIFDIIPLSIILTIIPALCGRRLPFLQPHCRKRPAYCSILSQ,709,1830,351,100.000,351,0,351,0,0,100.00,100,/stor/scratch/Wilke/contig/database/metagenomic_contig_database/EMBL_EBI/EBI/um/UMIP01.fasta.gz
ENA|UMIP01055723|UMIP01055723.1,28522..74641,tr|R6F516|R6F516_9BACT Two component transcriptional regulator winged helix family OS=Odoribacter splanchnicus CAG:14 OX=1263090 GN=BN493_00220 PE=4 SV=1,73126..72461,lcl|73126|72461|1|-1,-1,tr|R6F516|R6F516_9BACT,5.12e-161,tr|R6F516|R6F516_9BACT Two component transcriptional regulator winged helix family OS=Odoribacter splanchnicus CAG:14 OX=1263090 GN=BN493_00220 PE=4 SV=1,MTILYAEDDSMTVMEVQEKLENNGYEVIVAYDGNEALEKFIACKPDLIVLDVDMPGKDGLEVLQFIRLQDSQTPVIIYSCLIDEEKQIKGLEWGANVYLLKNYSPTLLLAQIQRCIARSGEEVIRLSKQVEYDFSACNLRVSDVVYHLTMLENKIFSILCKNRNTLVAREDLLKAGWNSQAPNCSLQLNKMVSRLRKLLKGDHSVYILTEKPLGYWLKIEQ,452,1164,221,100.000,221,0,221,0,0,100.00,100,/stor/scratch/Wilke/contig/database/metagenomic_contig_database/EMBL_EBI/EBI/um/UMIP01.fasta.gz
ENA|UMIP01055723|UMIP01055723.1,28522..74641,tr|A0A6I2QAP9|A0A6I2QAP9_9BACT GHKL domain-containing protein OS=Odoribacter splanchnicus OX=28118 GN=GKD75_04555 PE=4 SV=1,74416..73136,lcl|74416|73136|1|-1,-1,tr|A0A6I2QAP9|A0A6I2QAP9_9BACT,0.00e+00,tr|A0A6I2QAP9|A0A6I2QAP9_9BACT GHKL domain-containing protein OS=Odoribacter splanchnicus OX=28118 GN=GKD75_04555 PE=4 SV=1,MLFLFLLGQGVWIYHVRELKVKEFKMRAGYLLSEVAEEYIADEGLKYLAYGRDSSFRNGRLRENKDEKCFPVNHFYVFSEDKIHLVYDDLYENRELDVRRLDSLLRNALTERSMPPLVCWAISDRNTGHILLTCGKVSGSDKLIQAVPANLGCGFQHHLIASFELPFVFNAFMGILLVEVIFLLGFILSLLWQWHYIHTFWKTSEVKMMGAAHLEHELKKPIAILLNAVEDLMESNKDILTAREQLKLKMMRVRLIKMADMTDTLLMICGNSMPQFKCADLNVRQEMDMVLELFEILKPYAKVSFHITPEAASACLDQVYFFYMVVNLVDNAIKYSGDHPCVTIDCWKENDNFVIAVRDNGIGIPKREQKRIFRAFYRMNTRCVRRTTGFGLGLTFVRKVVDTYGGDIQVESKVGVGSSFIVVLPQ,887,2291,426,100.000,426,0,426,0,0,100.00,100,/stor/scratch/Wilke/contig/database/metagenomic_contig_database/EMBL_EBI/EBI/um/UMIP01.fasta.gz
ENA|UMIP01055723|UMIP01055723.1,28522..74641,CRISPR array,59600..59686,,,,,"Copies: 2, Repeat: 17, Spacer: 52",TGAAAAGAAAAAAGCAA,,,,,,,,,,,,/stor/scratch/Wilke/contig/database/metagenomic_contig_database/EMBL_EBI/EBI/um/UMIP01.fasta.gz
