ENA|SUMB01000010|SUMB01000010.1,0..92933,tr|A0A4U0MZU1|A0A4U0MZU1_9ACTN Histidine kinase OS=Streptomyces sp. jys28 OX=2571125 GN=FCH28_25900 PE=4 SV=1,1817..570,lcl|1817|570|3|-1,-1,tr|A0A4U0MZU1|A0A4U0MZU1_9ACTN,0.0,tr|A0A4U0MZU1|A0A4U0MZU1_9ACTN Histidine kinase OS=Streptomyces sp. jys28 OX=2571125 GN=FCH28_25900 PE=4 SV=1,MMRWRLSVRESWRPRVRSWRLSAREALGRSLRRLRRPPAREWWRLPAQGLWERIWEGLRPLDPYRSVKAALGALVIVSVIITTLLVFVAMHSATELRVITVFSIIASLLITQFVANSLTAPLGEMTDVTRSMAHGDYTRRVRSGRRDEFGDLASAFNRMAADLEAVDTHRKELVANVSHELRTPIAALRAVLENVVDGVSEPDPETMRTALKQTERLGRLVEHLLDLSRLDNGVVPLHARRFEVWPYLSGVLKEANMSRGASTLSALSGVAGSGTHTRTDVHLHLDVSPPELTAHADAERLHQVVANLIDNAIKHSPQHGRVTVHARRGEGPESLELEVQDEGPGIPESERYRVFERFNRGGPGASGPGTDGGTGLGLAIARWAVDLHGGRIGVAESPRGCRIRVTLPGLESARG,711,1834,358,99.721,357,1,358,0,0,100.00,86,/stor/scratch/Wilke/contig/database/metagenomic_contig_database/EMBL_EBI/EBI/su/SUMB01.fasta.gz
ENA|SUMB01000010|SUMB01000010.1,0..92933,tr|A0A1B6ACV0|A0A1B6ACV0_9ACTN Putative two-component response regulator OS=Streptomyces sp. NBRC 110611 OX=1621259 GN=SSP35_01_07790 PE=4 SV=1,2614..1814,lcl|2614|1814|1|-1,-1,tr|A0A1B6ACV0|A0A1B6ACV0_9ACTN,0.0,tr|A0A1B6ACV0|A0A1B6ACV0_9ACTN Putative two-component response regulator OS=Streptomyces sp. NBRC 110611 OX=1621259 GN=SSP35_01_07790 PE=4 SV=1,MALRCCPARRDHAGDMQGRAMDQTQTTQGGTAAATPGAQRRVLVVEDDPTIVDAIAARLRAEGFQVQTATDGPAAVDTAEAWQPDLLVLDVMLPGFDGLEVCRRVQAQRPVPVMMLTARDDETDMLVGLGVGADDYMTKPFSMRELAARVHVLLRRVERAALAAHTPRSGILRLGELEIDHAQRRVRVRGVDVHLTPTEFDLLVCLANTPRAVLSREQLLAEVWDWADASGTRTVDSHIKALRRKIGAERIRTVHGVGYALETPAA,514,1323,266,96.617,257,9,262,0,0,98.50,100,/stor/scratch/Wilke/contig/database/metagenomic_contig_database/EMBL_EBI/EBI/su/SUMB01.fasta.gz
ENA|SUMB01000010|SUMB01000010.1,0..92933,tr|A0A4U0MXR9|A0A4U0MXR9_9ACTN Spermidine synthase OS=Streptomyces sp. jys28 OX=2571125 GN=FCH28_25910 PE=4 SV=1,3432..2629,lcl|3432|2629|2|-1,-1,tr|A0A4U0MXR9|A0A4U0MXR9_9ACTN,3.75e-172,tr|A0A4U0MXR9|A0A4U0MXR9_9ACTN Spermidine synthase OS=Streptomyces sp. jys28 OX=2571125 GN=FCH28_25910 PE=4 SV=1,MIPNAGTAGPNGWTTAAAVGQDGGMAPVSPSYETHPAAGPQEAPRILDRRQGPYGEVVLRARGGTPAVYEIIANGCFLMDTSDGRSERLLIDAALSELPPGRTRPAVLIGGLGVGFSLVRAAEEPRWGRIAVVEREAAVIDWHRTGPLSAVSAAALADPRTEILHTDLVAYLRDGAGQDAFDALCLDIDNGPDWTVTEDNGSLYSPTGLAACRDRLTPGGVLAVWSAQPSPAFEQALRNAGFSGVRTEEIPVVRGVPDVVHLARKGA,484,1245,243,100.000,243,0,243,0,0,100.00,91,/stor/scratch/Wilke/contig/database/metagenomic_contig_database/EMBL_EBI/EBI/su/SUMB01.fasta.gz
ENA|SUMB01000010|SUMB01000010.1,0..92933,tr|A0A2U8VCG2|A0A2U8VCG2_9ACTN Uncharacterized protein OS=Streptomyces sp. NEAU-S7GS2 OX=2202000 GN=DKG71_28095 PE=4 SV=1,3296..4546,lcl|3296|4546|2|1,1,tr|A0A2U8VCG2|A0A2U8VCG2_9ACTN,1.58e-134,tr|A0A2U8VCG2|A0A2U8VCG2_9ACTN Uncharacterized protein OS=Streptomyces sp. NEAU-S7GS2 OX=2202000 GN=DKG71_28095 PE=4 SV=1,MRGASWGPAAGCVSYEGDTGAIPPSWPTAAAVVQPFGPAVPAFGIMAAVRLRSARRPLTWRISWRLRHVMHLTRTARSWVERAGWSPTFFTTTESRQRNHGRGTTPAWLFFGGGAPERKGLRAVSWLGTADGMSGDTAVEGGRTDGPAADPQRPPVLGGIPRQRGGPAPAAAPEAPAAPADGAGPAARSRTRWRPWKLLPTPLGTPFTFCYAALLAATSFFAEHADPSLVDELLRGSSTDVVHLARTPLLVLVASALWIAGGMTSAYAVGFLFVLTALERRIGGLRAAAVFFGGHALATLATELPVGFSVAAGQLPDSALHRLDYGISFGVMTCTGALAGLLPAWSRWPLLAGAGYLVVTDLLAYADPVSDWGHLLSLTLGVAGWPLLRRWRAQRATAAPLLGDLGHPALRGARTH,396,1018,296,75.000,222,61,236,5,13,79.73,70,/stor/scratch/Wilke/contig/database/metagenomic_contig_database/EMBL_EBI/EBI/su/SUMB01.fasta.gz
ENA|SUMB01000010|SUMB01000010.1,0..92933,tr|A0A561TM45|A0A561TM45_9ACTN DDE family transposase OS=Streptomyces capillispiralis OX=68182 GN=FHX78_111917 PE=4 SV=1,4973..4629,lcl|4973|4629|3|-1,-1,tr|A0A561TM45|A0A561TM45_9ACTN,1.02e-68,tr|A0A561TM45|A0A561TM45_9ACTN DDE family transposase OS=Streptomyces capillispiralis OX=68182 GN=FHX78_111917 PE=4 SV=1,MARIRIERYGPGRPRTRPDRVVADKGYSSTKIRSYLRRRGVKAAIPERIDQINGRIRRGESRCRLDRAAYRRRNVVERCFNRLKHNKALATRYDKRARHYQALVTIACLRLWLP,211,536,114,91.228,104,10,110,0,0,96.49,100,/stor/scratch/Wilke/contig/database/metagenomic_contig_database/EMBL_EBI/EBI/su/SUMB01.fasta.gz
ENA|SUMB01000010|SUMB01000010.1,0..92933,tr|A0A1C5E7W1|A0A1C5E7W1_9ACTN Putative transposase of IS4/5 family (Fragment) OS=Streptomyces sp. DconLS OX=1839766 GN=GA0115256_13154 PE=4 SV=1,5395..5123,lcl|5395|5123|1|-1,-1,tr|A0A1C5E7W1|A0A1C5E7W1_9ACTN,2.25e-58,tr|A0A1C5E7W1|A0A1C5E7W1_9ACTN Putative transposase of IS4/5 family (Fragment) OS=Streptomyces sp. DconLS OX=1839766 GN=GA0115256_13154 PE=4 SV=1,MGRPVRDRRQVVNGILWKLSTGAAWRDLPERYGPWKTVYERFRRWSADGTWDRLLAHVQQHSDAVGAVDWTIVCIDSTTVRAHQHAAGAR,183,465,90,98.889,89,1,90,0,0,100.00,100,/stor/scratch/Wilke/contig/database/metagenomic_contig_database/EMBL_EBI/EBI/su/SUMB01.fasta.gz
ENA|SUMB01000010|SUMB01000010.1,0..92933,tr|A0A4U0MYU9|A0A4U0MYU9_9ACTN DUF1877 family protein OS=Streptomyces sp. jys28 OX=2571125 GN=FCH28_25925 PE=4 SV=1,6326..5502,lcl|6326|5502|3|-1,-1,tr|A0A4U0MYU9|A0A4U0MYU9_9ACTN,1.14e-112,tr|A0A4U0MYU9|A0A4U0MYU9_9ACTN DUF1877 family protein OS=Streptomyces sp. jys28 OX=2571125 GN=FCH28_25925 PE=4 SV=1,MPQRKSVLRFGQGRPASLSIAKSAEAANGNATQHSPKQLPQSDCRPRSADCGPGSAACGPRSVLPGCGEGRSWDTVRELLPRGPWVLHSPSRPSWAALSVVAPSLRNMSMIGEYARVTPAELDRAVRDPEWALRLVGRRMDAEAARGTPPAKARCLDVDQAWGALGFLLARAAFPVDIVHGEDAIEDAEDWGYGPPRFLTPDRVRLAAKALDQISAEDLTSGVTPEDLAGARVYPALIWERGQSLDYVRHHYARLCPFFRTAADAGDGVLIWLG,330,847,165,100.000,165,0,165,0,0,100.00,60,/stor/scratch/Wilke/contig/database/metagenomic_contig_database/EMBL_EBI/EBI/su/SUMB01.fasta.gz
ENA|SUMB01000010|SUMB01000010.1,0..92933,tr|A0A4U0N970|A0A4U0N970_9ACTN Pentapeptide repeat-containing protein OS=Streptomyces sp. jys28 OX=2571125 GN=FCH28_25930 PE=4 SV=1,5773..6978,lcl|5773|6978|1|1,1,tr|A0A4U0N970|A0A4U0N970_9ACTN,0.0,tr|A0A4U0N970|A0A4U0N970_9ACTN Pentapeptide repeat-containing protein OS=Streptomyces sp. jys28 OX=2571125 GN=FCH28_25930 PE=4 SV=1,MASSPCTMSTGKAARASRKPRAPQAWSTSRQRAFAGGVPRAASASIRLPTSRSAHSGSRTARSSSAGVTRAYSPIMLMFRRLGATTDNAAQDGRLGEWSTHGPLGRSSRTVSQDRPSPHPGSTDLGPQAADPGPQSADLGLQSDCGSCFGLCCVALPFAASADFAIDKDAGRPCPNLSTDFRCGIHTDLRRRGFSGCTVFDCFGAGQKVSQVTFGGQDWRQAPGTARQMFDVFPVMRQLHELLWYLAEALTLAPARPVHAELRRALEKTERLTRGTADELKGLDVPAHRGEVNALLLRTSELVRAKIPGRRKDRRGADLIGARLKGADLRGANLRGAYLIAADLKGADLRSADLIGADLRDADLGGADLTGSIFLTQSQLNAAKGDQATTLPPALARPAHW,653,1685,324,100.000,324,0,324,0,0,100.00,81,/stor/scratch/Wilke/contig/database/metagenomic_contig_database/EMBL_EBI/EBI/su/SUMB01.fasta.gz
ENA|SUMB01000010|SUMB01000010.1,0..92933,tr|A3VDX8|A3VDX8_9RHOB Uncharacterized protein OS=Maritimibacter alkaliphilus HTCC2654 OX=314271 GN=RB2654_03349 PE=4 SV=1,9131..6783,lcl|9131|6783|3|-1,-1,tr|A3VDX8|A3VDX8_9RHOB,2.00e-47,tr|A3VDX8|A3VDX8_9RHOB Uncharacterized protein OS=Maritimibacter alkaliphilus HTCC2654 OX=314271 GN=RB2654_03349 PE=4 SV=1,MHAPLLQITDRKLQFRAVRAQERQRDMRRLLHHVAELTGQLEPRPTRLRVGQRRLDVQHIAAGAGDREAGGHTGHRGPPLGRVLRRLGSVVRPPDQRAQLRGPDRERQLPLAQFVLGGDLAQQPGDGPLQVADAGLAGVLARQLAQRVLLQGHLAGLQAGPLQLPRQQVVPGDDDLLVLRVAVQADQLHPVQQRLRNRFEDVGRGQEHHIAEVQFDLQVVVTEGVVLRRVQDLQKGRCRVAPVVGPHLVDLVEEDDRVHRAGLLDGADDPAGQRADVRTAVTADLRLVTDAAERDPDERAPHGPRDRFRDRRLADPGRADQRQHRAAPASAHQAQTAFRAPLAHRQVLGDPLLDVLQACVVRVQDLLGAGDVVGVLGALVPRQFQNGVQPGADPRALGALVARPLQLVDLLQGGLADLLGQVGGLDPGAVVVALVLGVAVELGELLADRLQLPAQQEFPLLLVDALLDVLGDGLGDVLLGEVLAQRLGGELQPGHRVDGLQQPDLLFRRQERRVPGVVGERRHILDLLDAVDDLPGAALAQPAGGQRLVLRDEFGDGTGERVRDPLLDGGALHPQGGAGPGRAGTDPHPAQAAYQRAGIAVGQPPDLLDPPQRADAGVRTVNPGHQQHLGLVARGPRGRGGLGGLHRRPHLRVGQVQGHHHAGQYDLVIEGQHGQSERCGRRSHDLPFGRQVELYSLNAVGAGDVPRRVFAVSDRGGRYQWAGRARAGGSVVAWSPLAALSCDWVRKMLPVRSAPPRSASLRSAPIRSADRRSAPLRSAAMR,191,486,496,37.298,185,287,239,9,24,48.19,63,/stor/scratch/Wilke/contig/database/metagenomic_contig_database/EMBL_EBI/EBI/su/SUMB01.fasta.gz
ENA|SUMB01000010|SUMB01000010.1,0..92933,tr|A0A4U0MXV4|A0A4U0MXV4_9ACTN Lon protease OS=Streptomyces sp. jys28 OX=2571125 GN=lon PE=2 SV=1,7080..9497,lcl|7080|9497|3|1,1,tr|A0A4U0MXV4|A0A4U0MXV4_9ACTN,0.0,tr|A0A4U0MXV4|A0A4U0MXV4_9ACTN Lon protease OS=Streptomyces sp. jys28 OX=2571125 GN=lon PE=2 SV=1,MASTSTSLTLPVLPLDDEVVLPGMVVPLDLSDAEVRAAVEAAQAAASSGPSGNKPKVLLVPRVDGTYAGIGTLGRIEQVGRLSDGDPGALVRGLGRVRIGSGTTGPGAALWVEGTTVEERVPDPLPGSVAELVTEYKALATSWLRKRGAWQVVDRVQQIEDVPTLADNSGYSPFLTTEQKVRLLETVDPVARLKFATEALREHLAEQDVAESIAKDVQEGVDKQQREFLLRRQLEAVRKELAQLNGDPEDESDDYRARVEAADLPEEVRKAALKEVDKLERASDQSPEGSWIRTWLDTVLELPWNERTEDAYDIAGAKEVLDADHAGLEDVKERITEYLAVRKRRSERGLGLVGGRRGGAVLALVGPPGVGKTSIAESVARAMGRSFVRVALGGVRDEAEIRGHRRTYVGALPGRIVRAIKEAGSMNPVVLLDEIDKVGSDYRGDPAAALLEVLDPAQNHTFRDHYLEVELDLSDVVFLATANVLEAIPEPLLDRMELVRLDGYTEDEKVVIARDHLLPRQLERAGLEPGEVTLEEDALRKLAGEYTREAGVRNLERAVARLLRKVAAQHELGERELPFTVGTAQLRPLIGRPHHTPESAQDPAERRTAVPGVATGLAVTGAGGDVLYVEASLADPETGGSGLQLTGQLGDVMKESAHIALSFLRSHGAELELPVGDLKERGVHLHVPAGAVPKDGPSAGVTMTTALASLLSGRQVRPEVAMTGEVSLTGRVLPIGGVKQKLLAAHRAGITTVVIPKRNEADLDDVPAEVLEKLEVHPVSDVRQVLELALTPASNGAAPKVPMAA,1571,4069,805,100.000,805,0,805,0,0,100.00,100,/stor/scratch/Wilke/contig/database/metagenomic_contig_database/EMBL_EBI/EBI/su/SUMB01.fasta.gz
ENA|SUMB01000010|SUMB01000010.1,0..92933,tr|A0A4U0MXR2|A0A4U0MXR2_9ACTN Lysozyme OS=Streptomyces sp. jys28 OX=2571125 GN=FCH28_25940 PE=3 SV=1,10542..9586,lcl|10542|9586|2|-1,-1,tr|A0A4U0MXR2|A0A4U0MXR2_9ACTN,0.0,tr|A0A4U0MXR2|A0A4U0MXR2_9ACTN Lysozyme OS=Streptomyces sp. jys28 OX=2571125 GN=FCH28_25940 PE=3 SV=1,MTTPKSGPCAIPSSFPPQVTHRDPSRSTEARMTVRRSGSPHPPARSLATAAGILLAIVSLLLFGLPGTAAAATTAAPEPTHPGQDWAGSEIAKYEGGAGGRGITQQPSLRASVHGVDVSSHNRNVAWSTLWKSGVRFAYVKATESRSYTNPYFTQQYNGSYRVGMIRGAYHFATPNTSSGAAQANYFLAHGGGWSKDGKTLPGALDMEYNPYGATCYGKSAAGLVNWMKDWFATYKKRTGRDAVLYTSTRWWKKCTGNSRAFGRTNPLWVPRYGSSVGELPAGWGFHTIWQYTSSGPTVGDHNRFNGAYDRLRALANG,587,1512,287,100.000,287,0,287,0,0,100.00,90,/stor/scratch/Wilke/contig/database/metagenomic_contig_database/EMBL_EBI/EBI/su/SUMB01.fasta.gz
ENA|SUMB01000010|SUMB01000010.1,0..92933,tr|A0A4U0MZ33|A0A4U0MZ33_9ACTN MarR family transcriptional regulator OS=Streptomyces sp. jys28 OX=2571125 GN=FCH28_25945 PE=4 SV=1,10869..11243,lcl|10869|11243|3|1,1,tr|A0A4U0MZ33|A0A4U0MZ33_9ACTN,6.96e-81,tr|A0A4U0MZ33|A0A4U0MZ33_9ACTN MarR family transcriptional regulator OS=Streptomyces sp. jys28 OX=2571125 GN=FCH28_25945 PE=4 SV=1,MVRLADAGAQRATDLAGFFGVGKATMSRQLHALERLGLIARAPDPADGRAVLVRITDEGLDRFTRVRTARRAQYARRLASWDRAEVAELARLLHQLNAGQEGQEGQGCQEGQEGQQPGGLPVDR,244,623,124,100.000,124,0,124,0,0,100.00,100,/stor/scratch/Wilke/contig/database/metagenomic_contig_database/EMBL_EBI/EBI/su/SUMB01.fasta.gz
ENA|SUMB01000010|SUMB01000010.1,0..92933,tr|A0A4U0MY56|A0A4U0MY56_9ACTN Uncharacterized protein OS=Streptomyces sp. jys28 OX=2571125 GN=FCH28_25950 PE=4 SV=1,12455..11301,lcl|12455|11301|3|-1,-1,tr|A0A4U0MY56|A0A4U0MY56_9ACTN,0.0,tr|A0A4U0MY56|A0A4U0MY56_9ACTN Uncharacterized protein OS=Streptomyces sp. jys28 OX=2571125 GN=FCH28_25950 PE=4 SV=1,MIREATIPPAPRSGSATDARPPERVNINRSLTINSPARPTWAATACHGETRLENRRGPGKMRARSQPNPSIGAFRPPPTWPCANDPARHGHRARSAVSGRLARMRIELAIEPGDPQRPNEDYASVALPASGQGGVLVLLDGVTPPEGDVGCVHTVPWFTARLGGAMLELSGSHPDMTLTEALAAAIARTADAHRSTCDLSHARTPQATVVAARWSGHAVEHLVLSDSVLLLERTDGSVRPVLDPRLDELPPAVRAQRDAVRALPRGSAERAAAGREYGRAVEALRNAEGGFFTAAADPAVAARAVTGSTPRAGIRSLTALTDGAGRWVEVFRAGSWADCAALVAEQGPQALIDRVRAAEAADPDCAAYPRGKGRDDAAVVFVAP,548,1412,281,100.000,281,0,281,0,0,100.00,73,/stor/scratch/Wilke/contig/database/metagenomic_contig_database/EMBL_EBI/EBI/su/SUMB01.fasta.gz
ENA|SUMB01000010|SUMB01000010.1,0..92933,tr|A0A4U0N8B9|A0A4U0N8B9_9ACTN Histidine kinase OS=Streptomyces sp. jys28 OX=2571125 GN=FCH28_25955 PE=4 SV=1,12653..15928,lcl|12653|15928|2|1,1,tr|A0A4U0N8B9|A0A4U0N8B9_9ACTN,0.0,tr|A0A4U0N8B9|A0A4U0N8B9_9ACTN Histidine kinase OS=Streptomyces sp. jys28 OX=2571125 GN=FCH28_25955 PE=4 SV=1,MRAAVRMKRLRGGAGKPGSPAGSVSGPGTTDGGDGTGRRPARVRNRLVGAVAVVAVAILGAGAPAIATAADNAQNTQQLVDLAELNARAIALAHSLADERDAMTAYVAAGRSARDGDKAAQSQRARVDRQIGELRAEAGDASGESAVYAEAAKLLAALPQTRHQALSGPGSAEDTFDAYTQVVQALGAISDDIARGLPARADAADADTRALPALGRAADQAAGTRGLLLAALNAGGPQPRLAAAAQLAHLREQGALGDFTQSASQGARDRYDRTVNGTDVTIAERYLTHLTDQPFLDAADLRLNRQRVQATLTARVGLMRGVESAMATADIERLAALRDDDVTQLEIRIGLEGLCLLLAVGAGVWAARSLTQPLAALRIGAKRVAEDPAHEEPIAYKGRNDEFAAAVRSVNALHAQVGELARRTAELEGERKRLVGGRQRLVAEREVLQEQGEELREEVADLTERLAALRAGVHGRFVNLSLRTLGLVERQLGVIEALEEQEHDPERLETLFKLDHFAARMRRNSENLLVLAGAEHATSHVGPVPLLDVLRASISEIERYERVRVQSLPPHSQVAGFAADDLSHLVAELLENATAFSPPDAHVEVSGWLLESGEVMLSVQDEGIGMTPDRLAELNERLSDAEAASSSETVDEALGLGLYVVVRLAARHGIRVQLRDQKQGGVTAVVVLPRSILPTRPAPAAHPAASPADAVPGQNLPGSVAEANSNALLTRRSWVDRAAAAGAVAGVGVPAGDRAAEATEAVETTEAVEAVDAVGAGEGGDAGGGADSAGAAAGASGAFGAAGADAADAGVVDEAAGGESAGDALVAGDAPGADDASVTDEARGGDEAPESAPLDAATAEPVDEAPPAPAPAPAIDPFVAAAERAIDAAGLGAAPEPSPYGPESPGPYAVGGGEHTRPEDEEAVGDHGSSGQGAGDPYAIGPDEHARPEIAGPENDGAPADRQTADRTADQTDDAQADDAQAVETAEAGETGEAQPADAPSAGERRTTGTGLPKRTPKIVAQQPPAPRTSGGVNAEALRRRLGGFQQGARDGRREVEAEIAERTAEQHIPQADTDGAGAPGDRHVVEEARD,2082,5394,1085,100.000,1085,0,1085,0,0,100.00,99,/stor/scratch/Wilke/contig/database/metagenomic_contig_database/EMBL_EBI/EBI/su/SUMB01.fasta.gz
ENA|SUMB01000010|SUMB01000010.1,0..92933,tr|A0A4R8HD35|A0A4R8HD35_9ACTN Uncharacterized protein OS=Streptomyces sp. 25 OX=1827542 GN=CLW03_3935 PE=4 SV=1,15904..13076,lcl|15904|13076|1|-1,-1,tr|A0A4R8HD35|A0A4R8HD35_9ACTN,2.81e-38,tr|A0A4R8HD35|A0A4R8HD35_9ACTN Uncharacterized protein OS=Streptomyces sp. 25 OX=1827542 GN=CLW03_3935 PE=4 SV=1,MAISRGPRSVGVGLWDVLLRGTFCDLGLDLAPAVPRALLESAEPAAQRLGVDPAARARGGRLLRHDLGRALGQTGAGRPPLPGGRGVGGLGLSCLSCLGGLDGLRVVGLRVVRLIGRPIGRLPIGRCAVVLGAGDLGAGVLVRADGVRVAGALPAAAVVAHGLLVLGAGVLAAADGVRAGRLRAVRARFGRGAEPCRVDRALRGGDERVDGGGGGGRGRSLVDGLGRGSVERRGFRGLVAAPGLVGHGRVIGTRGVTGNQRVTGTLTTGSLVNHTGVSRISTSSAESPGSPSSSTSRIGTPAGVTPLAGTHGIHGLDGLRGLDSLRGLGRPVPRRHPHAGHRSRRCRPVHPRPPRQQGVGVRLGDRAGQVLAGDRVRRGRRRVGGRCRAGGQDGAREDDDGGDTALLLVPQLDPDAVPGGQPYDHVQAEPQGLVDGLRGRGGLGVRQSLVELRQPVRGHPYALVLDGEHDLAALQQPAGDLDMGVRRRERGGVLQQFGDEMAEVVRGEPGDLGVRRQRLDADPLVALYLADRGAQYVQQRYRPDMRGGVFRARQDEEVLAVAAHPRREVVQLEEGFQPLRVVLLLLQRLDDAELALHQAQGAQRQIDEPSVHAGAQGRQPLGEVRDLFPELLALLLEDLALGDQPLPAADQPLALALQFRGAPRQLADLGVQRVDGPYGGGELVVAALVGDGLLVRGVLGHPLGADPQRGQRLGQGTRGPDAGADGQQQAEPLQADADLQLRHIVVAQGRQPLDVGGGHRRLDAAHQADASGERGLHPLAVEPQIGGVQEGLVGEMGEIALGDGDVGAVDGAVVAVPGALARRLGEVAQRALFPQMRELGGGGQPGLRAARVERGEQQASGAGGLVGGAAEGGQRAGVGVRGVRAGGQAAGDVVAYGAERLDDLGVRVEGVLGRSGPGQRLVTGLRQRGEELGGLGVDRALP,164,414,478,42.469,203,232,251,12,43,52.51,48,/stor/scratch/Wilke/contig/database/metagenomic_contig_database/EMBL_EBI/EBI/su/SUMB01.fasta.gz
ENA|SUMB01000010|SUMB01000010.1,0..92933,tr|A0A4U0MXV5|A0A4U0MXV5_9ACTN Roadblock/LC7 domain-containing protein OS=Streptomyces sp. jys28 OX=2571125 GN=FCH28_25960 PE=4 SV=1,16201..16422,lcl|16201|16422|1|1,1,tr|A0A4U0MXV5|A0A4U0MXV5_9ACTN,3.46e-45,tr|A0A4U0MXV5|A0A4U0MXV5_9ACTN Roadblock/LC7 domain-containing protein OS=Streptomyces sp. jys28 OX=2571125 GN=FCH28_25960 PE=4 SV=1,MDGGGVKQTMVAMEEGSLFVMSISDGSLLGVHAAPDCDMSVIAYHMALFVGRAGHVLTPELRTELRKSMESAQ,151,381,73,100.000,73,0,73,0,0,100.00,100,/stor/scratch/Wilke/contig/database/metagenomic_contig_database/EMBL_EBI/EBI/su/SUMB01.fasta.gz
ENA|SUMB01000010|SUMB01000010.1,0..92933,tr|A0A4U0MYN1|A0A4U0MYN1_9ACTN DUF742 domain-containing protein OS=Streptomyces sp. jys28 OX=2571125 GN=FCH28_25965 PE=4 SV=1,16608..16823,lcl|16608|16823|3|1,1,tr|A0A4U0MYN1|A0A4U0MYN1_9ACTN,1.22e-40,tr|A0A4U0MYN1|A0A4U0MYN1_9ACTN DUF742 domain-containing protein OS=Streptomyces sp. jys28 OX=2571125 GN=FCH28_25965 PE=4 SV=1,MPEMRAIVELCRRMRSVAEISALLKMPLGVVRVLLSDLADQGKIRVYGTGHGIGRPDRALLERVLSGLHRL,138,348,71,100.000,71,0,71,0,0,100.00,100,/stor/scratch/Wilke/contig/database/metagenomic_contig_database/EMBL_EBI/EBI/su/SUMB01.fasta.gz
ENA|SUMB01000010|SUMB01000010.1,0..92933,tr|A0A4U0MXZ2|A0A4U0MXZ2_9ACTN ATP-binding protein OS=Streptomyces sp. jys28 OX=2571125 GN=FCH28_25970 PE=3 SV=1,16846..17478,lcl|16846|17478|1|1,1,tr|A0A4U0MXZ2|A0A4U0MXZ2_9ACTN,4.82e-150,tr|A0A4U0MXZ2|A0A4U0MXZ2_9ACTN ATP-binding protein OS=Streptomyces sp. jys28 OX=2571125 GN=FCH28_25970 PE=3 SV=1,MTADPVREADAPAPDADEGLQSWQTDRTRAPIATKIVVAGGFGVGKTTFVGSVSEITPLQTEAVMTQASEGTDDLSATPEKATTTVALDFGRITLDQDLVLYLFGTPGQQRFWFMWDDLVRGAIGAVVMADTRRLEDCFPALDYFESCGLPYVVAVNHFEGTESYAVADVRDALTVPPHVPVVIMDARKRITVTESLLALVAHALDTSPE,424,1090,210,100.000,210,0,210,0,0,100.00,100,/stor/scratch/Wilke/contig/database/metagenomic_contig_database/EMBL_EBI/EBI/su/SUMB01.fasta.gz
ENA|SUMB01000010|SUMB01000010.1,0..92933,tr|A0A4V5MIN1|A0A4V5MIN1_9ACTN FAD-binding oxidoreductase OS=Streptomyces sp. jys28 OX=2571125 GN=FCH28_25975 PE=4 SV=1,17582..18835,lcl|17582|18835|2|1,1,tr|A0A4V5MIN1|A0A4V5MIN1_9ACTN,0.0,tr|A0A4V5MIN1|A0A4V5MIN1_9ACTN FAD-binding oxidoreductase OS=Streptomyces sp. jys28 OX=2571125 GN=FCH28_25975 PE=4 SV=1,MRKILIVGAGQSGLQLALGLQSQGYEVTLMSNRTADEIRSGRVMSTQCMFDTALQHERDLQINFWESQAPRIEGLGVSVAAPGSHAAPDGSVRAIDWVAKLDGYAQSVDQRVKMAGWMETFAQRGGQLVIHGAAVSDLDFFASRYDLTLVTAGKGELVSMFGRDAARSPYDTPQRSLAVAYVHGLGPRPEHPDVEAVRCNLVPGVGELFVMPTLTTSGRADILFWEGIPGGPLDVFQDIKDPNEHLAKTLELMETFLPWEYARATKVELTDGNGTLAGRYAPTVRKPIGRLPSGGLVLGVADVVVANDPITGQGSNSASKCAAAYLASIVEHGDKPFDGDWMQATFDRYWDTAQHVTKFTNAMLAPPPEHVLNIIGAAGQVQSIADRFANGFDDPSDLDNFFYDPDKANAYLASVTG,857,2215,417,100.000,417,0,417,0,0,100.00,100,/stor/scratch/Wilke/contig/database/metagenomic_contig_database/EMBL_EBI/EBI/su/SUMB01.fasta.gz
ENA|SUMB01000010|SUMB01000010.1,0..92933,tr|A0A4U0MXT0|A0A4U0MXT0_9ACTN Alpha/beta hydrolase OS=Streptomyces sp. jys28 OX=2571125 GN=FCH28_25980 PE=4 SV=1,20402..18825,lcl|20402|18825|3|-1,-1,tr|A0A4U0MXT0|A0A4U0MXT0_9ACTN,0.0,tr|A0A4U0MXT0|A0A4U0MXT0_9ACTN Alpha/beta hydrolase OS=Streptomyces sp. jys28 OX=2571125 GN=FCH28_25980 PE=4 SV=1,MRHASVRRRRAVTAGWGVATAAVAAGVAAVVLPATAGASAGAGTAGVPARYADQRLAWRACADAPSLECAAMTVPRDWHRPDAGEDLTVEVSRHRATDPARRRGVLMMAAGGPGASGLTRPKGFAERSPELAAVYDVVGFDQRGVGRSTPLRCVTDAEFRDFFAHDFRDRSPAAIRGVLDRSRQLARHCASRSGDLLPYLTTDQAVRDMDLYRSLLGAPKLSYYGPSYATMLGAYYATEFPRRVDRFVLDSNIAFGGSWQTFEEGQPMSFQRRFEKDFLPWLAQNDAVYHYGRTPAQVQARWERRRAALRERPIRFGTSVLGPNQLDSGAIQAMYDAKAFPALAQGLAVLEHWDTASPQEKRAVQDGFTHYLSPDFLADFSAVTCNDTPWTRDLDHWIRRSAKDTADHPLMGARELAFAATCAAWPASDAPRVRVTGKGLPTTLMLNSRHDPATYYEGAITAHRALRGSRLVTADGGDHGLYRHGNACVDNAVDAFLLRGTPPARDTVCASGAAAGAGSGGRVSR,1055,2728,525,100.000,525,0,525,0,0,100.00,100,/stor/scratch/Wilke/contig/database/metagenomic_contig_database/EMBL_EBI/EBI/su/SUMB01.fasta.gz
ENA|SUMB01000010|SUMB01000010.1,0..92933,tr|A0A4U0MYK3|A0A4U0MYK3_9ACTN Glycoside hydrolase OS=Streptomyces sp. jys28 OX=2571125 GN=FCH28_25985 PE=3 SV=1,22080..20557,lcl|22080|20557|2|-1,-1,tr|A0A4U0MYK3|A0A4U0MYK3_9ACTN,0.0,tr|A0A4U0MYK3|A0A4U0MYK3_9ACTN Glycoside hydrolase OS=Streptomyces sp. jys28 OX=2571125 GN=FCH28_25985 PE=3 SV=1,MGAAGGGTAGTSGTAGAGAGGTGAGGTGMAEPGPSGTAVPETGSSDTGEGELGRVTEGADGGPMAGGSTGEPTDTGESTSPDADADTDADADAPLSPTERTPSALLRQLQSLYRKTEESTEAYNATQEDLGEAQQHFTALDTRLAKARRQLTEARADAGRLARLQYQGASTGGLSSYLRILMAEDPQQAMDSGHFLQEAAAEQAATVARLTGAEKTANALAKEARASLDQQRHLTDQRRQQRDTVLEKLRAVEELLASLTEEQLTELSQLEAQGIDSAQRTALATGAVGGRDQEGKESAPSRVGERALAYALDQVGKPYVWGATGPDSFDCSGLTSQAWAHAGRRIPRTSQKQWKELPHVRLNELRPSDLVIYFRGATHVAMYVGGGKVVQAPKPGGRVEIVPIASNPLLGAVRPDPGPGPEGTEETKGTGEREAGGTEETRRRDEDRRREDDRRRDEDRRREEDRRPDRRPEGAWRPEEDWSPWDEWDAEERALRPMRRLEAVWRI,880,2274,444,100.000,444,0,444,0,0,100.00,88,/stor/scratch/Wilke/contig/database/metagenomic_contig_database/EMBL_EBI/EBI/su/SUMB01.fasta.gz
ENA|SUMB01000010|SUMB01000010.1,0..92933,tr|A0A4U0MZA9|A0A4U0MZA9_9ACTN Chitinase OS=Streptomyces sp. jys28 OX=2571125 GN=FCH28_25990 PE=3 SV=1,23628..22327,lcl|23628|22327|2|-1,-1,tr|A0A4U0MZA9|A0A4U0MZA9_9ACTN,0.0,tr|A0A4U0MZA9|A0A4U0MZA9_9ACTN Chitinase OS=Streptomyces sp. jys28 OX=2571125 GN=FCH28_25990 PE=3 SV=1,MRLRIPRPGLPASPRPHLAALPGPRRPATVAGRTLRTLHLRTRAVPAALAAVTAMAVLAVAAETSTAHATGAADASAAARPAADTPPTTGQRAADLPAHALVGYLHTSFANGSGYTRLADVPDSWDIIDLAFGEPTSTTSGDIRFALCPRTECPGVETEDEFKAAVKAKQAAGKKVLISIGGQNGQVQLTTTAARDAFVKSVGGIIDRYGLDGLDIDFEGHSLALDNGDTDFRNPTTPAIVNLISAVRTLKGKYGEKFTLTMAPETFFVQLGHQYYGSGPFGGQDPRSGAYLPVIHALRDDLTLLHVQDYNSGPIMGLDEQYHTMGGADFHIAMTDMLLAGFPVAGNKDNVFPALKPSQVAIGLPASTSAGNGHTPPAEVADALNCLTKNADCGGYRPHGSWPELRGLMTWSINWDRYNDWEFQKSFDAYFGG,780,2013,379,100.000,379,0,379,0,0,100.00,88,/stor/scratch/Wilke/contig/database/metagenomic_contig_database/EMBL_EBI/EBI/su/SUMB01.fasta.gz
ENA|SUMB01000010|SUMB01000010.1,0..92933,tr|A0A197SPG7|A0A197SPG7_9ACTN Histidine kinase OS=Streptomyces sp. ERV7 OX=1322334 GN=A8W25_20750 PE=4 SV=1,23973..24998,lcl|23973|24998|3|1,1,tr|A0A197SPG7|A0A197SPG7_9ACTN,1.47e-60,tr|A0A197SPG7|A0A197SPG7_9ACTN Histidine kinase OS=Streptomyces sp. ERV7 OX=1322334 GN=A8W25_20750 PE=4 SV=1,MQRRRPPVVVRHRDLVRLRRLAGSADQYRQHPAVQGPADEGGVLASHSPSVTPLGRPRDRGPPYGRIPWRRRSRRSQQVCGVTHDRQDTARQIAHRAVGGLQLQGRPGHPRGLRVPGRGRGQQGDEVVDQPVAQLVERGLLVLVEPDQRGALDGGDPHADRHAQPYARLGFPHVPQDLVGGGAPHLVHDRRRTGGLHDAAALEQCAEPRVVLVDERQIAVQGTGQPLGQRARLRFREAAFQLVGRAAQRCLVQLLLAAGEVAVDERARDLGRGRDIVQRDVLGGTLREQVQGGGEQLAAALLDAHPAIGGSGYCWGGAAAVHEQQRNRPGFGFVHVLVRHG,220,560,305,56.393,172,118,196,1,15,64.26,89,/stor/scratch/Wilke/contig/database/metagenomic_contig_database/EMBL_EBI/EBI/su/SUMB01.fasta.gz
ENA|SUMB01000010|SUMB01000010.1,0..92933,tr|A0A4U0MYN9|A0A4U0MYN9_9ACTN TetR/AcrR family transcriptional regulator OS=Streptomyces sp. jys28 OX=2571125 GN=FCH28_26000 PE=4 SV=1,24992..24198,lcl|24992|24198|3|-1,-1,tr|A0A4U0MYN9|A0A4U0MYN9_9ACTN,4.37e-174,tr|A0A4U0MYN9|A0A4U0MYN9_9ACTN TetR/AcrR family transcriptional regulator OS=Streptomyces sp. jys28 OX=2571125 GN=FCH28_26000 PE=4 SV=1,MPYEHMYEPESGAVTLLFMNGSGTAPAVPRPAYRRMGVEQRRSQLLAAALDLFAQRAPEDVSLDDVATAAEVSRPLVYRYFPGGKQQLYEAALRSAADKLEGCFAEPETGPLTQRLSRALDRYLAFVDEHDAGFSALLQGGSVVETSRTSAIVDEVRRTAADQILRHMGEPEPGVRLRMTVRMWITAVEGASLIWLDEDKQPALDELRDWLVDHFVALLTATAARDPQTARVTRAALELETADGPVGDLARRILPVVSDAAHLL,488,1257,246,100.000,246,0,246,0,0,100.00,93,/stor/scratch/Wilke/contig/database/metagenomic_contig_database/EMBL_EBI/EBI/su/SUMB01.fasta.gz
ENA|SUMB01000010|SUMB01000010.1,0..92933,tr|A0A4U0MXS1|A0A4U0MXS1_9ACTN Diiron oxygenase OS=Streptomyces sp. jys28 OX=2571125 GN=FCH28_26005 PE=4 SV=1,25988..25041,lcl|25988|25041|3|-1,-1,tr|A0A4U0MXS1|A0A4U0MXS1_9ACTN,0.0,tr|A0A4U0MXS1|A0A4U0MXS1_9ACTN Diiron oxygenase OS=Streptomyces sp. jys28 OX=2571125 GN=FCH28_26005 PE=4 SV=1,MTSAPTAMTVTDTEVLRDALGLLKDREQVAERLLDSSAKHSFDPDTELDWDAPLEEGKWFWPPELVSLYDTPLWKRMSLEQQQDLSRHEAASLASLGIWFEIILMQLLVRHIYDKPVTSAHVRYALTEIADECRHSKMFARMIHKGGAPTYPVSRLNHNLARILKTVSTTPGSFACTLLGEEILDWMQRLTFPDERVQTIVRGVTRIHVVEEARHVRYAREELRRQMVTAPRWERELTRISSGEAARVFSIAFVNPDVYANVGLDRREAVAQVRASGHRREVMQSGARRLTDFLDEIGVLRGVGRRLWKSSGLLA,642,1656,315,100.000,315,0,315,0,0,100.00,100,/stor/scratch/Wilke/contig/database/metagenomic_contig_database/EMBL_EBI/EBI/su/SUMB01.fasta.gz
ENA|SUMB01000010|SUMB01000010.1,0..92933,tr|A0A4U0MZ42|A0A4U0MZ42_9ACTN Ferritin-like domain-containing protein OS=Streptomyces sp. jys28 OX=2571125 GN=FCH28_26010 PE=4 SV=1,26380..27273,lcl|26380|27273|1|1,1,tr|A0A4U0MZ42|A0A4U0MZ42_9ACTN,0.0,tr|A0A4U0MZ42|A0A4U0MZ42_9ACTN Ferritin-like domain-containing protein OS=Streptomyces sp. jys28 OX=2571125 GN=FCH28_26010 PE=4 SV=1,MSLYGTKYWDKMTEKDRGDLRQHYTSWQFSQFLHGEQGAMVCAARIVESVPDLDAKFYSATQTMDEARHAEIYSRFLQDKVGMLYPINDNLQALLGDTLRDSRWDMPYLGMQVLIEGLALAAFGMIRDTTTKPLPKQILAYVMQDEARHVAFGRMALRDYYKQLTDAELREREDFVIEGCYLMRDRLRGLEVLENFGIPPQEAAEFTERSEFLHLFRKLLFSRIVPCVKDIGLWGERLQRAYVDMGVFEMGDANLDQLMEQDEELAEKLDAERFAAEEEARTAEVAAAIEEGAAEES,607,1565,297,100.000,297,0,297,0,0,100.00,100,/stor/scratch/Wilke/contig/database/metagenomic_contig_database/EMBL_EBI/EBI/su/SUMB01.fasta.gz
ENA|SUMB01000010|SUMB01000010.1,0..92933,tr|A0A4U0MY67|A0A4U0MY67_9ACTN Uncharacterized protein OS=Streptomyces sp. jys28 OX=2571125 GN=FCH28_26015 PE=4 SV=1,27683..27306,lcl|27683|27306|3|-1,-1,tr|A0A4U0MY67|A0A4U0MY67_9ACTN,3.25e-66,tr|A0A4U0MY67|A0A4U0MY67_9ACTN Uncharacterized protein OS=Streptomyces sp. jys28 OX=2571125 GN=FCH28_26015 PE=4 SV=1,MRGSCHGKILPVWAGEQRARRDVTQPELPDMGDPLPRDGLPDWKVRFYQRAMAVLGLGAPWVFLWVAVRRNPGLWWIPVLTLLGTYAGLFVIVRNWRDQFRRACVALAGVVACWLVCGELFRQLN,204,519,103,99.029,102,1,103,0,0,100.00,82,/stor/scratch/Wilke/contig/database/metagenomic_contig_database/EMBL_EBI/EBI/su/SUMB01.fasta.gz
ENA|SUMB01000010|SUMB01000010.1,0..92933,tr|A0A4U0N8C8|A0A4U0N8C8_9ACTN ADP-ribosylglycohydrolase family protein OS=Streptomyces sp. jys28 OX=2571125 GN=FCH28_26020 PE=4 SV=1,27592..28584,lcl|27592|28584|1|1,1,tr|A0A4U0N8C8|A0A4U0N8C8_9ACTN,0.0,tr|A0A4U0N8C8|A0A4U0N8C8_9ACTN ADP-ribosylglycohydrolase family protein OS=Streptomyces sp. jys28 OX=2571125 GN=FCH28_26020 PE=4 SV=1,MSGSSGWVTSLLARCSPAQTGRILPWQDPRMDDRARAAAYASLEGLAFGDAFGERFFRLFRPEAEARQLIAERRTPPDPHWHWTDDTAMALALLRVLRKHGEVELQPLAREFAETYKADPGRGYGSGMHALLPRVAASPDEWAELASALFGGEGSLGNGAAMRVAPLGAWFHDDLDRVVEQAARSARVTHAHPEGIAGAVAVAVAAALSARGRAPELTAVAARTPDGPVREGLLRAAGLPPETTPEQAAEILGNGRRIRADDTVPFALWCAARHPGDLESALWTTAAGLGDVDTTCAIAGGVVGARTGVEALPADWALRRESLPVWIGEL,645,1664,330,100.000,330,0,330,0,0,100.00,100,/stor/scratch/Wilke/contig/database/metagenomic_contig_database/EMBL_EBI/EBI/su/SUMB01.fasta.gz
ENA|SUMB01000010|SUMB01000010.1,0..92933,tr|A0A4U0MXW4|A0A4U0MXW4_9ACTN HD domain-containing protein OS=Streptomyces sp. jys28 OX=2571125 GN=FCH28_26025 PE=4 SV=1,29132..28662,lcl|29132|28662|3|-1,-1,tr|A0A4U0MXW4|A0A4U0MXW4_9ACTN,1.64e-102,tr|A0A4U0MXW4|A0A4U0MXW4_9ACTN HD domain-containing protein OS=Streptomyces sp. jys28 OX=2571125 GN=FCH28_26025 PE=4 SV=1,MADTTPPPRPLLSLAEVEALARRAHSGQTDKAGRPYAEHLAAVAAGVRERGGSDEQIAAAWLHDAVEDAALSRAWLADAALTPATKDMILAVTKRAGEPVEEYTARILATPGALLVKESDLAHNADPARLAVLDAPTRERLTAKYARVRALLGLAG,299,766,156,100.000,156,0,156,0,0,100.00,100,/stor/scratch/Wilke/contig/database/metagenomic_contig_database/EMBL_EBI/EBI/su/SUMB01.fasta.gz
ENA|SUMB01000010|SUMB01000010.1,0..92933,tr|A0A4U0MYN8|A0A4U0MYN8_9ACTN Penicillin-binding protein 2 OS=Streptomyces sp. jys28 OX=2571125 GN=FCH28_26030 PE=4 SV=1,30585..29179,lcl|30585|29179|2|-1,-1,tr|A0A4U0MYN8|A0A4U0MYN8_9ACTN,0.0,tr|A0A4U0MYN8|A0A4U0MYN8_9ACTN Penicillin-binding protein 2 OS=Streptomyces sp. jys28 OX=2571125 GN=FCH28_26030 PE=4 SV=1,MARYAQPRGAVLVAGRPVTGSRDSGGRLRYERTYTEGPLYAPVTGYSSQEFGTSQIERAEDGILSGTDERLTTFAWWDELARAHRPGGNVVTTIRPDTQRAAFDGLGPRKGAVVAIEPRTGRILALASTPSYDPGELSGNGPSAGAAWLRLNNDADRPLLNRAIRQTYPPGSAFEVVTAAAALDSGLVTDIDAPADAPDPYPPGGAGGRFGNPSTGCAHATLRAAFLASCDTVFARLGAGIGARGMADAARGFGFDGRGLRIPSPVVPSTFGTRMAPAQVAQSAIGRYRTTATPLQMAMVAAAVANDGTLTPPRLVDRVTDADGTTVFSSSHRRARQAMGPATAQRLQEMMVDVVAHGSGRQAAIEGVTVGGKGGTAPYDPHNEGTPYAWFLSWARAKDRMQPAVAVAVVVEDPENVVANPENPENPENTEGPENPEEPENPEGTATVRADSDGAAPIARAVMRAALD,933,2412,468,100.000,468,0,468,0,0,100.00,100,/stor/scratch/Wilke/contig/database/metagenomic_contig_database/EMBL_EBI/EBI/su/SUMB01.fasta.gz
ENA|SUMB01000010|SUMB01000010.1,0..92933,tr|A0A4U0MY01|A0A4U0MY01_9ACTN FtsW/RodA/SpoVE family cell cycle protein OS=Streptomyces sp. jys28 OX=2571125 GN=FCH28_26035 PE=4 SV=1,32126..30714,lcl|32126|30714|3|-1,-1,tr|A0A4U0MY01|A0A4U0MY01_9ACTN,0.0,tr|A0A4U0MY01|A0A4U0MY01_9ACTN FtsW/RodA/SpoVE family cell cycle protein OS=Streptomyces sp. jys28 OX=2571125 GN=FCH28_26035 PE=4 SV=1,MTATATAAPARPADTPPPPPCPPRRGIELALLVAAVLISVCGYLAVGLAKTHAVPGGAAGYGAGLGGLALLAHLAIRFRAPYADPLLLPIAVLLNGLGLVLIYRLDLETPGDLAAPIQLIWSTVGVALFTAVVVLLRDHRMLQRYAYVCAALALLLMAAPILFPALNGARIWIRVAGFSIQPGEFAKILITVFFAAYLAANRGALAHTGRTMGPLRLPTGRLLGPIVAIWLLSVAVLVLERDLGTSLLFFGVFVVLLYVATGRTGWIAVGLLLAGAGAAAVGTLEPHVHSRVQDWLHPFAGIAAGEGPGQLAQSLFAFAGGGMLGTGLGQGHSYLIGFAMKSDFILATFGEELGLAGLTALFTLYALLVARGYRAALALGDPFGSLLAVGLATLPAIQVFVIAGGVMGLIPLTGMAMPFLAQGGSSVVTNWIIIALLLRISDRAHAPRPEVSDLPATGCRPGPVLPEAGR,897,2318,470,100.000,470,0,470,0,0,100.00,100,/stor/scratch/Wilke/contig/database/metagenomic_contig_database/EMBL_EBI/EBI/su/SUMB01.fasta.gz
ENA|SUMB01000010|SUMB01000010.1,0..92933,tr|A0A4V5MIN4|A0A4V5MIN4_9ACTN SH3 domain-containing protein OS=Streptomyces sp. jys28 OX=2571125 GN=FCH28_26040 PE=4 SV=1,33000..32296,lcl|33000|32296|2|-1,-1,tr|A0A4V5MIN4|A0A4V5MIN4_9ACTN,4.13e-77,tr|A0A4V5MIN4|A0A4V5MIN4_9ACTN SH3 domain-containing protein OS=Streptomyces sp. jys28 OX=2571125 GN=FCH28_26040 PE=4 SV=1,MCVPGPDTGRPDTGRSAPLRNSRPENLPGESPEPGGLPAAPVAEGDELRTLRGLFSVRQARRTYRNKAIQSRARSRAAGLGRGSRVPTAQPPPRPSPDSRHPHLTHPTGILPFAGGSQMFPKSKSGKLALYVLSGALTSAVAAGPAMAVGSGEDHRRPYKGKVIAKTGLLKRSGPSTKYKVIGSNPYGKIVKIKCKVNGENIKGNPRWYKLKDGSYAWSSARYIMNIGEAPDWC,237,604,116,100.000,116,0,116,0,0,100.00,50,/stor/scratch/Wilke/contig/database/metagenomic_contig_database/EMBL_EBI/EBI/su/SUMB01.fasta.gz
ENA|SUMB01000010|SUMB01000010.1,0..92933,tr|A0A4U0MXT8|A0A4U0MXT8_9ACTN Gfo/Idh/MocA family oxidoreductase OS=Streptomyces sp. jys28 OX=2571125 GN=FCH28_26045 PE=4 SV=1,34117..32927,lcl|34117|32927|1|-1,-1,tr|A0A4U0MXT8|A0A4U0MXT8_9ACTN,0.0,tr|A0A4U0MXT8|A0A4U0MXT8_9ACTN Gfo/Idh/MocA family oxidoreductase OS=Streptomyces sp. jys28 OX=2571125 GN=FCH28_26045 PE=4 SV=1,MVRVLSSAQTLPMADLGVIGLIRGLYVARWCARIGVRVTALCDSDPARLTEAAREFPDALRTARWQDLLAPEAGLDGVLLAHDFDRHAEPAVAFLDRGIHVLSETAACTTEREGRALVAAAERGSASYSFAENYVTHAHVRAIRRIVRDGGIGTPQLIESDYLHGASPEDIAAMIGDPAHWRGRIPSTAYCTHALSPVLDVTGAWPVEVSAFPVTAERRPAAVVLMVRLSDGGLAVTRQSFLQGEPDSHWHWFSVRGSRGLAESVRAAGDRCWHVRLRRDAWATADGRGAYEEELTPPALRLAAGGGAPGGPRTVEVPRHDEGTALIADAFRACMEEGAAPRVPVRPAVAASLVGTSAAVSLAEGGRAVAVPDVRSWPGHRETGHREIGPASEFPA,754,1948,384,100.000,384,0,384,0,0,100.00,97,/stor/scratch/Wilke/contig/database/metagenomic_contig_database/EMBL_EBI/EBI/su/SUMB01.fasta.gz
ENA|SUMB01000010|SUMB01000010.1,0..92933,tr|A0A4U0MXX1|A0A4U0MXX1_9ACTN Cytochrome P450 OS=Streptomyces sp. jys28 OX=2571125 GN=FCH28_26050 PE=3 SV=1,34753..36039,lcl|34753|36039|1|1,1,tr|A0A4U0MXX1|A0A4U0MXX1_9ACTN,0.0,tr|A0A4U0MXX1|A0A4U0MXX1_9ACTN Cytochrome P450 OS=Streptomyces sp. jys28 OX=2571125 GN=FCH28_26050 PE=3 SV=1,MTTLRSRIIAWAGRMYLARTQKKGFDLSRMSFLPESVLMPLRRDGLDPVGELAAVREKEPITRLPVPIAANVWLVTGYDEVKAVLGKANAFSSDFTNLVGKAGAGVDQNPGGLGFADPPVHTRLRRLLTPEFTMRRLGRLTPRIHEIVEERLDAVEAAGKNGEPVDLVHSFALPIPSLVICELLGVPYEDRADFERLSAARFDLFSGANASFGAISESLSYFRDIVKKQRQNPGDGLLGMIVKEHGDSVSDEELAGLADGVLTGGFETTASMLALGTLVLLQDPKHFAALHDGDEVVDRYVEELLRYLTVVQVAFPRFAREDLEIGGVHIAAGDVVLCSLSGADRDGKLGPEMEQFDPSRNVPSHLAFGYGIHRCVGAELARMELRAAYPALVRRFPHMRLAAEPEELAFRKLSIVYGIESLPVRIDG,860,2222,428,100.000,428,0,428,0,0,100.00,100,/stor/scratch/Wilke/contig/database/metagenomic_contig_database/EMBL_EBI/EBI/su/SUMB01.fasta.gz
ENA|SUMB01000010|SUMB01000010.1,0..92933,tr|A0A0P4R1T7|A0A0P4R1T7_9ACTN Uncharacterized protein OS=Streptomyces sp. NBRC 110027 OX=1546107 GN=TPA0598_01_07640 PE=4 SV=1,37136..36348,lcl|37136|36348|3|-1,-1,tr|A0A0P4R1T7|A0A0P4R1T7_9ACTN,2.58e-43,tr|A0A0P4R1T7|A0A0P4R1T7_9ACTN Uncharacterized protein OS=Streptomyces sp. NBRC 110027 OX=1546107 GN=TPA0598_01_07640 PE=4 SV=1,MGEGGRTRDPVSPCGHPARGPGAGPGLVHRAEARAWGRASGAGPGRGLRIPAGLHQPDPTGRGALGPAPLDGPAPGPALPLPPLAHQHSHGPYELRRLERLRQERVHRDRLAVVHVALDACADDGDGDVPGPRIGAQPGGGVQTVEPRHHHVEGDHIGSYVVHDIQTLGTISRGHDLEALQLEIDPDQLPDHLVVIDNKDPTGQARHTMRLGAHLRLRPSFAHFRPRAGDLSPTAVDTAARCARPPPPDPRKPCSWTPRQSW,152,383,95,80.000,76,19,82,0,0,86.32,36,/stor/scratch/Wilke/contig/database/metagenomic_contig_database/EMBL_EBI/EBI/su/SUMB01.fasta.gz
ENA|SUMB01000010|SUMB01000010.1,0..92933,tr|A0A4V6WHG2|A0A4V6WHG2_9ACTN Response regulator OS=Streptomyces sp. jys28 OX=2571125 GN=FCH28_26060 PE=4 SV=1,36687..37019,lcl|36687|37019|3|1,1,tr|A0A4V6WHG2|A0A4V6WHG2_9ACTN,3.36e-71,tr|A0A4V6WHG2|A0A4V6WHG2_9ACTN Response regulator OS=Streptomyces sp. jys28 OX=2571125 GN=FCH28_26060 PE=4 SV=1,MMPRLNGLHTAARLRSDPRTWDIPIAIVSACVQGDMDNGESVAVDAFLAKPFEPTELVRTVGMLVREGRQRERGSRGGAVEGSGAERAASGGIGLVEAGGDSEPAARPGA,218,556,110,100.000,110,0,110,0,0,100.00,100,/stor/scratch/Wilke/contig/database/metagenomic_contig_database/EMBL_EBI/EBI/su/SUMB01.fasta.gz
ENA|SUMB01000010|SUMB01000010.1,0..92933,tr|A0A4U0MXT1|A0A4U0MXT1_9ACTN Arginine--tRNA ligase OS=Streptomyces sp. jys28 OX=2571125 GN=FCH28_26065 PE=4 SV=1,36776..38137,lcl|36776|38137|2|1,1,tr|A0A4U0MXT1|A0A4U0MXT1_9ACTN,0.0,tr|A0A4U0MXT1|A0A4U0MXT1_9ACTN Arginine--tRNA ligase OS=Streptomyces sp. jys28 OX=2571125 GN=FCH28_26065 PE=4 SV=1,MRPGRHGQRRVGRGGRVPGEAVRADGARTDRGNAGARGAAAGARVPGRGRRGERGRARRVRWDRAGGGRRGFGARGPARRLRHGPRPEPPPGARGPARRPAPARGVHRAKPGRVFAPLLPYACPVTPAELSRTVLRSVRGAVEERELSVPVPARIVVQPPPRAGCGDYASNVALQLAGPAGRPAREVAEILRKRLAGSAGIARVEIAGPGFLNFTLGDGARTALVRQVLAQGPEYGSRSGGEVLGGELLPAGLSGARARVVAEALRRLLPAAGLRTETPADPGPGAGELADLVARLGADDARWALLRPAAHDPVRLPERPVQRESNPRFRVQYAYARTRALSRNARDLGFGSAPGEESPHAPEEPQQGLHTLLGTYPRTVEAAARHRAPDRMVRHLEATADAFLRWQDVCPPLPVGERKPLAVHRARLALAEATGTVLANGLRLLGISAPEHL,625,1613,329,99.696,328,1,329,0,0,100.00,73,/stor/scratch/Wilke/contig/database/metagenomic_contig_database/EMBL_EBI/EBI/su/SUMB01.fasta.gz
ENA|SUMB01000010|SUMB01000010.1,0..92933,tr|A0A4U0MZ47|A0A4U0MZ47_9ACTN Diaminopimelate decarboxylase OS=Streptomyces sp. jys28 OX=2571125 GN=lysA PE=3 SV=1,38164..39555,lcl|38164|39555|1|1,1,tr|A0A4U0MZ47|A0A4U0MZ47_9ACTN,0.0,tr|A0A4U0MZ47|A0A4U0MZ47_9ACTN Diaminopimelate decarboxylase OS=Streptomyces sp. jys28 OX=2571125 GN=lysA PE=3 SV=1,MSRSAHPAGPRHADVLPEGHYAGPPADLNALDPLVWSRTVRRNADGAVTVGGIDVGTLAEEFGTPAYFLDEDDFRERCRAWKDAFGPDADVFYAGKAFLSRAIVRWLNEEGLNLDVCSGGELATALAAGMPAERIALHGNNKSTEEITRAVEAGVGRIVLDSFQEIVRVAHIADRLGKRQRVQIRVTVGVEAHTHEFIATAHEDQKFGIALAGGQAAEAVRRALKLDGLELVGIHSHIGSQIFDMAGFEVSARRVVQLLTEVRDEHGIELPEIDLGGGLGIAYTSDDDPREPHEIAKALGEIVAKECAAAGLAVPRLSVEPGRAIVGPTAFTLYEVGTVKELEGLRTYVSVDGGMSDNIRTALYDAEYSVALVSRTSDAEPMLSRVVGKHCESGDIIVRDAFLPADVAPGDLLAVPATGAYCRSMASNYNHALRPPVVAVRDGAARMIIRRETEEDLLRLDVG,929,2400,463,100.000,463,0,463,0,0,100.00,100,/stor/scratch/Wilke/contig/database/metagenomic_contig_database/EMBL_EBI/EBI/su/SUMB01.fasta.gz
ENA|SUMB01000010|SUMB01000010.1,0..92933,tr|A0A4U0MY76|A0A4U0MY76_9ACTN Homoserine dehydrogenase OS=Streptomyces sp. jys28 OX=2571125 GN=FCH28_26075 PE=3 SV=1,39081..40985,lcl|39081|40985|3|1,1,tr|A0A4U0MY76|A0A4U0MY76_9ACTN,0.0,tr|A0A4U0MY76|A0A4U0MY76_9ACTN Homoserine dehydrogenase OS=Streptomyces sp. jys28 OX=2571125 GN=FCH28_26075 PE=3 SV=1,MRGRRSGRPAAVRRAGAGDRRTDRVHAVRGGHRQGAGRAADVCVRGRRHVGQHPHGALRRGVQRRAGLADLGRRADALAGRRQALRERGHHRARRLPARRCGAGRPARGAGHRRVLPVHGEQLQPRAATPGRRGQGRCGEDDHPAGDGGRSPAVGCRVGADPRAGPPDERNVSVSGRPTESAVRCVRLVDYRAGKTGSMKSRGRMMRTRPLKVALLGCGVVGSEVARIMTTHADDLAARIGAPVELAGIAVRRPDRVRDGIPAELVTTDAMALVKRGDIDVVIEVIGGIEPARGLITTAFEHGASVVSANKALVAADGAALHAAAEANDADLYYEAAVAGAIPLVRPLRESLAGDKVNRVLGIVNGTTNFILDKMDSSGAGYSEALDEATALGYAEADPTADVEGFDAAAKAAILAGIAFHTRVTIDDVHREGITEVTAADIASAKRMGCTVKLLAICERAAHGESVTARVHPAMIPLSHPLASVREAYNAVFIEADAAGQLMFYGPGAGGSPTASAVLGDLVAVCRNKLAGATGPGESAYTALPVSPMGEVVTRYHISLDVADKPGVLAQVATVFAEHGVSIDTVRQQGKDGEASLVVVTHRAADAALSSTVGALRELDTVRGVASIMRVEGE,838,2165,430,100.000,430,0,430,0,0,100.00,68,/stor/scratch/Wilke/contig/database/metagenomic_contig_database/EMBL_EBI/EBI/su/SUMB01.fasta.gz
ENA|SUMB01000010|SUMB01000010.1,0..92933,tr|D2NU12|D2NU12_ROTMD Homoserine dehydrogenase OS=Rothia mucilaginosa (strain DY-18) OX=680646 GN=RMDY18_13060 PE=4 SV=1,42226..40841,lcl|42226|40841|1|-1,-1,tr|D2NU12|D2NU12_ROTMD,2.09e-48,tr|D2NU12|D2NU12_ROTMD Homoserine dehydrogenase OS=Rothia mucilaginosa (strain DY-18) OX=680646 GN=RMDY18_13060 PE=4 SV=1,MRVARHPVPRDCLLRTLRPLHNLLNGGGVTADAPPPAAQGHDLPLGPWPLDEAEVLGRGVRVDRDRDRLRRAGHRPVRVLEAVAGDRADDLLARVDLALLGGLEQTGHGGGRGGLHEDPLLGGQQPVGGQDLTVRHLVDEAAGLVPGLLGERPRGGVADADRGGDGVRVLDDLAAHDRRAAGRLEAPHPRSAARDAVRGVLLVAAPVRRDVAGVADRQHMDVGRVGEHVDDLEGGGLLALDTHRVNGVHKCDGVLLGETAGQREAVVEISVDLKDLRAVHQRLAHLAERDLALRDEHGADHAGAHRVGGGGRGGVAGGGADDRLGPLLLGPRDGHRHPAVLERPGGVGTLDLEVHLAAGALGEHLGGYQGGAALPEGDDLGRVADRKPVTVFLDDSAPLTACRGHSGIGRHGFLYSPSTRMMLATPRTVSSSRSAPTVDDRAASAARWVTTTRDASPSLPC,181,459,387,35.917,139,230,195,4,18,50.39,80,/stor/scratch/Wilke/contig/database/metagenomic_contig_database/EMBL_EBI/EBI/su/SUMB01.fasta.gz
ENA|SUMB01000010|SUMB01000010.1,0..92933,tr|A0A4U0N8E2|A0A4U0N8E2_9ACTN Threonine synthase OS=Streptomyces sp. jys28 OX=2571125 GN=FCH28_26080 PE=3 SV=1,40994..42079,lcl|40994|42079|2|1,1,tr|A0A4U0N8E2|A0A4U0N8E2_9ACTN,0.0,tr|A0A4U0N8E2|A0A4U0N8E2_9ACTN Threonine synthase OS=Streptomyces sp. jys28 OX=2571125 GN=FCH28_26080 PE=3 SV=1,MSANSTVTTTSSQWRGIIEEYRDRLPVSDTTEVVTLREGGTPLVPAQVLSERTGCEVHLKVEGANPTGSFKDRGMTMAITRAKEEGAKAVICASTGNTSASAAAYAVRAGMVCAVLVPQGKIALGKMGQALVHGAKILQIDGNFDDCLTLARGLSEKYPVALVNSVNPVRIEGQKTAAFEIVDMLADAPDIHVLPVGNAGNITAYWRGYKEYAADGIASRTPRMWGFQASGSAPIVRGEVVKDPHTIATAIRIGNPASWAFAEQARDESGGFIDEVTDRQILAAYRLLAAQEGVFVEPASAASVAGLLKAAEQGKVDPGQKIVCTVTGNGLKDPDWAVAGAPQPVTVPIDADAAAEHLGLV,734,1896,361,100.000,361,0,361,0,0,100.00,100,/stor/scratch/Wilke/contig/database/metagenomic_contig_database/EMBL_EBI/EBI/su/SUMB01.fasta.gz
ENA|SUMB01000010|SUMB01000010.1,0..92933,tr|A0A4U0MXX2|A0A4U0MXX2_9ACTN Homoserine kinase OS=Streptomyces sp. jys28 OX=2571125 GN=thrB PE=3 SV=1,42420..43337,lcl|42420|43337|3|1,1,tr|A0A4U0MXX2|A0A4U0MXX2_9ACTN,0.0,tr|A0A4U0MXX2|A0A4U0MXX2_9ACTN Homoserine kinase OS=Streptomyces sp. jys28 OX=2571125 GN=thrB PE=3 SV=1,MAGPAFRAAAVRVRTPATSANLGPGFDALGLSLGLYDDVVVRVADSGLHVDIAGEGADTLPRDESHLLVRSMRTAFEVLGGQPRGLEIVCANRIPHGRGLGSSSAAICAGIVAARAVTIGAEQRLDDAALLELATEIEGHPDNVAACLLGGFTLAWMDTGSARAIRMDPADSIVPVVFVPGKPVLTETARGLLPRTVPHVDAAANAGRAALLVEALTRRPELLLAATEDRLHQEYRAPAMPESVALVNRLRADGVPAVISGAGPTVLALVEEAAADKVAALAGEGWAANRLTLDAAGTCVLPLAG,590,1521,305,100.000,305,0,305,0,0,100.00,100,/stor/scratch/Wilke/contig/database/metagenomic_contig_database/EMBL_EBI/EBI/su/SUMB01.fasta.gz
ENA|SUMB01000010|SUMB01000010.1,0..92933,tr|A0A5J4LGJ9|A0A5J4LGJ9_9ACTN Uncharacterized protein OS=Streptomyces angustmyceticus OX=285578 GN=San01_31030 PE=4 SV=1,43940..43413,lcl|43940|43413|3|-1,-1,tr|A0A5J4LGJ9|A0A5J4LGJ9_9ACTN,1.93e-40,tr|A0A5J4LGJ9|A0A5J4LGJ9_9ACTN Uncharacterized protein OS=Streptomyces angustmyceticus OX=285578 GN=San01_31030 PE=4 SV=1,MTSISWLLRIRAVPLMPRPEATCCSSARTMPSRPVPERRRREAGAVAAPVAGAAGASVAGAVALPSVRTPIRSVVSLTKGPSLERASACLARRPVVLSGCGPLVFRIGAGAVVPPDTAERSIHGSGERMRVTSSRRIPERAHFCSGHCSKQFGRLPEESGPDGGHEAPRHTGVEY,142,357,122,72.131,88,27,93,4,7,76.23,67,/stor/scratch/Wilke/contig/database/metagenomic_contig_database/EMBL_EBI/EBI/su/SUMB01.fasta.gz
ENA|SUMB01000010|SUMB01000010.1,0..92933,tr|A0A4U0MYP6|A0A4U0MYP6_9ACTN Transcription termination factor Rho OS=Streptomyces sp. jys28 OX=2571125 GN=rho PE=3 SV=1,43729..45792,lcl|43729|45792|1|1,1,tr|A0A4U0MYP6|A0A4U0MYP6_9ACTN,0.0,tr|A0A4U0MYP6|A0A4U0MYP6_9ACTN Transcription termination factor Rho OS=Streptomyces sp. jys28 OX=2571125 GN=rho PE=3 SV=1,MGVRTDGSATAPATDAPAAPATGAATAPASRRRRSGTGLDGMVLAELQQVASGLGIKGTARMRKSQLIEVIKEKQAGGSGTAAKADAPADTETKPKRRTTSKARTGDDAEATGKAAKADKAGKAEKAVAQQQIEIPGQPSPKVSASLDQGGAPTDEQPAGERRRRRATAAAGSPEAASGDLKTETKVEAKTDTTAAKADAKAETAVDTGEGRQARTGERQDRGERQERGPKGDRGDRGQRGQRDRDRRKGDAGDGGGQGGNRQRDRRADDDDDFEGGRRGRRGRYRDRRGRRGGREDFGNEPQVSEDDVLIPVAGILDILDNYAFIRTSGYLPGPNDVYVSLAQVRKNGLRKGDHVTGAVRQPKDGERREKFNALVRLDTVNSVAPEQGRQRAEFGKLTPLYPQERLRLEGESGGLTTRIIDLVAPIGKGQRGLIVAPPKTGKTMIMQAVANAITRNNPECHLMVVLVDERPEEVTDMQRSVKGEVISSTFDRPAEDHTTVAELAIERAKRLVELGHDVVVLLDSITRLGRAYNLAAPASGRILSGGVDSTALYPPKRFFGAARNIEDGGSLTILATALVETGSRMDEVIFEEFKGTGNLELKLDRKLADKRIFPAVDVDGSGTRKEEILLGSDELNVVWKLRRVLHALDQQQAIELLLDKMKQTKSNAEFLLQIQKTTPGMSNGND,1361,3523,687,100.000,687,0,687,0,0,100.00,100,/stor/scratch/Wilke/contig/database/metagenomic_contig_database/EMBL_EBI/EBI/su/SUMB01.fasta.gz
ENA|SUMB01000010|SUMB01000010.1,0..92933,tr|A0A4U0MY10|A0A4U0MY10_9ACTN LytR family transcriptional regulator OS=Streptomyces sp. jys28 OX=2571125 GN=FCH28_26095 PE=3 SV=1,46124..47245,lcl|46124|47245|2|1,1,tr|A0A4U0MY10|A0A4U0MY10_9ACTN,0.0,tr|A0A4U0MY10|A0A4U0MY10_9ACTN LytR family transcriptional regulator OS=Streptomyces sp. jys28 OX=2571125 GN=FCH28_26095 PE=3 SV=1,MADSNGTKTAGSRARGIRATGRRRKGPTRRRRALTISLCALVGVVLLGGAGVGYVYFKLNGNLKGVDINAALGHDRPKNVDNGSMDILVMGSDSRAGKNGKYGRDEGGARSDTAMVVHVYKGHKKASVVSIPRDTMIKRPDCTKDGKDVPGSQRAMFNTAYEVGGPACAVKTVESISGIRMDHFIEVDFTGFKKLINALGGVEITTTKAIDDDNSHLHLKPGKHTLDGEDSLGLVRTRHGVPGGDGSDLGRIQLQQTFIKALMDQVKNVGLLTSPAKLYDVADTATKAITTDTDLNSVGELTGLAKSLGGIGSGNIDMVTLPVTYDKIDPDRVLPLEKQSRQVWDALHHDQAIPKSAIKDSAGDKGGTGTYVQ,751,1940,373,100.000,373,0,373,0,0,100.00,100,/stor/scratch/Wilke/contig/database/metagenomic_contig_database/EMBL_EBI/EBI/su/SUMB01.fasta.gz
ENA|SUMB01000010|SUMB01000010.1,0..92933,tr|A0A4U0MXU7|A0A4U0MXU7_9ACTN Peptide chain release factor 1 OS=Streptomyces sp. jys28 OX=2571125 GN=prfA PE=3 SV=1,47817..48896,lcl|47817|48896|3|1,1,tr|A0A4U0MXU7|A0A4U0MXU7_9ACTN,0.0,tr|A0A4U0MXU7|A0A4U0MXU7_9ACTN Peptide chain release factor 1 OS=Streptomyces sp. jys28 OX=2571125 GN=prfA PE=3 SV=1,MFEAVEELIGEHADLEKRLADPAVHGDQREAMRLNKRYAELTPIIATYRSWKQTGDDMETARELAADDPDFADEVKELDIQREQLTEKLRLLLVPRDPSDDKDVILEVKAGEGGEESALFAGDLLRMYLRYAERAGWKTEILEANESDLGGYKDVQVAVKTKGGGGATEPGQGVWARLKYEGGVHRVQRVPATESQGRIHTSAAGVLVTPEAEEVEVEIGPNDLRIDVYRSSGPGGQSVNTTDSAVRITHLPTGIVVSCQNEKSQLQNKEQALRILRSRLLAAAQEEAEREASDARRSQVRTVDRSERIRTYNFPENRISDHRVGFKAYNLDQVLDGELDPVIQACVDADSAAKLAAAQ,728,1880,359,100.000,359,0,359,0,0,100.00,100,/stor/scratch/Wilke/contig/database/metagenomic_contig_database/EMBL_EBI/EBI/su/SUMB01.fasta.gz
ENA|SUMB01000010|SUMB01000010.1,0..92933,tr|A0A4U0MXY0|A0A4U0MXY0_9ACTN Release factor glutamine methyltransferase OS=Streptomyces sp. jys28 OX=2571125 GN=prmC PE=3 SV=1,49292..49816,lcl|49292|49816|2|1,1,tr|A0A4U0MXY0|A0A4U0MXY0_9ACTN,4.41e-121,tr|A0A4U0MXY0|A0A4U0MXY0_9ACTN Release factor glutamine methyltransferase OS=Streptomyces sp. jys28 OX=2571125 GN=prmC PE=3 SV=1,MDVVEPLIVDLCTGSGAIALALGQEVPRSRVHAVELSEEALRYARKNVEGSRVVLHHGDALTALPELDGQVDLVVSNPPYIPLTEWEYVAPEARDHDPQLALFSGEDGLDTIRGIERTAHRLLRPGGVVVIEHADTQGGQVPWIFTEEKGWADAADHPDLNNRPRFATARRATP,352,902,174,100.000,174,0,174,0,0,100.00,100,/stor/scratch/Wilke/contig/database/metagenomic_contig_database/EMBL_EBI/EBI/su/SUMB01.fasta.gz
ENA|SUMB01000010|SUMB01000010.1,0..92933,tr|A0A4U0MXT9|A0A4U0MXT9_9ACTN Threonylcarbamoyl-AMP synthase OS=Streptomyces sp. jys28 OX=2571125 GN=FCH28_26115 PE=4 SV=1,49869..50516,lcl|49869|50516|3|1,1,tr|A0A4U0MXT9|A0A4U0MXT9_9ACTN,1.64e-152,tr|A0A4U0MXT9|A0A4U0MXT9_9ACTN Threonylcarbamoyl-AMP synthase OS=Streptomyces sp. jys28 OX=2571125 GN=FCH28_26115 PE=4 SV=1,MARRYDCSDATDRATGLREAASAVRRGELVVLPTDTVYGIGADAFSAEAVGDLLEAKGRGRGMPSPVLVGSPNTLHGLVTDFSEQAWELVDAFWPGALTLVANHQPSLTWDLGETRGTVAVRMPLHPVAIELLTDFGPMAVSSANLTGHPSPQDCDAAQEMLGDSVSVYLDGGPTPAAVPSSIVDVTGKVPVLLREGAISAEELRKVVPELEVAN,431,1107,215,100.000,215,0,215,0,0,100.00,100,/stor/scratch/Wilke/contig/database/metagenomic_contig_database/EMBL_EBI/EBI/su/SUMB01.fasta.gz
ENA|SUMB01000010|SUMB01000010.1,0..92933,tr|A0A4U0MYI6|A0A4U0MYI6_9ACTN Protein-tyrosine-phosphatase OS=Streptomyces sp. jys28 OX=2571125 GN=FCH28_26120 PE=4 SV=1,50516..51190,lcl|50516|51190|2|1,1,tr|A0A4U0MYI6|A0A4U0MYI6_9ACTN,9.69e-152,tr|A0A4U0MYI6|A0A4U0MYI6_9ACTN Protein-tyrosine-phosphatase OS=Streptomyces sp. jys28 OX=2571125 GN=FCH28_26120 PE=4 SV=1,MAPLGRGIAGPGDDPLLPPAPPFRILHVSTGNVCRSPITERLHRHALELRLGGAHSGGLIVESAGTWGHEGAPMEAHAATVCADYGADPGGFTGRELLDEHVIRADLVLTATRDHRAQVISMGHSAGLRTFTLKEFNRLVRAIDPATLPEPDPALPDCGLVERARALVGAAAALRGWLLAPTPESDEVHDPYGAPITFFRSIGDEINQALDPVVTALTGVPARA,429,1103,217,99.539,216,1,217,0,0,100.00,97,/stor/scratch/Wilke/contig/database/metagenomic_contig_database/EMBL_EBI/EBI/su/SUMB01.fasta.gz
ENA|SUMB01000010|SUMB01000010.1,0..92933,tr|A0A4U0MZ58|A0A4U0MZ58_9ACTN Serine hydroxymethyltransferase OS=Streptomyces sp. jys28 OX=2571125 GN=glyA PE=3 SV=1,51287..52663,lcl|51287|52663|2|1,1,tr|A0A4U0MZ58|A0A4U0MZ58_9ACTN,0.0,tr|A0A4U0MZ58|A0A4U0MZ58_9ACTN Serine hydroxymethyltransferase OS=Streptomyces sp. jys28 OX=2571125 GN=glyA PE=3 SV=1,MPATTASPRSTASARGEAAVAEPAEAEKIEDRARAAARDGTLPAGAPDFAALLRQDPEIAGALLGESARQSDGLQLIAAENFASPAVLAALGSPLGNKYAEGYPGARHHGGCEIVDLAERIAVERAKALFGAEHANVQAHSGSSAVLAAYAALLRPGDTVLAMSLPHGGHLTHGSPANFSGRWFDFAGYGVDEESGLLDYDAIRALALERRPKAIVCGSISYPRHMDYAEFRDIADETGAYLIADVAHPMGLIAGGAAPSPVPYADVVCATTHKVLRGPRGGMILCGGRLAERIDRAVFPFTQGGAQMNAVAAKAVAFGEAATPAFGAYTHQVIANARALAAALAGQGLTITTGGTDTHLITADTAPLGVDARTARGRLAAAGIVLDTCALPCEVREDLAARRTGIRLGTAAVTTQGMGEAEMREIADLIGAALREDGAVRPATVALAHRFPPYPERG,902,2330,458,100.000,458,0,458,0,0,100.00,100,/stor/scratch/Wilke/contig/database/metagenomic_contig_database/EMBL_EBI/EBI/su/SUMB01.fasta.gz
ENA|SUMB01000010|SUMB01000010.1,0..92933,tr|A0A644U967|A0A644U967_9ZZZZ Uncharacterized protein OS=bioreactor metagenome OX=1076179 GN=SDC9_21315 PE=4 SV=1,52633..51536,lcl|52633|51536|1|-1,-1,tr|A0A644U967|A0A644U967_9ZZZZ,5.59e-40,tr|A0A644U967|A0A644U967_9ZZZZ Uncharacterized protein OS=bioreactor metagenome OX=1076179 GN=SDC9_21315 PE=4 SV=1,MRQGDRRRTDRAVLAQRRPDQVGDLPHLGLAHPLGRHGGGAQPDTGPPRGEILPHLARQGAGVQDDPGGRQPAACGPRVHAERCGVRRDQVGVGTAGGDRQPLPGQRRGERAGVGDHLMGVRAEGGCGGLAEGDGLRGDGVHLGSALGEGEHRPVDALGQPPAAQDHPAARPAQHLVGGGTHHVGVRDGAGRRSPGDQSHGVGDVRDQIGAGLVGDIAELGVVHVPRVGDRAADDGLGPALQGQRPDRVVVEQPGFLVDAVAGEVEPAAGEVGGRSVGEVPAVRQGHRQDGVPGAQQGGVGGQDGRRPGVGLDVGVFGAEERLGAFHGDPLGEVDDLAAAVVPGTRIALGVFVAERRAEGGEDRG,157,396,346,39.595,137,206,168,2,3,48.55,95,/stor/scratch/Wilke/contig/database/metagenomic_contig_database/EMBL_EBI/EBI/su/SUMB01.fasta.gz
ENA|SUMB01000010|SUMB01000010.1,0..92933,tr|A0A4U0MY85|A0A4U0MY85_9ACTN Undecaprenyl/decaprenyl-phosphate alpha-N-acetylglucosaminyl 1-phosphate transferase OS=Streptomyces sp. jys28 OX=2571125 GN=FCH28_26130 PE=4 SV=1,52775..54121,lcl|52775|54121|2|1,1,tr|A0A4U0MY85|A0A4U0MY85_9ACTN,0.0,tr|A0A4U0MY85|A0A4U0MY85_9ACTN Undecaprenyl/decaprenyl-phosphate alpha-N-acetylglucosaminyl 1-phosphate transferase OS=Streptomyces sp. jys28 OX=2571125 GN=FCH28_26130 PE=4 SV=1,MGQPVREYLLTLCVTAAVTYLLTGPVRKFAIAAGAMPEIRARDVHREPTPRLGGIAMFGGLCAGLLVAAHLTNLKSVFEHSDEPKALLSGAALIWILGVLDDKWGVDALVKLGGQMIAAGVMVLQGLTILWIPVPGVGTVSLTPMQGTLLTVALVVITINAVNFVDGLDGLASGMVCIAAAAFFMYAYRMWFGYGIEAAAPATLFSVVLMGMCLGFLPHNMHPARIFMGDSGSMLIGLVMAAGAVSVTGQVDPDLLGQKAGGVREATHAMVPVYIPLLLPLTVIAVPVADLILAIVRRTWKGQSPFAADRGHLHHRLLEIGHSHSRAVLIMYFWSALIAFGAVAYSVNNASMWIVLGIVLLSAVGLVLLLLPRFTPRAPRWAEWMVPPRYRRVVREPAAQAAAAGEEGTVGAGEAGEGPETVPASLHGATAIGDRSRFVDRRKADSHH,881,2276,444,99.775,443,1,444,0,0,100.00,99,/stor/scratch/Wilke/contig/database/metagenomic_contig_database/EMBL_EBI/EBI/su/SUMB01.fasta.gz
ENA|SUMB01000010|SUMB01000010.1,0..92933,tr|A0A4U0N8F8|A0A4U0N8F8_9ACTN Uncharacterized protein OS=Streptomyces sp. jys28 OX=2571125 GN=FCH28_26135 PE=4 SV=1,54411..54848,lcl|54411|54848|3|1,1,tr|A0A4U0N8F8|A0A4U0N8F8_9ACTN,3.29e-96,tr|A0A4U0N8F8|A0A4U0N8F8_9ACTN Uncharacterized protein OS=Streptomyces sp. jys28 OX=2571125 GN=FCH28_26135 PE=4 SV=1,MQSNDARLLLHAVVPTLATGALAAVVSAVVAGGTGAVGAVVGTALVVLVMGAGLAVLQHTARNYPQLFQMMGLLLYSVQILLVAVFLLTFKDTTLFDTKAFAFTLLGATLVWIAAQTRGHMKAKILYVDPDSADAKKAETAGSPT,282,722,145,100.000,145,0,145,0,0,100.00,100,/stor/scratch/Wilke/contig/database/metagenomic_contig_database/EMBL_EBI/EBI/su/SUMB01.fasta.gz
ENA|SUMB01000010|SUMB01000010.1,0..92933,tr|A0A4U0MYL7|A0A4U0MYL7_9ACTN ATP synthase subunit a OS=Streptomyces sp. jys28 OX=2571125 GN=atpB PE=3 SV=1,55128..55925,lcl|55128|55925|3|1,1,tr|A0A4U0MYL7|A0A4U0MYL7_9ACTN,0.0,tr|A0A4U0MYL7|A0A4U0MYL7_9ACTN ATP synthase subunit a OS=Streptomyces sp. jys28 OX=2571125 GN=atpB PE=3 SV=1,MLAFDTECHLLIPGCGFEAPGLHSFVFDPLFTVGGFEFNKPMLLALLSTVVVVWFFWAAFGKAKVVPGKLQMIGEAGYDFVRRGLVYDALGKKEGEKYVPFMVALFFFVWIMNLWSIIPVMAFPVTSVIAFPAGLAAIVYILWMYLTFKKHGFVGGWKNITGYDKSLGWVLPLIVVIEFISNVIIRPFTHAVRLFANMFAGHLLILMFTIASWYLLNGIGIVYAGASFAMTLAMTAFELFIQAVQAYVFVLLACNYVQGALAEHH,531,1367,265,100.000,265,0,265,0,0,100.00,100,/stor/scratch/Wilke/contig/database/metagenomic_contig_database/EMBL_EBI/EBI/su/SUMB01.fasta.gz
ENA|SUMB01000010|SUMB01000010.1,0..92933,tr|A0A4U0MXY1|A0A4U0MXY1_9ACTN ATP synthase subunit c OS=Streptomyces sp. jys28 OX=2571125 GN=atpE PE=3 SV=1,56002..56253,lcl|56002|56253|1|1,1,tr|A0A4U0MXY1|A0A4U0MXY1_9ACTN,1.20e-49,tr|A0A4U0MXY1|A0A4U0MXY1_9ACTN ATP synthase subunit c OS=Streptomyces sp. jys28 OX=2571125 GN=atpE PE=3 SV=1,MSAALETVNLASETAFTGSASAIGYGLAAIGPGVGVGIIFGNGTQALARQPEAAGLIRTNQIMGFAFCEALALIGIVMGFVFK,160,404,83,100.000,83,0,83,0,0,100.00,100,/stor/scratch/Wilke/contig/database/metagenomic_contig_database/EMBL_EBI/EBI/su/SUMB01.fasta.gz
ENA|SUMB01000010|SUMB01000010.1,0..92933,tr|A0A4U0MYH3|A0A4U0MYH3_9ACTN ATP synthase subunit b OS=Streptomyces sp. jys28 OX=2571125 GN=atpF PE=3 SV=1,56317..56865,lcl|56317|56865|1|1,1,tr|A0A4U0MYH3|A0A4U0MYH3_9ACTN,1.21e-124,tr|A0A4U0MYH3|A0A4U0MYH3_9ACTN ATP synthase subunit b OS=Streptomyces sp. jys28 OX=2571125 GN=atpF PE=3 SV=1,MAAEVPENPLVPPIPELVIGLIAFFIVFGILAKKLLPNINKVLDERHEAIEGGMKKAEEAMAEAQQVLDEYRTQLADARHEAARLRQEAQEQGATLIAEMRAEGQRQREEIIAAGHAQIEADRKAAAQSLRQDVGKLATDLAGKLVGESLEDHARQSRTIDRFLDELEAQAASDTTKAEAGR,357,917,182,100.000,182,0,182,0,0,100.00,100,/stor/scratch/Wilke/contig/database/metagenomic_contig_database/EMBL_EBI/EBI/su/SUMB01.fasta.gz
ENA|SUMB01000010|SUMB01000010.1,0..92933,tr|A0A4U0MYQ6|A0A4U0MYQ6_9ACTN ATP synthase subunit delta OS=Streptomyces sp. jys28 OX=2571125 GN=atpH PE=3 SV=1,56862..57677,lcl|56862|57677|3|1,1,tr|A0A4U0MYQ6|A0A4U0MYQ6_9ACTN,0.0,tr|A0A4U0MYQ6|A0A4U0MYQ6_9ACTN ATP synthase subunit delta OS=Streptomyces sp. jys28 OX=2571125 GN=atpH PE=3 SV=1,MNGASREALASARERFDALTDDTSVDAAKLAEELAAVTALLDREVSLRRVLTDPAQAGEARAELAGRLLGNQIGGPALDLVTGMVRARWSRSRELADALEELSYSADLVAAQRAGQLDDVEDELFRFGRIVASSGELRRALTDQIATVSAKAELLHSLLGGRANPVTERLVIRLVGHPRGRSLEAGLEALSKLAASRRGRMIAVVTSAVPLSEGQRQRLGASLTELYGRQIHLNLDVDPEVLGGLQVRVGDEVINGTIAERLDEASRRMAG,518,1334,271,100.000,271,0,271,0,0,100.00,100,/stor/scratch/Wilke/contig/database/metagenomic_contig_database/EMBL_EBI/EBI/su/SUMB01.fasta.gz
ENA|SUMB01000010|SUMB01000010.1,0..92933,tr|A0A4U0MY19|A0A4U0MY19_9ACTN ATP synthase subunit alpha OS=Streptomyces sp. jys28 OX=2571125 GN=atpA PE=3 SV=1,57893..59485,lcl|57893|59485|2|1,1,tr|A0A4U0MY19|A0A4U0MY19_9ACTN,0.0,tr|A0A4U0MY19|A0A4U0MY19_9ACTN ATP synthase subunit alpha OS=Streptomyces sp. jys28 OX=2571125 GN=atpA PE=3 SV=1,MAELTIRPEEIRDALENFVQAYKPDAASREEVGTVSEAGDGIAKVEGLPSAMANELLKFEDGTLGLALNLEEREIGAVVLGEFSGIEEGQPVQRTGEVLSVAVGEGYLGRVVDPLGNPIDGLGEIESEGRRALELQAPGVMVRKSVHEPMETGYKAVDAMTPIGRGQRQLIIGDRQTGKTALAVDTIINQRDNWRSGDPKKQVRCIYVAVGQKGSTIASVRGALEEAGALEYTTIVAAPASDPAGFKYLAPYTGSAIGQHWMYQGKHVLIVFDDLSKQADAYRAVSLLLRRPPGREAYPGDVFYLHSRLLERCAKLSDDMGAGSMTGLPIVETKANDVSAFIPTNVISITDGQCFLESDLFNAGQRPALNVGISVSRVGGSAQHKAMRQVSGRLRVDLAQYRELEAFAAFGSDLDAASKASLERGKRMVELLKQSQYAPFPTEDEVVSIWAGTTGKMDDVPVNDIRRFERELLDHLGREKKDLLTSIREGGKMSDDTIQALTDAVATFKQQFETSDGKLLGEDAPVGSAK,1077,2784,530,100.000,530,0,530,0,0,100.00,100,/stor/scratch/Wilke/contig/database/metagenomic_contig_database/EMBL_EBI/EBI/su/SUMB01.fasta.gz
ENA|SUMB01000010|SUMB01000010.1,0..92933,tr|A0A251XHB0|A0A251XHB0_CLAMM Uncharacterized protein OS=Clavibacter michiganensis subsp. michiganensis OX=33013 GN=CMMCAS07_14735 PE=4 SV=1,59385..58801,lcl|59385|58801|2|-1,-1,tr|A0A251XHB0|A0A251XHB0_CLAMM,2.40e-61,tr|A0A251XHB0|A0A251XHB0_CLAMM Uncharacterized protein OS=Clavibacter michiganensis subsp. michiganensis OX=33013 GN=CMMCAS07_14735 PE=4 SV=1,MVSSDILPPSRMLVSRSFFSRPRWSRSSRSKRRMSLTGTSSILPVVPAQMETTSSSVGKGAYWLCFSSSTMRLPRSSEALEAASRSEPKAANASSSRYWARSTRSRPETCRMALCWAEPPTRETEIPTFSAGRWPALKRSDSRKHWPSVMEMTLVGMNADTSLALVSTIGRPVIEPAPMSSESLAQRSSRRECR,200,509,158,69.620,110,48,122,0,0,77.22,81,/stor/scratch/Wilke/contig/database/metagenomic_contig_database/EMBL_EBI/EBI/su/SUMB01.fasta.gz
ENA|SUMB01000010|SUMB01000010.1,0..92933,tr|A0A4V5MIU7|A0A4V5MIU7_9ACTN ATP synthase gamma chain OS=Streptomyces sp. jys28 OX=2571125 GN=atpG PE=3 SV=1,59506..60420,lcl|59506|60420|1|1,1,tr|A0A4V5MIU7|A0A4V5MIU7_9ACTN,0.0,tr|A0A4V5MIU7|A0A4V5MIU7_9ACTN ATP synthase gamma chain OS=Streptomyces sp. jys28 OX=2571125 GN=atpG PE=3 SV=1,MGAKLRVYKRRIRSVTATKKITKAMEMIAASRIVKAQRKVAASTPYASELTRAVTAVATGSNTQHALTTEVDNPTRAAVLLITSDRGLAGGYSSNAIKAGEQLTERLKAEGKEVDTYIVGRKGVSYYTFRERKVADSWTGFTDSPTYADAKAVAGPLIDAVQKDTAEGGVDELHIVFTEFVSMMTQNAIDGRLLPLSLDKPDAEETAKGEILPLFDFEPSAEDVLDALLPRYVESRIYNALLQAAASKHAATRRAMKSATDNAEELIKSLSRLANAARQAEITQEISEIVGGASALADATAGSD,612,1577,304,100.000,304,0,304,0,0,100.00,100,/stor/scratch/Wilke/contig/database/metagenomic_contig_database/EMBL_EBI/EBI/su/SUMB01.fasta.gz
ENA|SUMB01000010|SUMB01000010.1,0..92933,tr|A0A4U0MXV6|A0A4U0MXV6_9ACTN ATP synthase subunit beta OS=Streptomyces sp. jys28 OX=2571125 GN=atpD PE=3 SV=1,60426..61868,lcl|60426|61868|3|1,1,tr|A0A4U0MXV6|A0A4U0MXV6_9ACTN,0.0,tr|A0A4U0MXV6|A0A4U0MXV6_9ACTN ATP synthase subunit beta OS=Streptomyces sp. jys28 OX=2571125 GN=atpD PE=3 SV=1,MTTTVETATAAGRVARVIGPVVDVEFPVDAMPEIYNALTVQVADPAEEGALKTLTLEVAQHLGEGLVRAISMQPTDGLVRQAPVTDTGEGITVPVGDITKGKVFNTLGAILNEPEAESEVTERWPIHRKAPAFDQLESKTEMFETGLKVVDLLTPYVKGGKIGLFGGAGVGKTVLIQEMIMRVAKLHEGVSVFAGVGERTREGNDLIAEMEESGVLDKTALVFGQMDEPPGTRLRVALAGLTMAEYFRDVQKQDVLFFIDNIFRFTQAGSEVSTLLGRMPSAVGYQPNLADEMGLLQERITSTRGHSITSMQAIYVPADDLTDPAPATTFAHLDATTVLSRPISEKGIYPAVDPLDSTSRILDPRYISQDHYDAASRVRAILQKYKDLQDIIAILGIDELGEEDKLVVHRARRIERFLSQNTHAAKQFTGIDGSDVPLDESIAAFNAIADGDFDHFPEQAFFMCGGLEDLKNNAKELGVS,973,2516,480,100.000,480,0,480,0,0,100.00,100,/stor/scratch/Wilke/contig/database/metagenomic_contig_database/EMBL_EBI/EBI/su/SUMB01.fasta.gz
ENA|SUMB01000010|SUMB01000010.1,0..92933,tr|A0A640UF07|A0A640UF07_9ACTN ATP synthase epsilon chain OS=Streptomyces libani subsp. rufus OX=249582 GN=atpC PE=3 SV=1,62081..62362,lcl|62081|62362|2|1,1,tr|A0A640UF07|A0A640UF07_9ACTN,1.33e-58,tr|A0A640UF07|A0A640UF07_9ACTN ATP synthase epsilon chain OS=Streptomyces libani subsp. rufus OX=249582 GN=atpC PE=3 SV=1,MPGHQPLLGVLQSGPVTIRTTGESGDGTVVAAVHGGFISFADNKLSLLAEIAELSDEIDVQRAERALERAKSEADAAAERRADVRLRAVTGVH,184,468,93,100.000,93,0,93,0,0,100.00,100,/stor/scratch/Wilke/contig/database/metagenomic_contig_database/EMBL_EBI/EBI/su/SUMB01.fasta.gz
ENA|SUMB01000010|SUMB01000010.1,0..92933,tr|A0A4U0MXU8|A0A4U0MXU8_9ACTN DUF2550 family protein OS=Streptomyces sp. jys28 OX=2571125 GN=FCH28_26180 PE=4 SV=1,62481..62930,lcl|62481|62930|3|1,1,tr|A0A4U0MXU8|A0A4U0MXU8_9ACTN,5.72e-102,tr|A0A4U0MXU8|A0A4U0MXU8_9ACTN DUF2550 family protein OS=Streptomyces sp. jys28 OX=2571125 GN=FCH28_26180 PE=4 SV=1,MVLALLVSGAVVVLVLLGLFVFGLRRRLIQRSGGTFDCSLRWNVPENETEPSGKGWIYGVARYNGDRIEWFRVFSYAPRPRRMLERSAIEVLERRTPQGEEELALLSDSIVLACGHRGTRLELAMSEDALTGFLAWLEAAPPGQRVNVA,297,761,149,100.000,149,0,149,0,0,100.00,100,/stor/scratch/Wilke/contig/database/metagenomic_contig_database/EMBL_EBI/EBI/su/SUMB01.fasta.gz
ENA|SUMB01000010|SUMB01000010.1,0..92933,tr|A0A4U0MZ68|A0A4U0MZ68_9ACTN Response regulator transcription factor OS=Streptomyces sp. jys28 OX=2571125 GN=FCH28_26185 PE=4 SV=1,63995..63075,lcl|63995|63075|3|-1,-1,tr|A0A4U0MZ68|A0A4U0MZ68_9ACTN,6.64e-151,tr|A0A4U0MZ68|A0A4U0MZ68_9ACTN Response regulator transcription factor OS=Streptomyces sp. jys28 OX=2571125 GN=FCH28_26185 PE=4 SV=1,MSAAGRSPSPSAARTPTGPVPARPAPAPGWSGCGNGSPCWAGRSRPARRAARADGSGGCGPRCRRPRRRNDDDRGTTMTDAGTRPIRVLVAEDQSAVRAGLVLILRSAPDVTVVGEAVDGEEAVRLARELRPDLVLMDVQMPRLDGVSATRQIVSEGLADVLVLTTFDLDEYVFGALRAGAAGFLLKDSDAAALLTAVRTVASGEGLIAPAVTRRLIAEFARPSTAPRPARDGDGPDPAVLDALTPREREVLGCLGRGLSNADIAVRLVMAEATVKTHVSRLLAKLALRSRLQAAVLAQELGVEGP,431,1108,229,100.000,229,0,229,0,0,100.00,75,/stor/scratch/Wilke/contig/database/metagenomic_contig_database/EMBL_EBI/EBI/su/SUMB01.fasta.gz
ENA|SUMB01000010|SUMB01000010.1,0..92933,tr|A0A4U0MY94|A0A4U0MY94_9ACTN Uncharacterized protein OS=Streptomyces sp. jys28 OX=2571125 GN=FCH28_26195 PE=4 SV=1,63586..65772,lcl|63586|65772|1|1,1,tr|A0A4U0MY94|A0A4U0MY94_9ACTN,5.27e-129,tr|A0A4U0MY94|A0A4U0MY94_9ACTN Uncharacterized protein OS=Streptomyces sp. jys28 OX=2571125 GN=FCH28_26195 PE=4 SV=1,MRTRSGRSSRARRTASSPSTASPTTVTSGAERRMSTSPARTADWSSATSTRIGRVPASVIVVPLSSSFLLLGRRQRGPHPPDPSARAALRAGLERPAQQGDPFPHPDQPGAGAGRAGTGPVGVRAADGDGERPAALMGDPHPDLAGRGVLERVGQRLLDDAVRGQLDRRHELGRGPLAVAVPRVVECERQSAGRAVRTGLGDQRVEPAESGGRGRFVAAGARGVPQQPDETAHFGQPLHAVLPDHAERLAGRRRVVDGLRGGRVDRDGGQMVGDQVVQLAGHPGPLAGHRLGPVHLGQQRGLLGPQPGGLGGVAVLADDGARPGGCDGQYAGADAEQQRLRIAQQRHGDERGEHGDHLGGDRDPAGHRRGAVQHGRVHHVREHHDRGDQPAGAQIQGERPAGEHQRGPRGRAAQQLRTAHHDQRDQREPVRDARHRDAVAQPQRPQQQPAEQSADRDAHIVAVRTGGQGGEGALRGHRHPAIQHGDAARHLHAPGEPGPPAPTSKDAGRDRRGRRRGRLFPGGGWRQFPRGGEFVIVTLIIICEVGFWVLLAGGLSLRYLARMPRTGAAVLLLEPLLELVLLIATAVDLKNGAQADIKHGLAAIYIGFSVALGHRTVKWVDARFAHRFAGGPPPVKPPRYGTARTVYEWRTAGRWILAALIAIGLLQAAAWYVGDPAQTTSLRGWQSRMLWLIGINLVIATSYTIWPKRAPAMERTDERGHSLTGGGR,390,1001,194,99.485,193,1,194,0,0,100.00,27,/stor/scratch/Wilke/contig/database/metagenomic_contig_database/EMBL_EBI/EBI/su/SUMB01.fasta.gz
ENA|SUMB01000010|SUMB01000010.1,0..92933,tr|A0A4U0MZV1|A0A4U0MZV1_9ACTN Two-component sensor histidine kinase OS=Streptomyces sp. jys28 OX=2571125 GN=FCH28_26190 PE=4 SV=1,64845..63778,lcl|64845|63778|2|-1,-1,tr|A0A4U0MZV1|A0A4U0MZV1_9ACTN,0.0,tr|A0A4U0MZV1|A0A4U0MZV1_9ACTN Two-component sensor histidine kinase OS=Streptomyces sp. jys28 OX=2571125 GN=FCH28_26190 PE=4 SV=1,MSGTELLRRTAPRTALVLAGGALALDLCTGGLIATIVMFTDVVYAAVLYGSPAMARRIPIASEVITVLATLVPVALLRNPQALLFGVGTGVLTIAPAWTGAIIRQHRDAAQAARLRAEQTALLAEMDRTQAVAGERARMARELHDLVANHLSAIAIHSTAAQAIDDPAATREALGVIRENSVQGLAEMRRLIGLLRDSAGTSGDEPAATPTLGGLDALIAQARTNGATSGLTFTLDDARHGDGEGAAAKLVAPVELAAYRIVQESLTNALKHAAPGEVRVRIAHERGGALTVTVSSPYADRPGPRAPGSGAGLVGMRERIALLGGAFEAGPESGTGGRIWRVRAALPAPEEEERR,683,1763,355,100.000,355,0,355,0,0,100.00,100,/stor/scratch/Wilke/contig/database/metagenomic_contig_database/EMBL_EBI/EBI/su/SUMB01.fasta.gz
ENA|SUMB01000010|SUMB01000010.1,0..92933,tr|A0A4U0N8G8|A0A4U0N8G8_9ACTN Corrinoid adenosyltransferase OS=Streptomyces sp. jys28 OX=2571125 GN=FCH28_26200 PE=3 SV=1,66556..65804,lcl|66556|65804|1|-1,-1,tr|A0A4U0N8G8|A0A4U0N8G8_9ACTN,1.15e-134,tr|A0A4U0N8G8|A0A4U0N8G8_9ACTN Corrinoid adenosyltransferase OS=Streptomyces sp. jys28 OX=2571125 GN=FCH28_26200 PE=3 SV=1,MCCRTSCRSVISWTRYGRRTSVPTPPRPCSTASWSRSCSPPYRWPSAPAPSAGPRRRLATMVNLTRIYTRTGDKGTTALGDMSRTAKTDSRISAYADANEANAAIGVALALGSLPQDVAAVLLRVQNDLFDVGADLSTPVVENPEFPPLRVEQAYIDKLEADCDRFLADLEKLRSFILPGGTAGAALLHQACTVVRRAERSTWAAFEEHGETMNPLTATYLNRLSDLLFILARTANKEVGDVLWVPGGER,386,991,190,100.000,190,0,190,0,0,100.00,76,/stor/scratch/Wilke/contig/database/metagenomic_contig_database/EMBL_EBI/EBI/su/SUMB01.fasta.gz
ENA|SUMB01000010|SUMB01000010.1,0..92933,tr|A0A4U0MXZ0|A0A4U0MXZ0_9ACTN Transport permease protein OS=Streptomyces sp. jys28 OX=2571125 GN=FCH28_26205 PE=3 SV=1,67142..66387,lcl|67142|66387|3|-1,-1,tr|A0A4U0MXZ0|A0A4U0MXZ0_9ACTN,2.24e-171,tr|A0A4U0MXZ0|A0A4U0MXZ0_9ACTN Transport permease protein OS=Streptomyces sp. jys28 OX=2571125 GN=FCH28_26205 PE=3 SV=1,MPTFLSDTALVFGRYARQTLRSKLQILFGVLMPLLYLLFFGPLLTDLPLSSAGSSWQLLVPGLLLQLGLFGAAFCGFGIIIEKQHGVVERMRVTPVSRLALLLGRVLRDALLFVFQSALLVLAALAMGLRAPLAGILIGFAFVALLTVSLASLSYALALKVTTPQEFAPVINAVTMPSMLLSGLMLPMTLGPTWLDVLSHFMPFRYLVDAVRAAYVGSYASSAMLYGVLVALVLAAVSLAVCTRTFRRAAA,481,1238,251,100.000,251,0,251,0,0,100.00,100,/stor/scratch/Wilke/contig/database/metagenomic_contig_database/EMBL_EBI/EBI/su/SUMB01.fasta.gz
ENA|SUMB01000010|SUMB01000010.1,0..92933,tr|A0A4U0MYR4|A0A4U0MYR4_9ACTN ATP-binding cassette domain-containing protein OS=Streptomyces sp. jys28 OX=2571125 GN=FCH28_26210 PE=4 SV=1,67933..67151,lcl|67933|67151|1|-1,-1,tr|A0A4U0MYR4|A0A4U0MYR4_9ACTN,3.68e-180,tr|A0A4U0MYR4|A0A4U0MYR4_9ACTN ATP-binding cassette domain-containing protein OS=Streptomyces sp. jys28 OX=2571125 GN=FCH28_26210 PE=4 SV=1,MPVLSTSGLARTFTTKNGPVDAVRGIDLTAERGEILGFLGPNGAGKTTTLRMLTTLLAPTGGTATVAGRDLVRDPAGVRRATGYVAQSGGVDPSVSVREELVTQARLYRLGKAQALARTEELAADLGLTELLDRRTAALSGGQRRRLDIAMGLTHRPEVLFLDEPTTGLDPGSRADLWELIRRIRADHGTTVFLTTHYLDEADALADRLVIVDRGVVVAEGTPDSLKRTHAGSPDASLQDAFLAITGRPSAPQDQTPVAV,504,1298,260,100.000,260,0,260,0,0,100.00,100,/stor/scratch/Wilke/contig/database/metagenomic_contig_database/EMBL_EBI/EBI/su/SUMB01.fasta.gz
ENA|SUMB01000010|SUMB01000010.1,0..92933,tr|A0A4U0MY27|A0A4U0MY27_9ACTN TetR/AcrR family transcriptional regulator OS=Streptomyces sp. jys28 OX=2571125 GN=FCH28_26215 PE=4 SV=1,68014..68655,lcl|68014|68655|1|1,1,tr|A0A4U0MY27|A0A4U0MY27_9ACTN,6.34e-150,tr|A0A4U0MY27|A0A4U0MY27_9ACTN TetR/AcrR family transcriptional regulator OS=Streptomyces sp. jys28 OX=2571125 GN=FCH28_26215 PE=4 SV=1,MAEGLRERKKRQTRQYISDMATGLFLERGFDAVTIAEIAEASDVSVNTVYNYFPAKEDLFLDRGKALVDRLSRFVRARRAGESAAVAVLRELREEVESVSPQIGLAEGFDRFMKVVNGSAALQARLSSLQREQYDELVATLRRETGAADDDPMPGLMAGQIDWVHQTLMAAIVREMTAGREPAVVSREMLVLLDEMEDLLSEKVLNYAVRAAE,424,1089,213,100.000,213,0,213,0,0,100.00,100,/stor/scratch/Wilke/contig/database/metagenomic_contig_database/EMBL_EBI/EBI/su/SUMB01.fasta.gz
ENA|SUMB01000010|SUMB01000010.1,0..92933,tr|A0A4V5MIN3|A0A4V5MIN3_9ACTN 3-hydroxyacyl-CoA dehydrogenase family protein OS=Streptomyces sp. jys28 OX=2571125 GN=FCH28_26220 PE=3 SV=1,68849..69661,lcl|68849|69661|2|1,1,tr|A0A4V5MIN3|A0A4V5MIN3_9ACTN,0.0,tr|A0A4V5MIN3|A0A4V5MIN3_9ACTN 3-hydroxyacyl-CoA dehydrogenase family protein OS=Streptomyces sp. jys28 OX=2571125 GN=FCH28_26220 PE=3 SV=1,MGSGIAQVSAQAGWDVVLRDVTDEALARGKGGIEASYEKFVGKGKLDASAAEQALARITTTTDLDAVADADIVVEAVFEKIEVKREIFQALDKIAKDDAVLASNTSAIPITKIAAATSRPERVVGAHFFSPVPMMQLCELVRGYKTSDETLAAAREFAESVGKTCIVVNRDVAGFVTTRLISALVVEAAKLYESGVASAEDIDIACKLGFGHAMGPLATADLTGVDILLHATSNIYTESQDEKFAPPELMRRMVDAGDIGRKSGQGFYAH,545,1405,270,100.000,270,0,270,0,0,100.00,100,/stor/scratch/Wilke/contig/database/metagenomic_contig_database/EMBL_EBI/EBI/su/SUMB01.fasta.gz
ENA|SUMB01000010|SUMB01000010.1,0..92933,tr|A0A4U0MXW7|A0A4U0MXW7_9ACTN Anti-sigma factor antagonist OS=Streptomyces sp. jys28 OX=2571125 GN=FCH28_26225 PE=3 SV=1,69817..70140,lcl|69817|70140|1|1,1,tr|A0A4U0MXW7|A0A4U0MXW7_9ACTN,2.08e-66,tr|A0A4U0MXW7|A0A4U0MXW7_9ACTN Anti-sigma factor antagonist OS=Streptomyces sp. jys28 OX=2571125 GN=FCH28_26225 PE=3 SV=1,MHIRGDHVELVVGGRLDVRSAADARTALHTAVDSGRGDLVLDLTELDSWDATGLGVIMGAHRRAGRVNRRLVLRGVPPQMQRLLVATRLHRILAIEGGIEAESLPRV,204,519,107,100.000,107,0,107,0,0,100.00,100,/stor/scratch/Wilke/contig/database/metagenomic_contig_database/EMBL_EBI/EBI/su/SUMB01.fasta.gz
ENA|SUMB01000010|SUMB01000010.1,0..92933,tr|A0A4U0MXZ8|A0A4U0MXZ8_9ACTN ATP-binding protein OS=Streptomyces sp. jys28 OX=2571125 GN=FCH28_26230 PE=4 SV=1,70424..73033,lcl|70424|73033|2|1,1,tr|A0A4U0MXZ8|A0A4U0MXZ8_9ACTN,0.0,tr|A0A4U0MXZ8|A0A4U0MXZ8_9ACTN ATP-binding protein OS=Streptomyces sp. jys28 OX=2571125 GN=FCH28_26230 PE=4 SV=1,MDPNTHRGPEEHGAQGRPALPPAPAFGGPQGGSGGPGGSGGQARVVRLVAGNYLVTVNPVDGSEVEPCPPGERPAEPGKRSPQERTEAAHAAAPPLPPAQPGFAGHEIPLEERSEEIERLVRLLSRGRSVRLTGPSGSGRTRLLDAVATACADVAPDGVVRLSGYHRTSTDLLHALFTAVYDAPQHRPDRPELRRLLAGIGAIVVLDDLEFGGAALDELLAATPECAFLIAATPDVAAPSPDSHLEEVFVGGLGRDACTRLLERAVDRPLTDDEEAWAADLWFESEGLPLRFVQAAALLRQRDEVRAGPGALDDGYGLFPDESTATGATAPDPADPAELPVPLPSLGAATSPAPLLAERLGAAAQETLRFAVALGGELPHQAHLPALTQDTHADAALGDLLGCGLISPAGTHYRLAATVQEQLTAAGYAAGAAARAHTAAQHYAWWAGHPSVTPERAAAESDAVLAAMGVLTGSRETGHASAAVLLAHTAAPAFAAALHWSAWERSLRHGQEAARLAGEVAEEAYFHHELGVLALCTGSLDRARAELEASIGLRGVLSDRNGAVAGRRALALVTDRTRAASGTTPKTGFPKVTAGAPAPDANPTPAEGVPTTVLRAPRADDSAPTVANRATPVAAVAPVTAVTAPTTALAAAAAGSDGDGTDTRAGRQAPRGARRNLVAAGAGALLVAVLGTVVTIGMTSGGDGAEGDKVTTEQTTDDSGDQQPGDDFGSSLPPSGSHSSKAGTPSRKNSPSPSSDGPTTSGSPTGPSAGPTGPPPGPTGPTSRPTSPTAEPTPTHKPTNKPTPTPTDEPTGDPTDPTPTDDPTGSPTTQSPQTTTSASGPPASEAAPADGTSSSAEGSPPADEDTPTA,1675,4339,869,100.000,869,0,869,0,0,100.00,100,/stor/scratch/Wilke/contig/database/metagenomic_contig_database/EMBL_EBI/EBI/su/SUMB01.fasta.gz
ENA|SUMB01000010|SUMB01000010.1,0..92933,tr|A0A4U0MXV8|A0A4U0MXV8_9ACTN Endonuclease NucS OS=Streptomyces sp. jys28 OX=2571125 GN=nucS PE=3 SV=1,73847..73185,lcl|73847|73185|3|-1,-1,tr|A0A4U0MXV8|A0A4U0MXV8_9ACTN,2.86e-157,tr|A0A4U0MXV8|A0A4U0MXV8_9ACTN Endonuclease NucS OS=Streptomyces sp. jys28 OX=2571125 GN=nucS PE=3 SV=1,MRLVIARCSVDYAGRLTAHLPSAPRLILVKADGSVSIHADDRAYKPLNWMSPPCSLKEGDGSVWTVENKGGEKLIITLEEVLHDSSHELGVDPGLIKDGVEAHLQELLADRIETLGEGYSLIRREYPTAIGPVDILCRDADGQTVAVEIKRRGEIDGVEQLTRYLELLNRDPHLAPVKGVFAAQEIKPQARVLATDRGMSCVVLDYDALRGIEDDKLRLF,444,1141,220,100.000,220,0,220,0,0,100.00,100,/stor/scratch/Wilke/contig/database/metagenomic_contig_database/EMBL_EBI/EBI/su/SUMB01.fasta.gz
ENA|SUMB01000010|SUMB01000010.1,0..92933,tr|A0A4U0MZ79|A0A4U0MZ79_9ACTN Uncharacterized protein OS=Streptomyces sp. jys28 OX=2571125 GN=FCH28_26240 PE=4 SV=1,74096..74488,lcl|74096|74488|2|1,1,tr|A0A4U0MZ79|A0A4U0MZ79_9ACTN,2.27e-89,tr|A0A4U0MZ79|A0A4U0MZ79_9ACTN Uncharacterized protein OS=Streptomyces sp. jys28 OX=2571125 GN=FCH28_26240 PE=4 SV=1,MSLDVSPALLEQAERGEVDEAAFVDCVRNSLPYAWGMISSLVAQLKVDGGEFADNQTPPPDEQARGQLLRALASDAIRGSLERHFGVRLAFQNCHRVAVFPLDPVVDDRLARFTSIRGQLLNQSPELRDC,264,674,130,100.000,130,0,130,0,0,100.00,100,/stor/scratch/Wilke/contig/database/metagenomic_contig_database/EMBL_EBI/EBI/su/SUMB01.fasta.gz
ENA|SUMB01000010|SUMB01000010.1,0..92933,tr|A0A4U0MYA2|A0A4U0MYA2_9ACTN LLM class flavin-dependent oxidoreductase OS=Streptomyces sp. jys28 OX=2571125 GN=FCH28_26245 PE=4 SV=1,76018..74585,lcl|76018|74585|1|-1,-1,tr|A0A4U0MYA2|A0A4U0MYA2_9ACTN,0.0,tr|A0A4U0MYA2|A0A4U0MYA2_9ACTN LLM class flavin-dependent oxidoreductase OS=Streptomyces sp. jys28 OX=2571125 GN=FCH28_26245 PE=4 SV=1,MRHAGRDLLVAAGAAVVLGGPAAADLPDDPVLAAPLLRLFQAVTVPAGAVGGLRTAPLAVSTRRHCAPREISGVTGCHQRTRLGGRNVLPVAFLRSSGNLARRPCPWHVSDVVACKGGVASAARRQRAMRVGAFILAAQFPGQGQGEALHRAVRSAEVAEQSGLDAVWLAEHHFVPYGVCPNAVTLAALLLGRTRRIGVGTAVSVLPTQHPVALGEQAALLHLTSGGRFTLGVGRGGPWVDLEVFGTGLAAYDHGFPESLDLLLRWLREPRVGAAGERYAFREVAVVPRPDQALDFPDSAGAANPGPPVVLACTSPASVRRAAERGLPMLLGMHCGDDEKAEMVALWRTAAREAGRDADEVAAVEHVSAGVVQIADARRDAKETLTKAMPGWLQQGLGAHVTVDGRYRAMRDPVAYTELLCGLHPVGEPRLCADRLAATAERTGISRFALLVEGSGDLAATEENVRRLGAEVLPQLG,689,1779,349,100.000,349,0,349,0,0,100.00,73,/stor/scratch/Wilke/contig/database/metagenomic_contig_database/EMBL_EBI/EBI/su/SUMB01.fasta.gz
ENA|SUMB01000010|SUMB01000010.1,0..92933,tr|A0A4U0MXZ9|A0A4U0MXZ9_9ACTN ABC transporter permease OS=Streptomyces sp. jys28 OX=2571125 GN=FCH28_26255 PE=4 SV=1,77521..76178,lcl|77521|76178|1|-1,-1,tr|A0A4U0MXZ9|A0A4U0MXZ9_9ACTN,0.0,tr|A0A4U0MXZ9|A0A4U0MXZ9_9ACTN ABC transporter permease OS=Streptomyces sp. jys28 OX=2571125 GN=FCH28_26255 PE=4 SV=1,MTTPQQPQHQPQPEPNAPGAAQAQPMPPAPPMPPAAPPAAPQQPQQQDQPPAGPTLAKEAGTMMLQAQQAPEQNGPAKEAGTMMLQAQPLPEAQSQQAPQHQQAPQPQAPQPLAAHGPGGQAQGAGGGTMMLQAAQPPAQSPQQQPQPAYAGAGAPQGQVPQQGQPPQGQPPQQAAPNWQAGGAGYVSPIPVRSTHLGHALASEWTKIRSVRSTIWTLSVMVVLIVGIGLMTALALSSPDRQVHPKLGFSFLGVLLGTLGIIPLGVLVISSEYGTGMIRTTMTACPSRARVLTAKAIVFFALAFVITTVSTTLVALIFNGMVYGPDATSDQWLRATVGVGLYVSMLGLLALAVGSLLRHSAGAISAMLGVVLLPMLLAVFMIGSESLRDLSEALITYSIPNSLATLYDNPFLGTESGPQGWTPLWILTGVTAVVLGGAFAAQSQRDV,863,2230,447,100.000,447,0,447,0,0,100.00,100,/stor/scratch/Wilke/contig/database/metagenomic_contig_database/EMBL_EBI/EBI/su/SUMB01.fasta.gz
ENA|SUMB01000010|SUMB01000010.1,0..92933,tr|A0A4U0MYS3|A0A4U0MYS3_9ACTN ATP-binding cassette domain-containing protein OS=Streptomyces sp. jys28 OX=2571125 GN=FCH28_26260 PE=4 SV=1,78735..77518,lcl|78735|77518|2|-1,-1,tr|A0A4U0MYS3|A0A4U0MYS3_9ACTN,0.0,tr|A0A4U0MYS3|A0A4U0MYS3_9ACTN ATP-binding cassette domain-containing protein OS=Streptomyces sp. jys28 OX=2571125 GN=FCH28_26260 PE=4 SV=1,MIEAVGLTKRYGAKTAVHNLSFQVRPGTVTGFLGPNGSGKSTTMRMILGLDAPTSGRATIGGRPFRQLPNAPRQVGALLDAKAVHGGRSARQHLLCLAQLSGIPARRVDEVLGVVGLQDVAKRRSKGFSLGMGQRLGIAAALLGDPQVLLFDEPVNGLDPEGILWVRNLMKQLAAEGRTVFVSSHLMSEMALTAEHLIVIGRGQLLADMSVKDFISANSADFARVRTPDGEPEQREKLTSTLGEAGGQVVAEKDGALRVTGLPLPRISDLAHEADVRLWELSPHQASLEEAYMQLTQGAVDYRSTIDQRAGLQEAPAGYGMPGGAPQGYAGQGYPPGMPGQGQPNPYAPQDPYAQQAPPAAAPGQGYPPPAQGQPYGAPHPYGQQPQAPAQTAPAPQPAPIEDAR,806,2083,405,100.000,405,0,405,0,0,100.00,100,/stor/scratch/Wilke/contig/database/metagenomic_contig_database/EMBL_EBI/EBI/su/SUMB01.fasta.gz
ENA|SUMB01000010|SUMB01000010.1,0..92933,tr|L8PK17|L8PK17_STRVR Putative Nodulation ABC transporter NodI OS=Streptomyces viridochromogenes Tue57 OX=1160705 GN=STVIR_2503 PE=4 SV=1,77920..78795,lcl|77920|78795|1|1,1,tr|L8PK17|L8PK17_STRVR,5.83e-109,tr|L8PK17|L8PK17_STRVR Putative Nodulation ABC transporter NodI OS=Streptomyces viridochromogenes Tue57 OX=1160705 GN=STVIR_2503 PE=4 SV=1,MREIADPGERQPGHPQRAVLLGHDLPARLAERRGQLLALLGLTVGGAHPGEIGGVGRDEVLDRHVGQQLAAADHDQVLGGERHFAHQVRGDEDRTALGRQLLHQVAHPQDALRVEAVDRLVEEQHLRVAEQRRGDAEPLAHAEREALGAPLGDVLEADHAEHLVDPAGRDAGQLGEAEQVLARAAAAVHGLGVEQRAHLAGSVGKLAEGAAADGGAPRGRGVQAQDHAHRRRLAGAVGPQEAGDRARPYLERQVVHGRLGAIALRQADCLDHSPPLARLVGAEAPSCPRES,327,838,274,71.168,195,79,215,0,0,78.47,94,/stor/scratch/Wilke/contig/database/metagenomic_contig_database/EMBL_EBI/EBI/su/SUMB01.fasta.gz
ENA|SUMB01000010|SUMB01000010.1,0..92933,tr|A0A2P7ZVC7|A0A2P7ZVC7_9ACTN Uncharacterized protein OS=Streptomyces sp. 111WW2 OX=1945515 GN=B0E38_04863 PE=4 SV=1,78092..78706,lcl|78092|78706|2|1,1,tr|A0A2P7ZVC7|A0A2P7ZVC7_9ACTN,1.20e-105,tr|A0A2P7ZVC7|A0A2P7ZVC7_9ACTN Uncharacterized protein OS=Streptomyces sp. 111WW2 OX=1945515 GN=B0E38_04863 PE=4 SV=1,MKSLTDMSASSWPRPITIKCSAVSAISLIRCEETKTVRPSAASCFIRLRTHRMPSGSRPLTGSSKSSTCGSPSSAAAMPSRWPMPSEKPLERRLATSWRPTTPSTSSTRRAGMPDSWARQSRCWRALRPPCTALASSSAPTWRGALGSWRKGRPPMVARPEVGASRPRIMRIVVDLPEPLGPRKPVTVPGRTWNDRLCTAVLAP,314,805,204,84.804,173,31,179,0,0,87.75,100,/stor/scratch/Wilke/contig/database/metagenomic_contig_database/EMBL_EBI/EBI/su/SUMB01.fasta.gz
ENA|SUMB01000010|SUMB01000010.1,0..92933,tr|A0A4U0MY35|A0A4U0MY35_9ACTN ABC transporter permease OS=Streptomyces sp. jys28 OX=2571125 GN=FCH28_26265 PE=4 SV=1,79669..78896,lcl|79669|78896|1|-1,-1,tr|A0A4U0MY35|A0A4U0MY35_9ACTN,0.0,tr|A0A4U0MY35|A0A4U0MY35_9ACTN ABC transporter permease OS=Streptomyces sp. jys28 OX=2571125 GN=FCH28_26265 PE=4 SV=1,MAEVPRVLRSEWTKIKSVRSTMWTLGTAVLVTIALGMLICTLVRVDFGSKSINQQITFDPTNVSFTGMTLGQLAMIVFGVLVVANEYSSGMIRTSLAAVPQRATFLFCKLLVATALVLVVGLVTSFAAFFAGQAVLGEHRAYLSDPGVLRAVIGGGLYMTLIALFSMAVASMLRSAMLSLGVLMPFFFLISSILGNVSATRKLGRYLPDQAGQKIMQVIAPVNDPVPYGPWGGLAIMMGWTAVALAGGFLVLKKRDA,511,1317,257,100.000,257,0,257,0,0,100.00,100,/stor/scratch/Wilke/contig/database/metagenomic_contig_database/EMBL_EBI/EBI/su/SUMB01.fasta.gz
ENA|SUMB01000010|SUMB01000010.1,0..92933,tr|A0A4V5MIN6|A0A4V5MIN6_9ACTN ATP-binding cassette domain-containing protein OS=Streptomyces sp. jys28 OX=2571125 GN=FCH28_26270 PE=4 SV=1,80658..79672,lcl|80658|79672|2|-1,-1,tr|A0A4V5MIN6|A0A4V5MIN6_9ACTN,0.0,tr|A0A4V5MIN6|A0A4V5MIN6_9ACTN ATP-binding cassette domain-containing protein OS=Streptomyces sp. jys28 OX=2571125 GN=FCH28_26270 PE=4 SV=1,MIELEGLTKYYGDTLAVDHLTFTVRPGMVTGFLGPNGAGKSTTMRMMLDLDHPTEGTVRIDGKHYRQLNDPLTYIGALLDAKAVHGGRSAVNHLLCLAQSNGIPRERVGEVLDTVGLTSVADKRSKGFSLGMSQRLGIAAALLGDPKILLFDEPVNGLDPEGIHWIRNLMKNLAAQGRTVFVSSHLMSEMALTAEHLVVIGQGRLMADMSMAEFIQQNSRSYVRMRSPEPERLLDVLHVEGIEAVAVGNGSLEIDGVPADELGGLAARHQLVLHELSPQRASLEEAFMRLTAESVEYHAHDGEPVAAYAGTQEPAPSGWGADWQKKGS,669,1726,328,100.000,328,0,328,0,0,100.00,100,/stor/scratch/Wilke/contig/database/metagenomic_contig_database/EMBL_EBI/EBI/su/SUMB01.fasta.gz
ENA|SUMB01000010|SUMB01000010.1,0..92933,tr|L8PK17|L8PK17_STRVR Putative Nodulation ABC transporter NodI OS=Streptomyces viridochromogenes Tue57 OX=1160705 GN=STVIR_2503 PE=4 SV=1,79852..81156,lcl|79852|81156|1|1,1,tr|L8PK17|L8PK17_STRVR,6.82e-58,tr|L8PK17|L8PK17_STRVR Putative Nodulation ABC transporter NodI OS=Streptomyces viridochromogenes Tue57 OX=1160705 GN=STVIR_2503 PE=4 SV=1,MPGGQPAELVGRHPVDLQRSVADRHRLDALHVEHVQQSLRLRRPHPDVRPRVLLDEFRHRHVRHQPALPDHHQMLRGQRHFAHQVRGDENGASLGREVLHQIADPVDALGVQPVDRLVEQQDLGVAEQRRGDTEPLAHTEREALRAFVGHRGQPDRVQHLADPLARNAVALGQAQQMVDGAAAAVHRLRVQQRADIRQRVVQLPVVLAVDPDRALGRMVQIEHHPHGRGLARAVGAEEAGDHSGPHREREVVHGEGVAVVLGQPLKFDHVQHARCVPRPPPPGHSRPVEATQGRAPAPPGRAVRGRVGCSVRPAEGQRDCWAGTPREIGSSSAPGAPAAATAAPVSVASISRTLVSCALMESRRLVSAASSRSDSLRIRSALALASATMSSAWRCAVSTVWRARRSASVRSFSASRRSCSARCSISAKRFSALA,201,512,237,54.852,130,107,149,0,0,62.87,55,/stor/scratch/Wilke/contig/database/metagenomic_contig_database/EMBL_EBI/EBI/su/SUMB01.fasta.gz
ENA|SUMB01000010|SUMB01000010.1,0..92933,tr|A0A2P7ZVC7|A0A2P7ZVC7_9ACTN Uncharacterized protein OS=Streptomyces sp. 111WW2 OX=1945515 GN=B0E38_04863 PE=4 SV=1,79934..80467,lcl|79934|80467|2|1,1,tr|A0A2P7ZVC7|A0A2P7ZVC7_9ACTN,1.45e-51,tr|A0A2P7ZVC7|A0A2P7ZVC7_9ACTN Uncharacterized protein OS=Streptomyces sp. 111WW2 OX=1945515 GN=B0E38_04863 PE=4 SV=1,MPSTWSTSSSRSGSGDRIRTYDREFCWMNSAIDMSAISRPCPITTKCSAVSAISLIRCEETKTVRPWAARFFIRLRIQWMPSGSSPLTGSSNSRILGSPSSAAAIPSRWLIPSEKPFERLSATEVSPTVSSTSPTRSRGMPLLWARHSRWLTALRPPCTAFASSSAPIYVSGSFSCR,176,445,164,64.634,106,58,112,0,0,68.29,93,/stor/scratch/Wilke/contig/database/metagenomic_contig_database/EMBL_EBI/EBI/su/SUMB01.fasta.gz
ENA|SUMB01000010|SUMB01000010.1,0..92933,tr|A0A4U0MXX6|A0A4U0MXX6_9ACTN Cellulose-binding protein OS=Streptomyces sp. jys28 OX=2571125 GN=FCH28_26275 PE=4 SV=1,81740..80799,lcl|81740|80799|3|-1,-1,tr|A0A4U0MXX6|A0A4U0MXX6_9ACTN,0.0,tr|A0A4U0MXX6|A0A4U0MXX6_9ACTN Cellulose-binding protein OS=Streptomyces sp. jys28 OX=2571125 GN=FCH28_26275 PE=4 SV=1,MSDTSSPFGFELVRRGYDRGQVDDRITKLVADRDSALARITSLEKRIEELHLETQNAQAQVNDAEPSYAGLGARVEKILRLAEEEAKDLREEARRAAEQHRELAESAAQQVRNDAEQFAAERKAKAEDEGARIVEKAKGEASTLRAEAQKDAQSKREEADSLFEETRAKAAQAAADFETNLAKRREQSERDLASRQAKAEKRLAEIEHRAEQLRLEAEKLRTDAERRARQTVETAQRQAEDIVADANAKADRIRSESERELAALTNRRDSINAQLTNVREMLATLTGAAVAAAGAPGADDEPISRGVPAQQSR,600,1546,313,100.000,313,0,313,0,0,100.00,100,/stor/scratch/Wilke/contig/database/metagenomic_contig_database/EMBL_EBI/EBI/su/SUMB01.fasta.gz
ENA|SUMB01000010|SUMB01000010.1,0..92933,tr|A0A4U0MY04|A0A4U0MY04_9ACTN Uncharacterized protein OS=Streptomyces sp. jys28 OX=2571125 GN=FCH28_26280 PE=4 SV=1,86048..81855,lcl|86048|81855|3|-1,-1,tr|A0A4U0MY04|A0A4U0MY04_9ACTN,0.0,tr|A0A4U0MY04|A0A4U0MY04_9ACTN Uncharacterized protein OS=Streptomyces sp. jys28 OX=2571125 GN=FCH28_26280 PE=4 SV=1,MERLKTERDKAVQHADDLGYQVEVLRAKLHEARRNLATRPAYDNISHQAEQLLRNAQIQADQLRSDAERELREARAQTQRLLQEQAERQSRLEAELHAEAVTRRQRLDEELNERRQTVESHVNENVAWAEQLRARTESQARRLMEESRAEAEQALSAARAEAQRLAERARERLGTEAAEARAEAESILRRARTDAERLLTAASNQAQEATDQAEQLRTSAGTESEDARRQAAELTRAAEARVQEADTALREARAAAEKLVEEAQQTATKRLSATESDNEQRTRTAKAEIARLVSEATKESDAAKAEAEQLRADARAEAERLVAEAQETARAKSAEDSAAQLAKAARTAEEMLTKASEDAKATTKAAAEEAERLRKDAESEADRLREQAHDTAAQLKGAAKDDTKEYRAKTVELQEEARRLRGEAEQLRADAVAEGERIRSEARREAVQQIEEAAGTAEELLGKAKADAEETRSGAVAESERVRTEAIERATALRRQAEDALERARGEAEQLLLEGTQAAEELTSEAEKSARQLRAEAEQAADERRTEAQAELDRLHTEAEDRVTAAEESLREARAEAEQLRRETQEEAARLKAEAAERLRTMQQQAEDEAERLRAEAASDASAARSEGESVAVRLRSEAAAEAERLKAEAQETADRVRAEAAAAAERTGTEAAQALAEAQEEAARRRREAEQLLGEAREEAHQERTAAREQSEELLASARTRVSEAQAEAERLVEDADRRAGELVAAAEQTAQQVRDAVAGLHEQADAEIAGLRSAAEHAAERTKSEAQAEADRVRSDAYDERERASQDATRVRRESQEASDAAKALAERTVTEAIQEAERLRTEAAGVLDEARRDANTARTEAAEQADRLVSEATAQAEKLVADATAKAQQLRTDASDALASGEQDAARARAEARDDANRMRSDAAEQADRLIAEARSEAERIVTEATELTSSAQDDADRTVREAQQAADRLRADGEQQARTLVAEATETAERLRAEAAETLESARTDAERTGDEARKAANKTRSDAAQQADELMSEAATEAERLRTEAAETTADAERDADRTRAEAREQGDELIASATTEAERLRAEAAETVASAQEHATRTRGESAKVKEDAEAEAERLRTEAQQEADRLLDEARKDAAKRRGDAAEQADQLIAKAQEEALKAATNAEEQADTMVAAARKEADRIVTEATSDGNARVEKARADANTLLGEARGDATAIRERAEELRVRIEAEVEELHDRARRESAETMKNAGERVDKLISQATAQRVEAEEKAEQLVSDANSEASKVRIAAVRKAEGLIKEAENKKAQADRDAERMRSEAEAEAARIIAEGKRELEVLVRRREDINTEISRVQDVLEALESFETPTGGAEGKNGGVKAAAGAGVTRSSGKQSEG,2500,6479,1397,100.000,1397,0,1397,0,0,100.00,100,/stor/scratch/Wilke/contig/database/metagenomic_contig_database/EMBL_EBI/EBI/su/SUMB01.fasta.gz
ENA|SUMB01000010|SUMB01000010.1,0..92933,tr|V6U7F7|V6U7F7_9ACTN Uncharacterized protein OS=Streptomyces sp. HCCB10043 OX=1396518 GN=P376_5208 PE=4 SV=1,84882..86210,lcl|84882|86210|3|1,1,tr|V6U7F7|V6U7F7_9ACTN,2.97e-45,tr|V6U7F7|V6U7F7_9ACTN Uncharacterized protein OS=Streptomyces sp. HCCB10043 OX=1396518 GN=P376_5208 PE=4 SV=1,MRLLAQPVRLGLGVLAQPFGLLRGGLGGGLGVLRRLGQHLLSGPRGLRQLRRGVLRRLGARGLLRLGDQPLGLRTGVRPQLLGLGLGRVAFLGGLADQPGDLGLGGTGALFVVRFGGRQPLRGGLLGLLDQLLRRGARLAQRRVGLLDPGLGGPRQLGGLPARVLRLGAGAGAQLLGLVGGLLGLVGGGGQQPLGVGTRPAQDAFRFGAGLGRLGAQPLPGPLGQPLRLGARGGQRLLGLRPGLLHQAAGLGLRTGPELLGPGDVLVDVRLDGLPALVELLVQPLPAGDRLGVQLGLQPGLPLGLLLEQPLGLRPGLAQLALGVRAQLVRLDLRIAQQLFGLVTDVVVGRAGREVAARLMQLGAQHLDLVAEVVGVLDGLVPLGLQPLHLGFELREVVVSLVAVVAPHCAVPSVPWSWWRPSPSCLRSSRTRHVVPDPCFRS,166,420,170,63.529,108,53,126,3,9,74.12,36,/stor/scratch/Wilke/contig/database/metagenomic_contig_database/EMBL_EBI/EBI/su/SUMB01.fasta.gz
ENA|SUMB01000010|SUMB01000010.1,0..92933,tr|A0A4U0MXW6|A0A4U0MXW6_9ACTN Methylmalonyl-CoA epimerase OS=Streptomyces sp. jys28 OX=2571125 GN=mce PE=3 SV=1,86801..86313,lcl|86801|86313|3|-1,-1,tr|A0A4U0MXW6|A0A4U0MXW6_9ACTN,4.19e-104,tr|A0A4U0MXW6|A0A4U0MXW6_9ACTN Methylmalonyl-CoA epimerase OS=Streptomyces sp. jys28 OX=2571125 GN=mce PE=3 SV=1,MARTLRNRPCGRCTGAMLTRIDHIGIACFDLDRTVEFYRATYGFEVFHSEVNEEQGVREAMLKINETSDGGASYLQLLEPTREDSAVGKWLAKNGEGVHHIAFGTADVDSAAGDIRSKGVRVLYDEPRIGSMGSRITFLHPKDCHGVLTELVTSAPPAPTDH,303,776,146,100.000,146,0,146,0,0,100.00,90,/stor/scratch/Wilke/contig/database/metagenomic_contig_database/EMBL_EBI/EBI/su/SUMB01.fasta.gz
ENA|SUMB01000010|SUMB01000010.1,0..92933,tr|A0A1C4KPK4|A0A1C4KPK4_9ACTN Uncharacterized protein OS=Streptomyces sp. SolWspMP-sol7th OX=1839776 GN=GA0115246_1039619 PE=4 SV=1,87972..86860,lcl|87972|86860|2|-1,-1,tr|A0A1C4KPK4|A0A1C4KPK4_9ACTN,5.44e-80,tr|A0A1C4KPK4|A0A1C4KPK4_9ACTN Uncharacterized protein OS=Streptomyces sp. SolWspMP-sol7th OX=1839776 GN=GA0115246_1039619 PE=4 SV=1,MPIGWPSAIAPPLTFTFSGDTPRSFIDWTATAANASLISIRSRSSTARPSFFRAWLMAFDGCDWSELSGPATLPCAPISAIHSRPSSSALALLITTTAAAPSEICEEVPAVIVPSLAKAGRSLPSDSVVVSPRMPSSLLKMTGSPLRCGISTGVISASNSPFFCAAAARWWERAATSSCSGRAIPRRVLCFSVDSPMATFSYASVRPSWAIASSICTAPYLKPSRDLGSRCGALVMDSWPPATTTSNSPARISWSASAIASRPERQTLFTVSAGTFMGIPALTAAWRAGICPAPACRTCPMITYSTWSPPMPARSSAALMATPPRSAPEKVRRDPRSRPMGVRAPATITEVVLFVPFFADMRCGLPLHGS,252,644,178,76.404,136,42,149,0,0,83.71,48,/stor/scratch/Wilke/contig/database/metagenomic_contig_database/EMBL_EBI/EBI/su/SUMB01.fasta.gz
ENA|SUMB01000010|SUMB01000010.1,0..92933,tr|A0A0P4R1H7|A0A0P4R1H7_9ACTN Putative acetyl-CoA acetyltransferase OS=Streptomyces sp. NBRC 110027 OX=1546107 GN=TPA0598_01_08120 PE=3 SV=1,86891..88102,lcl|86891|88102|2|1,1,tr|A0A0P4R1H7|A0A0P4R1H7_9ACTN,0.0,tr|A0A0P4R1H7|A0A0P4R1H7_9ACTN Putative acetyl-CoA acetyltransferase OS=Streptomyces sp. NBRC 110027 OX=1546107 GN=TPA0598_01_08120 PE=3 SV=1,MSAKNGTNSTTSVIVAGARTPMGRLLGSLRTFSGADLGGVAIKAALDRAGIGGDQVEYVIMGQVLQAGAGQIPARQAAVKAGIPMNVPALTVNKVCLSGLDAIALADQLIRAGEFEVVVAGGQESMTNAPHLLPKSRDGFKYGAVQMLDAMAHDGLTDAYENVAMGESTEKHNTRLGIARPEQDEVAARSHQRAAAAQKNGLFEAEITPVEIPQRKGDPVIFSKDEGIRGETTTESLGKLRPAFAKDGTITAGTSSQISDGAAAVVVMSKAKAEELGLEWIAEIGAHGNVAGPDNSLQSQPSNAINHALKKDGLAVEDLDLIEINEAFAAVAVQSMKDLGVSPEKVNVNGGAIALGHPIGMSGARIVLHLALELRRRGGGVGAAALCGGGGQGDALIIRVPGK,782,2019,403,96.030,387,16,399,0,0,99.01,100,/stor/scratch/Wilke/contig/database/metagenomic_contig_database/EMBL_EBI/EBI/su/SUMB01.fasta.gz
ENA|SUMB01000010|SUMB01000010.1,0..92933,tr|A0A4U0MZ87|A0A4U0MZ87_9ACTN Methylmalonyl Co-A mutase-associated GTPase MeaB OS=Streptomyces sp. jys28 OX=2571125 GN=meaB PE=3 SV=1,88166..89125,lcl|88166|89125|2|1,1,tr|A0A4U0MZ87|A0A4U0MZ87_9ACTN,0.0,tr|A0A4U0MZ87|A0A4U0MZ87_9ACTN Methylmalonyl Co-A mutase-associated GTPase MeaB OS=Streptomyces sp. jys28 OX=2571125 GN=meaB PE=3 SV=1,MVDVPQLVEQARQGRPRAVARLISLVEGASPQLREVMAALAPLTGGAYVVGLTGSPGVGKSTTTSALVTAYRKAGRRVGVLAVDPSSPFSGGALLGDRVRMSEHASDPGVYIRSMATRGHLGGLAWAAPQAIRVLDAAGCDVVLVETVGVGQSEVEIASQADTSVVLLAPGMGDGIQAAKAGILEIGDVYVVNKADRDGADATARELNHMLGLGESRSPGDWRPPIVKTVAARAEGIDEVVEALEKHRAWMEERGVLAQRRRSRAAREVETIAVTALRERIGDLRGDQRLDALADRIVTGETDPYRAADELVDGLTNGG,621,1601,319,100.000,319,0,319,0,0,100.00,100,/stor/scratch/Wilke/contig/database/metagenomic_contig_database/EMBL_EBI/EBI/su/SUMB01.fasta.gz
ENA|SUMB01000010|SUMB01000010.1,0..92933,tr|A0A4U0MYB0|A0A4U0MYB0_9ACTN Peptidase M4 OS=Streptomyces sp. jys28 OX=2571125 GN=FCH28_26300 PE=4 SV=1,89939..89181,lcl|89939|89181|3|-1,-1,tr|A0A4U0MYB0|A0A4U0MYB0_9ACTN,3.50e-173,tr|A0A4U0MYB0|A0A4U0MYB0_9ACTN Peptidase M4 OS=Streptomyces sp. jys28 OX=2571125 GN=FCH28_26300 PE=4 SV=1,MKRNIIIATAAAAALIAGGTATAVAVNGSDGPGSTQSGAQTSAQLAAQDAGAHGTGPAKAQQRAQPQAQTQGQSSIRVQDDGRDDDGREDLREAAAAKVSAPQAAAAALKAVPGTVTGLDLDSDRPGLVWDADVLGKDGKWHEITLDAGNARVLNQRVDHEDDDDHARERAALKNAEAPKITAATAARTAAAHGTVTSVDLDDDHRGKAVWEVETVTKDGKEHKFLVDPQSGKLTAAPAQGDDDGDNDGADD,486,1250,252,100.000,252,0,252,0,0,100.00,100,/stor/scratch/Wilke/contig/database/metagenomic_contig_database/EMBL_EBI/EBI/su/SUMB01.fasta.gz
ENA|SUMB01000010|SUMB01000010.1,0..92933,tr|A0A4U0N8J5|A0A4U0N8J5_9ACTN Response regulator transcription factor OS=Streptomyces sp. jys28 OX=2571125 GN=FCH28_26305 PE=4 SV=1,90046..90708,lcl|90046|90708|1|1,1,tr|A0A4U0N8J5|A0A4U0N8J5_9ACTN,9.79e-153,tr|A0A4U0N8J5|A0A4U0N8J5_9ACTN Response regulator transcription factor OS=Streptomyces sp. jys28 OX=2571125 GN=FCH28_26305 PE=4 SV=1,MRLLIVEDEKRLALSLAKGLMAEGYAVDVVHDGLEGLHQASEGVYDLIVLDIMLPGMNGYRVCGALRAAGHDVPILMLTAKDGEYDEAEGLDTGADDYLTKPFSYVVLVARVKALLRRRGRTAQPVLRVGSLTVDQGSRKVERDGAEVALTAKEFAVLEQLALRAGDVVSKAEILDHVWDFAYEGDLNIIEVYVSALRRKLGAGSIATVRGAGYRLVTGG,431,1109,220,100.000,220,0,220,0,0,100.00,100,/stor/scratch/Wilke/contig/database/metagenomic_contig_database/EMBL_EBI/EBI/su/SUMB01.fasta.gz
ENA|SUMB01000010|SUMB01000010.1,0..92933,tr|A0A4U0N980|A0A4U0N980_9ACTN Histidine kinase OS=Streptomyces sp. jys28 OX=2571125 GN=FCH28_26310 PE=4 SV=1,91265..92134,lcl|91265|92134|2|1,1,tr|A0A4U0N980|A0A4U0N980_9ACTN,0.0,tr|A0A4U0N980|A0A4U0N980_9ACTN Histidine kinase OS=Streptomyces sp. jys28 OX=2571125 GN=FCH28_26310 PE=4 SV=1,MLVGLPLLLVVVAGVTWLVTRRALRPVEGIRGEMAAITASTDLSRRVPVPSSKDEIGRLARTTNETLAALEKSVERQRRFVADASHELRSPIASLRTQLEVGVAHPELLDVPGAVQDTVRLQRLAADLLLLARLDAGERPSEARVDLAALVREESSQRVTDRIPVQVGKLAGGEVAGSRSQLARVLGNLLDNAQRHAEASVRVAVAREGAWAVLRVDDDGPGVPEAERERIFERFVRLDDARARDDGGAGLGLAIARDVAVRHGGSLAVREGSVFELRLPLARGREEAG,547,1409,289,100.000,289,0,289,0,0,100.00,100,/stor/scratch/Wilke/contig/database/metagenomic_contig_database/EMBL_EBI/EBI/su/SUMB01.fasta.gz
ENA|SUMB01000010|SUMB01000010.1,0..92933,tr|A0A4U0MY08|A0A4U0MY08_9ACTN MarR family transcriptional regulator OS=Streptomyces sp. jys28 OX=2571125 GN=FCH28_26315 PE=4 SV=1,92701..92225,lcl|92701|92225|1|-1,-1,tr|A0A4U0MY08|A0A4U0MY08_9ACTN,1.80e-110,tr|A0A4U0MY08|A0A4U0MY08_9ACTN MarR family transcriptional regulator OS=Streptomyces sp. jys28 OX=2571125 GN=FCH28_26315 PE=4 SV=1,MTTDSDTPWLTDQEQRAWRTHLDVSRLLMHQLERDLQPFGLTNNDYEILVNLSEAEDRRLRMSDLATSTLQSKSRLSHQITRMENAGLVRRESCESDRRGLYAVLTEEGWDTMRRVAPHHVESVRKHFIDLFATEDLEALRSALTPVAEHLRETRGSL,320,819,158,100.000,158,0,158,0,0,100.00,100,/stor/scratch/Wilke/contig/database/metagenomic_contig_database/EMBL_EBI/EBI/su/SUMB01.fasta.gz
ENA|SUMB01000010|SUMB01000010.1,0..92933,CRISPR array,1743..1811,,,,,"Copies: 2, Repeat: 23, Spacer: 22",CTCCCGCACGGAAAGGCGCCACC,,,,,,,,,,,,/stor/scratch/Wilke/contig/database/metagenomic_contig_database/EMBL_EBI/EBI/su/SUMB01.fasta.gz
ENA|SUMB01000010|SUMB01000010.1,0..92933,CRISPR array,36991..37074,,,,,"Copies: 2, Repeat: 26, Spacer: 31",CGGAGCACGAGGCCCGGCCCGGCGCC,,,,,,,,,,,,/stor/scratch/Wilke/contig/database/metagenomic_contig_database/EMBL_EBI/EBI/su/SUMB01.fasta.gz
