ENA|NNEL01000015|NNEL01000015.1,42208..140677,tr|A0A1B3PE79|A0A1B3PE79_VIBPH WvaH OS=Vibrio parahaemolyticus OX=670 GN=wvaH PE=4 SV=1,43049..43777,lcl|43049|43777|2|1,1,tr|A0A1B3PE79|A0A1B3PE79_VIBPH,0.0,tr|A0A1B3PE79|A0A1B3PE79_VIBPH WvaH OS=Vibrio parahaemolyticus OX=670 GN=wvaH PE=4 SV=1,MSITMKTYVINLKESVERREHMTQVLSSINFEFFDAENIKKDPNHFIYTLYDAQKTRKYKGYQLTVPELGCWASHIALWRHCVKIQEPILILEDNIELLGHLHEQLENIEKLTEQYGLVKLGNIFERKHVDIAKIDGKYKLIANLKGACGTSAYAITPTTAERYLKQIDGFFEPVDDFMDNEWRTNQTIYSYFPPLVSRSNTASTIGKRKVKSNISWINKIYIEWYRVFKQWKQKEYNQRAK,505,1301,242,100.000,242,0,242,0,0,100.00,100,/stor/scratch/Wilke/contig/database/metagenomic_contig_database/EMBL_EBI/EBI/nn/NNEL01.fasta.gz
ENA|NNEL01000015|NNEL01000015.1,42208..140677,tr|S5IP45|S5IP45_VIBPH Uncharacterized protein OS=Vibrio parahaemolyticus O1:Kuk str. FDA_R31 OX=1338034 GN=M634_03040 PE=4 SV=1,43830..44933,lcl|43830|44933|3|1,1,tr|S5IP45|S5IP45_VIBPH,0.0,tr|S5IP45|S5IP45_VIBPH Uncharacterized protein OS=Vibrio parahaemolyticus O1:Kuk str. FDA_R31 OX=1338034 GN=M634_03040 PE=4 SV=1,MRKKTIISIMPHLKGGGVEKVVCQLSDGLSQYDDCDVHIITIKPYESLIPISNSVKIHHVDTTIRNSLNLRISEKSKSKLIVDYIKNNITTSEPELILCHQDTVSKIMRHSEFNNTFHVIHSTLSHDKLSNSTGLKRLLRRNKLRSLYKGLNIICVSKGVEEDLKTNFKLTNTSVIYNAVCQQALERYAQEPTQLPSKKYFINVGNFSRAKRQDRLVRAYLEANIKDVDLVLLGEYSHRTNEIHDLMAQMEGADKRIHMPGFVSNPYPWIANSSGFILSSDYEGLPTVLLESIALGTPVISTDCNSGPREIFGENFKHCLSEVSTSSLRDKIIELYNSPKDFTIPLREEFSLNFMSRQYYKLIKQHR,757,1954,367,100.000,367,0,367,0,0,100.00,100,/stor/scratch/Wilke/contig/database/metagenomic_contig_database/EMBL_EBI/EBI/nn/NNEL01.fasta.gz
ENA|NNEL01000015|NNEL01000015.1,42208..140677,tr|S5J4E0|S5J4E0_VIBPH Uncharacterized protein OS=Vibrio parahaemolyticus O1:Kuk str. FDA_R31 OX=1338034 GN=M634_03035 PE=4 SV=1,45535..44930,lcl|45535|44930|1|-1,-1,tr|S5J4E0|S5J4E0_VIBPH,9.63e-143,tr|S5J4E0|S5J4E0_VIBPH Uncharacterized protein OS=Vibrio parahaemolyticus O1:Kuk str. FDA_R31 OX=1338034 GN=M634_03035 PE=4 SV=1,MRYLIIKKIIAKYRKFALCIYRRKFLFYALFREGQTEIGRDISISQPVKIVGKGRVSIGDGVCLGYDTSPQLRLSEVYIEARGEESTIEIGRNVMINNGSAVIADKSSIHIGDETLIGPGFMCLGSNFHPLSPDKRKTSDYTCKPIIIGRNVFIGANVTILQGVEIGDNSVIGAGCLISQNVEKNKIVRANAPIIETLNID,405,1040,201,100.000,201,0,201,0,0,100.00,100,/stor/scratch/Wilke/contig/database/metagenomic_contig_database/EMBL_EBI/EBI/nn/NNEL01.fasta.gz
ENA|NNEL01000015|NNEL01000015.1,42208..140677,tr|A0A227JHT3|A0A227JHT3_VIBPH Glyco_trans_2-like domain-containing protein OS=Vibrio parahaemolyticus OX=670 GN=CA163_00790 PE=4 SV=1,46530..45586,lcl|46530|45586|2|-1,-1,tr|A0A227JHT3|A0A227JHT3_VIBPH,0.0,tr|A0A227JHT3|A0A227JHT3_VIBPH Glyco_trans_2-like domain-containing protein OS=Vibrio parahaemolyticus OX=670 GN=CA163_00790 PE=4 SV=1,MKKIIDDMIVAIFCYKQSAYIEGAIKSIFNQTVWPKKLYIFDDCSPDDTETVIEKTLMEKPEGLNIEFIKNECNVGLVSQFNKLKGMFNDTLIVVQAGDDMSKPQRLEKQYQAWKEQRDVKLILSQFDKIDEHGNFVSGRDEGEVFDDSYQSIIERQVLPAGCTAAIDSSLFNDFPEIDKEVINEDRVFIFRSRLKGKSIKLMESLIDYRYDVGISALKQRTKEEFINKWKVMYERELIDLRMNIKDAKAVGNTEVVKVLDEKHLFVEILRALFSGEFDSKAQAWKAYFSRGVKLSRLFKFNRRVKKYFRNSSC,641,1653,314,100.000,314,0,314,0,0,100.00,100,/stor/scratch/Wilke/contig/database/metagenomic_contig_database/EMBL_EBI/EBI/nn/NNEL01.fasta.gz
ENA|NNEL01000015|NNEL01000015.1,42208..140677,tr|S5ITD7|S5ITD7_VIBPH Uncharacterized protein OS=Vibrio parahaemolyticus O1:Kuk str. FDA_R31 OX=1338034 GN=M634_03025 PE=3 SV=1,47637..46540,lcl|47637|46540|2|-1,-1,tr|S5ITD7|S5ITD7_VIBPH,0.0,tr|S5ITD7|S5ITD7_VIBPH Uncharacterized protein OS=Vibrio parahaemolyticus O1:Kuk str. FDA_R31 OX=1338034 GN=M634_03025 PE=3 SV=1,MIPFLDLKSINQQYQAELKEACARVIDSGWYIMGKELGQFETDFAAYCGTKYCIGVANGLDALTLTLRAWKELGKLELGDEVIVPANTYIASVLAITENGLVPVLVEPDEHSFNLSAANIEAAITSKTKAILPVHLYGQISPMREIMGIAEKNQLLVLEDCAQSHGALIDKKKCGAWGHAAGFSFYPGKNLGALGDAGAITTDDKELFETLMALRNYGSHKKYENKYQGVNSRLDEIQAAMLRVKLKHLDEETDRRRMIANVYLQNISNSKIILPTVDSAEEHVWHLFVVRTEHREDLARYLHQEGVQTLVHYPTPPHQQEAYRCLSENTLPLTERIHQEVLSLPMGPTLSVEDAEKIVRIINQY,760,1962,365,100.000,365,0,365,0,0,100.00,100,/stor/scratch/Wilke/contig/database/metagenomic_contig_database/EMBL_EBI/EBI/nn/NNEL01.fasta.gz
ENA|NNEL01000015|NNEL01000015.1,42208..140677,tr|S5J8V1|S5J8V1_VIBPH Acyl dehydratase OS=Vibrio parahaemolyticus O1:Kuk str. FDA_R31 OX=1338034 GN=M634_03020 PE=4 SV=1,48049..47639,lcl|48049|47639|1|-1,-1,tr|S5J8V1|S5J8V1_VIBPH,4.60e-96,tr|S5J8V1|S5J8V1_VIBPH Acyl dehydratase OS=Vibrio parahaemolyticus O1:Kuk str. FDA_R31 OX=1338034 GN=M634_03020 PE=4 SV=1,MYDIEELEVGMSASYSQTITDADIKQFAGISGDRNPVHLDEEYASQSRYGKRIAHGMNSASFFSALFGTKLPGKGCVYVSQSLKFRMPVYINDTVTATVIIEKIDKDKRRVYFKTYCKVGRKKVITGDAEIYIPEK,281,720,136,100.000,136,0,136,0,0,100.00,100,/stor/scratch/Wilke/contig/database/metagenomic_contig_database/EMBL_EBI/EBI/nn/NNEL01.fasta.gz
ENA|NNEL01000015|NNEL01000015.1,42208..140677,tr|T1QDH7|T1QDH7_VIBPH N-acetyltransferase OS=Vibrio parahaemolyticus OX=670 GN=wvaB PE=4 SV=1,48794..48042,lcl|48794|48042|3|-1,-1,tr|T1QDH7|T1QDH7_VIBPH,0.0,tr|T1QDH7|T1QDH7_VIBPH N-acetyltransferase OS=Vibrio parahaemolyticus OX=670 GN=wvaB PE=4 SV=1,MNIHPTAIVSENAELGKNVTIGAYSIIHENVVIGDNTIVESYCELGVSNHLSGGEKLVIGPDSYIRSRSTFYEGSTFGAKLTTGHNVTVREKTIVGENFQLGTLSDIQGHCTIGDYVRTHSNVHIGQHSHIGNFVWIFPYVVITNDPHPPSNVMQGATIEDFAVLATMSVILPGSIISEGVFVGAHSCVGGRTEKDMLYSGSPAKKICPTSKIKLKDGSRKPAYPWRKHFHRGYPEDVVATWNKEQIENV,515,1326,250,100.000,250,0,250,0,0,100.00,100,/stor/scratch/Wilke/contig/database/metagenomic_contig_database/EMBL_EBI/EBI/nn/NNEL01.fasta.gz
ENA|NNEL01000015|NNEL01000015.1,42208..140677,tr|S5J4D5|S5J4D5_VIBPH FdtA domain-containing protein OS=Vibrio parahaemolyticus O1:Kuk str. FDA_R31 OX=1338034 GN=M634_03010 PE=4 SV=1,49071..48763,lcl|49071|48763|2|-1,-1,tr|S5J4D5|S5J4D5_VIBPH,1.39e-69,tr|S5J4D5|S5J4D5_VIBPH FdtA domain-containing protein OS=Vibrio parahaemolyticus O1:Kuk str. FDA_R31 OX=1338034 GN=M634_03010 PE=4 SV=1,MQPDLPRGFHAHKELVQLAVCLKGRCDILMDDGKNKETVTLDSPEKGLMIDVMQWHEMRDFSEDCVLLVLASDVYNEADYIRDYSKFLEEMKNEHTSNSNCF,213,542,102,99.020,101,1,102,0,0,100.00,100,/stor/scratch/Wilke/contig/database/metagenomic_contig_database/EMBL_EBI/EBI/nn/NNEL01.fasta.gz
ENA|NNEL01000015|NNEL01000015.1,42208..140677,tr|S5IPJ1|S5IPJ1_VIBPH Glucose-1-phosphate thymidylyltransferase OS=Vibrio parahaemolyticus O1:Kuk str. FDA_R31 OX=1338034 GN=M634_03005 PE=3 SV=1,50061..49195,lcl|50061|49195|2|-1,-1,tr|S5IPJ1|S5IPJ1_VIBPH,0.0,tr|S5IPJ1|S5IPJ1_VIBPH Glucose-1-phosphate thymidylyltransferase OS=Vibrio parahaemolyticus O1:Kuk str. FDA_R31 OX=1338034 GN=M634_03005 PE=3 SV=1,MKGIILAGGSGTRLYPITRGVSKQLLPVYDKPMIYYPLSVLMLAGIREILIITTPEDQEGFQRLLGDGSEFGIELQYAIQPSPDGLAQAFIIGEEFIGDDSVCLVLGDNIFYGQGFSPKLQQAAALTEGATVFGYKVKDPERFGVVEFDSDMHAVSIEEKPVVPKSNYAVTGLYFYDNQVVKLAKQVQPSERGELEISTLNQMYLDQGHLNVELLGRGFAWLDTGTHESLHEASSFVQTIENVQGLKVACLEEIAYRQGWLSKEQLLQAGDALAKNEYGQYLLALLEE,585,1508,288,100.000,288,0,288,0,0,100.00,100,/stor/scratch/Wilke/contig/database/metagenomic_contig_database/EMBL_EBI/EBI/nn/NNEL01.fasta.gz
ENA|NNEL01000015|NNEL01000015.1,42208..140677,"tr|A0A1B3PE60|A0A1B3PE60_VIBPH dTDP-glucose 4,6-dehydratase OS=Vibrio parahaemolyticus OX=670 GN=rmlB PE=3 SV=1",51125..50061,lcl|51125|50061|3|-1,-1,tr|A0A1B3PE60|A0A1B3PE60_VIBPH,0.0,"tr|A0A1B3PE60|A0A1B3PE60_VIBPH dTDP-glucose 4,6-dehydratase OS=Vibrio parahaemolyticus OX=670 GN=rmlB PE=3 SV=1",MKILVTGGAGFIGSAVVRHIIRDTQDSVVNLDKLTYAGNLESLVDVADSDRYYFEQVDICDRTELDRVFSEHQPDMVMHLAAESHVDRSIDGPAAFIETNVMGTYHLLEAARQYWSNLEEANKSAFRFHHISTDEVYGDLEGTDDLFTETTSYAPSSPYSASKASSDHLVRAWQRTYGLPTLVTNCSNNYGPYHFPEKLIPLMILNALDGKPLPVYGDGMQIRDWLFVEDHARALYKVVTEGEIGETYNIGGHNEKANIEVVKTICALLEELRPDKPAGVESYESLITYVKDRPGHDVRYAIDATKIAQELNWTPEETFESGIRKTVEWYLNNPQWWQRVLDGSYSLERLGAGE,735,1898,354,99.718,353,1,353,0,0,99.72,100,/stor/scratch/Wilke/contig/database/metagenomic_contig_database/EMBL_EBI/EBI/nn/NNEL01.fasta.gz
ENA|NNEL01000015|NNEL01000015.1,42208..140677,tr|A0A1B3PE51|A0A1B3PE51_VIBPH 3-deoxy-D-manno-octulosonic acid kinase OS=Vibrio parahaemolyticus OX=670 GN=kdkA PE=3 SV=1,51928..51218,lcl|51928|51218|1|-1,-1,tr|A0A1B3PE51|A0A1B3PE51_VIBPH,2.75e-176,tr|A0A1B3PE51|A0A1B3PE51_VIBPH 3-deoxy-D-manno-octulosonic acid kinase OS=Vibrio parahaemolyticus OX=670 GN=kdkA PE=3 SV=1,MIQQYRDSNQVIWFDEELIEDPSQPIFDAEYWQSTNKVTGSASGRGTTWFVQLDTMQAALRHYRRGGLFGKLVKDNYWFSGWEQTRCAQEFQLLLTLINAGVHVPRPIAARAVKSGLTYQADLLSERIPNARDLVSILREKPLPEGMYQKIGQEIAKMHNAGVNHTDLNIHNILIDDKDKVWIIDFDKCRKQEHGDWKKQNLERLLRSFKKELLKRQIIWQASDFDHVQKSYTENT,492,1267,236,99.576,235,1,236,0,0,100.00,100,/stor/scratch/Wilke/contig/database/metagenomic_contig_database/EMBL_EBI/EBI/nn/NNEL01.fasta.gz
ENA|NNEL01000015|NNEL01000015.1,42208..140677,tr|B3IUQ8|B3IUQ8_VIBPH Diacylglycerol kinase OS=Vibrio parahaemolyticus OX=670 GN=CA163_15860 PE=3 SV=1,52346..51939,lcl|52346|51939|3|-1,-1,tr|B3IUQ8|B3IUQ8_VIBPH,2.42e-90,tr|B3IUQ8|B3IUQ8_VIBPH Diacylglycerol kinase OS=Vibrio parahaemolyticus OX=670 GN=CA163_15860 PE=3 SV=1,MSKTTPHQSQESGKPGNTGVKRIIKATGYSIQGLKAAFKHEAAVRQELALLSIAVILACVVDVGMIERILLIGVVVLVLIVELINSAIEAVVDRIGVERHELSGRAKDIGSAAVMVALAFAAFSWLYILASRYLG,267,682,135,100.000,135,0,135,0,0,100.00,100,/stor/scratch/Wilke/contig/database/metagenomic_contig_database/EMBL_EBI/EBI/nn/NNEL01.fasta.gz
ENA|NNEL01000015|NNEL01000015.1,42208..140677,tr|A0A0D1FKZ2|A0A0D1FKZ2_VIBPH Whole genome shotgun sequence OS=Vibrio parahaemolyticus 49 OX=1288779 GN=H320_08155 PE=4 SV=1,52454..53509,lcl|52454|53509|2|1,1,tr|A0A0D1FKZ2|A0A0D1FKZ2_VIBPH,0.0,tr|A0A0D1FKZ2|A0A0D1FKZ2_VIBPH Whole genome shotgun sequence OS=Vibrio parahaemolyticus 49 OX=1288779 GN=H320_08155 PE=4 SV=1,MFTSAPSSLCILRLSAIGDVCNTIATVQAIQKQWPTTQITWITGKLEAQLLAAIEGVEVIVFDKKAGLDGYKALWKQLKGREFDALLHMQYAIRASVATLGIKAKYKLGFSSDRSQDFQTLFTNVKVPSPQSLHVADGLMAFAHQIGIPNTELDWALSYSAQDQEWAENHVSCDKPNLLIVPGASKAYKNWNAEGYIDVIHHARAQGWNVILAGSPAQVELDLADAIQSRLEEPCLNLVGQSSILQMLALIDKVDMVIAPDTGPAHMASAMNTPIIGLYAHHNPVRVGPYRYLQYAVSVYEEVILAETGKTSQQLSWRTRAKDEKAMNRITSKQVITMFNQVVEDLYPQYQ,729,1881,351,100.000,351,0,351,0,0,100.00,100,/stor/scratch/Wilke/contig/database/metagenomic_contig_database/EMBL_EBI/EBI/nn/NNEL01.fasta.gz
ENA|NNEL01000015|NNEL01000015.1,42208..140677,tr|A0A227JFS1|A0A227JFS1_VIBPH Family 2 glycosyl transferase OS=Vibrio parahaemolyticus OX=670 GN=CA163_05075 PE=4 SV=1,54309..55097,lcl|54309|55097|3|1,1,tr|A0A227JFS1|A0A227JFS1_VIBPH,0.0,tr|A0A227JFS1|A0A227JFS1_VIBPH Family 2 glycosyl transferase OS=Vibrio parahaemolyticus OX=670 GN=CA163_05075 PE=4 SV=1,MKTTLIITTYNWKEALKAVLESVKRQTVLPDEVIVADDGSREDTKAMVDQMREGFPVPLIHSWHEDNGFQLSMSRNRAIAKASGDYLIMVDGDMVLSQTFIESHKRVAKPNWFVQGGRVLTDEVCSREIMENGLVPSVFSKGIRNRKNCITNSLLSNWFSYERNNDKATRGCNMAFWRQDVIEVNGFNQDFVGWGREDSEFVHRMLNAGKSRLYLKFAGVGYHLYHVENSRASLSQNDEILENTIKNKLKRCENGVDQFLEA,547,1410,262,100.000,262,0,262,0,0,100.00,100,/stor/scratch/Wilke/contig/database/metagenomic_contig_database/EMBL_EBI/EBI/nn/NNEL01.fasta.gz
ENA|NNEL01000015|NNEL01000015.1,42208..140677,tr|A0A227JG07|A0A227JG07_VIBPH Lipopolysaccharide A protein OS=Vibrio parahaemolyticus OX=670 GN=CA163_05080 PE=4 SV=1,56081..55146,lcl|56081|55146|3|-1,-1,tr|A0A227JG07|A0A227JG07_VIBPH,0.0,tr|A0A227JG07|A0A227JG07_VIBPH Lipopolysaccharide A protein OS=Vibrio parahaemolyticus OX=670 GN=CA163_05080 PE=4 SV=1,MKDSKFPYYFSNALSMLVPRFVYRAQAKRLLSTLTEAEKQYCLERVNYYNKCGQPFTVDSREQSYAKIGEFKKTKGWTYFFDTRQVIRYFPSEFKFNYINGDVTHIPNVPSFIKSRPIHGDNQNSVVLKLNQIRHFKFVDDEMSYHDKKDMVAWRGVGFQPHRQTVIHAFYDHPQCNIGQTRPQEGQPWEKGFMRIEEQLQYKFLLCIEGNDVATNLKWAMSSNSLVIMSKPKYETWFMEGKLEAGIHYVEVQDDYSDLPEKMDYYLANEQEALAIIENAHQWVEQFKDKRKERLISLMVADKYFTLSQQQ,657,1695,311,100.000,311,0,311,0,0,100.00,100,/stor/scratch/Wilke/contig/database/metagenomic_contig_database/EMBL_EBI/EBI/nn/NNEL01.fasta.gz
ENA|NNEL01000015|NNEL01000015.1,42208..140677,tr|S5IVD0|S5IVD0_VIBPH Phosphopantetheine adenylyltransferase OS=Vibrio parahaemolyticus O1:Kuk str. FDA_R31 OX=1338034 GN=coaD PE=3 SV=1,56550..56068,lcl|56550|56068|2|-1,-1,tr|S5IVD0|S5IVD0_VIBPH,5.17e-112,tr|S5IVD0|S5IVD0_VIBPH Phosphopantetheine adenylyltransferase OS=Vibrio parahaemolyticus O1:Kuk str. FDA_R31 OX=1338034 GN=coaD PE=3 SV=1,MKVIYPGTFDPVTNGHLNLIERTHEMFDEVVIGVAASPSKNTMFTLEERVALMEEVVAHLPGVTVKGFSGLLVDFARQEQAKVLIRGLRTTVDFEYEFGLTNMYRKLLPGIESVFLTPEEEFAFLSSTIVREVAIHGGSIEQFVPAAVANAIEKKVNERQ,323,829,160,100.000,160,0,160,0,0,100.00,100,/stor/scratch/Wilke/contig/database/metagenomic_contig_database/EMBL_EBI/EBI/nn/NNEL01.fasta.gz
ENA|NNEL01000015|NNEL01000015.1,42208..140677,tr|A0A2S1MDD3|A0A2S1MDD3_VIBPH Formamidopyrimidine-DNA glycosylase OS=Vibrio parahaemolyticus OX=670 GN=mutM PE=3 SV=1,57456..56647,lcl|57456|56647|2|-1,-1,tr|A0A2S1MDD3|A0A2S1MDD3_VIBPH,0.0,tr|A0A2S1MDD3|A0A2S1MDD3_VIBPH Formamidopyrimidine-DNA glycosylase OS=Vibrio parahaemolyticus OX=670 GN=mutM PE=3 SV=1,MPELPEVEVSRMGISPHMVGQTIKAFVFRTPKLRWDIPQELKLLEGQVIRAIHRRAKYLLIETDAGTAIVHLGMSGSLRVLDADFPAAKHDHVDLKLTNGKVLRYNDPRRFGAWLWCAPGESHAVLDHMGPEPLTDAFNSEYIADKAQGKRVAVKQFIMDNKVVVGVGNIYANESLFKSRILPTRQAGQVTPQEWVLLVENIKATLKIAINQGGTTLKDFAQADGKPGYFAQELLVYGKAGEPCPECGEPLQDLKIGQRNTFFCNECQQ,559,1441,269,99.628,268,1,269,0,0,100.00,100,/stor/scratch/Wilke/contig/database/metagenomic_contig_database/EMBL_EBI/EBI/nn/NNEL01.fasta.gz
ENA|NNEL01000015|NNEL01000015.1,42208..140677,tr|A0A4Z5BCK8|A0A4Z5BCK8_VIBPH Uncharacterized protein OS=Vibrio parahaemolyticus OX=670 GN=CGH73_18125 PE=4 SV=1,58035..57559,lcl|58035|57559|2|-1,-1,tr|A0A4Z5BCK8|A0A4Z5BCK8_VIBPH,2.34e-110,tr|A0A4Z5BCK8|A0A4Z5BCK8_VIBPH Uncharacterized protein OS=Vibrio parahaemolyticus OX=670 GN=CGH73_18125 PE=4 SV=1,MRISPTRRRRWNNILILGIIAFIVILNAPMWIKTYLLSENVDPYPHLLRTDHSVSAIYSNSLELEFRDGRWHANADVPLPLSELIARWQALEGTELSALQYDTLKDKLGTPETIEVWYQGVEEPQRITLYRLHDFWLFKNWQDKWIAISVESSYIMPK,319,818,158,98.734,156,2,157,0,0,99.37,100,/stor/scratch/Wilke/contig/database/metagenomic_contig_database/EMBL_EBI/EBI/nn/NNEL01.fasta.gz
ENA|NNEL01000015|NNEL01000015.1,42208..140677,tr|A8TA50|A8TA50_9VIBR 50S ribosomal protein L28 OS=Vibrio sp. AND4 OX=314289 GN=rpmB PE=3 SV=1,58631..58395,lcl|58631|58395|3|-1,-1,tr|A8TA50|A8TA50_9VIBR,3.86e-50,tr|A8TA50|A8TA50_9VIBR 50S ribosomal protein L28 OS=Vibrio sp. AND4 OX=314289 GN=rpmB PE=3 SV=1,MSRVCQVTGKRPVTGNNRSHARNATKRRFLPNLQTHRFWVESEKRFVKLRLTAKGMRIIDKKGIDTVLADIRARGENV,160,406,78,100.000,78,0,78,0,0,100.00,100,/stor/scratch/Wilke/contig/database/metagenomic_contig_database/EMBL_EBI/EBI/nn/NNEL01.fasta.gz
ENA|NNEL01000015|NNEL01000015.1,42208..140677,tr|S5J2R9|S5J2R9_VIBPH MPN domain-containing protein OS=Vibrio parahaemolyticus O1:Kuk str. FDA_R31 OX=1338034 GN=M634_02940 PE=3 SV=1,59609..58935,lcl|59609|58935|3|-1,-1,tr|S5J2R9|S5J2R9_VIBPH,1.69e-162,tr|S5J2R9|S5J2R9_VIBPH MPN domain-containing protein OS=Vibrio parahaemolyticus O1:Kuk str. FDA_R31 OX=1338034 GN=M634_02940 PE=3 SV=1,MILKALPNESMPREKLLQRGPQALTDAELLAIFLRTGTQGMNVIELADFLIQDFGSLRQLFSASEQEFCQHKGLGQAKYVQLQAVLEMTQRYLAETLKRGDALTSPEQTKLYLSSILRDRQREAFYILFLDNQHRVIKDEILFEGTLDAASVYPREVVKRALHHNAAALILAHNHPSGVAEPSQADRRITRRLIDALALVDIRILDHFVIGDGESVSFAERGWI,456,1174,224,100.000,224,0,224,0,0,100.00,100,/stor/scratch/Wilke/contig/database/metagenomic_contig_database/EMBL_EBI/EBI/nn/NNEL01.fasta.gz
ENA|NNEL01000015|NNEL01000015.1,42208..140677,tr|A0A0L7ZG15|A0A0L7ZG15_VIBPH Methyl-accepting chemotaxis protein OS=Vibrio parahaemolyticus OX=670 GN=C1S91_15220 PE=4 SV=1,61396..59723,lcl|61396|59723|1|-1,-1,tr|A0A0L7ZG15|A0A0L7ZG15_VIBPH,0.0,tr|A0A0L7ZG15|A0A0L7ZG15_VIBPH Methyl-accepting chemotaxis protein OS=Vibrio parahaemolyticus OX=670 GN=C1S91_15220 PE=4 SV=1,MVLKSRNKLLLITLIPLLLITTLISVVYYINSSKSLEAELVRDRQELIDARKKELKAYMMMGVTAIKPLYDSDVNGSNKQAAKEILKAMRFESDGYFFAYDSLGINTLHAIKPSLEGKNLYDLKDENGVAVIAGLIDASQKGDGFLYFSWHKPTINAQAPKLGYAEYLQKWDWVLGTGIYIDDIDQQVVMQRELRTQELNQHTLSAVTISVIGLIITSILTSIAVSKGIKPLQHVADSLKDVAAGGGDLTARLKVESKDEVGEVAAAFNEFMDKLHPLMQDIHQSASDVQTVSEELNDQTRTASGQMQSHCLETDKVVTAVTEMSMTAKEVASNTNATAQAIDDANDQVTEAQREVEQAIQGITELVTEINSTSDAISELSQQTEQITKVLDVIGEIAEQTNLLALNAAIEAARAGEQGRGFAVVADEVRSLASRTQNSTHEIGDMLKQLQSGVSRAVTTMSASQERGVKTAEESALIQQSLSGVHHSIGTIRDMGIQTASAAEEQSAVAEDINQNLVAIQQIVNNINDTLQHAETISTQLSQSGTEIHDLVGNFKL,1123,2904,557,99.461,554,3,554,0,0,99.46,100,/stor/scratch/Wilke/contig/database/metagenomic_contig_database/EMBL_EBI/EBI/nn/NNEL01.fasta.gz
ENA|NNEL01000015|NNEL01000015.1,42208..140677,tr|S5IYI0|S5IYI0_VIBPH Coenzyme A biosynthesis bifunctional protein CoaBC OS=Vibrio parahaemolyticus O1:Kuk str. FDA_R31 OX=1338034 GN=M634_02930 PE=3 SV=1,61581..62780,lcl|61581|62780|3|1,1,tr|S5IYI0|S5IYI0_VIBPH,0.0,tr|S5IYI0|S5IYI0_VIBPH Coenzyme A biosynthesis bifunctional protein CoaBC OS=Vibrio parahaemolyticus O1:Kuk str. FDA_R31 OX=1338034 GN=M634_02930 PE=3 SV=1,MQTLAGKKILLGISGGIAAYKCAELTRRLIERGAQVQVVMTKAAKEFITPLTMQAVSGRPVSDSLLDPAAEASMGHIELAKWADLVLLAPATADLIARMSAGMGNDLLTTLVLATDSPVAVSPAMNQQMYRNIATQENIATLARRGMHIWGPAAGEQACGDVGPGRMLEPMQLVHLCEQFFQPKVLEGKSILISAGPTREAIDPVRYITNHSSGKMGYALANAAAQLGAKVTLVSGPVNLSTPMGVERINVSSAQEMYEAVMAQAISHDAFISCAAVADYRPEAIASQKLKKTADNDQMTIKMVKNPDIVASVAALTDKRPFTVGFAAETNDVETYARGKLAKKNLNMICANDVSVEGQGFNSNDNAITLFWPDGELALALESKEALSFKILEKMRELM,821,2121,399,100.000,399,0,399,0,0,100.00,100,/stor/scratch/Wilke/contig/database/metagenomic_contig_database/EMBL_EBI/EBI/nn/NNEL01.fasta.gz
ENA|NNEL01000015|NNEL01000015.1,42208..140677,tr|S5IPH7|S5IPH7_VIBPH Nucleoid occlusion factor SlmA OS=Vibrio parahaemolyticus O1:Kuk str. FDA_R31 OX=1338034 GN=slmA PE=3 SV=1,62941..63531,lcl|62941|63531|1|1,1,tr|S5IPH7|S5IPH7_VIBPH,2.36e-138,tr|S5IPH7|S5IPH7_VIBPH Nucleoid occlusion factor SlmA OS=Vibrio parahaemolyticus O1:Kuk str. FDA_R31 OX=1338034 GN=slmA PE=3 SV=1,MAGSKKSNRREEILQALAQMLESAEGASRITTAKLAKQVGVSEAALYRHFPSKARMFEGLIEFIEEALMTRINRILDDEKDTLERIRMVMHLILAFSERNPGLTRILSGHALMFENERLRERINQLFERIETQLRQILRERKIREGKSFPVEERILAAQILGQVEGSLNRFVRSDFKYQPTANFDEYWALLSAQIK,393,1010,196,100.000,196,0,196,0,0,100.00,100,/stor/scratch/Wilke/contig/database/metagenomic_contig_database/EMBL_EBI/EBI/nn/NNEL01.fasta.gz
ENA|NNEL01000015|NNEL01000015.1,42208..140677,tr|A0A646L9P8|A0A646L9P8_VIBPH LpxL/LpxP family Kdo(2)-lipid IV(A) lauroyl/palmitoleoyl acyltransferasee OS=Vibrio parahaemolyticus OX=670 GN=F0L89_05850 PE=4 SV=1,63537..64487,lcl|63537|64487|3|1,1,tr|A0A646L9P8|A0A646L9P8_VIBPH,0.0,tr|A0A646L9P8|A0A646L9P8_VIBPH LpxL/LpxP family Kdo(2)-lipid IV(A) lauroyl/palmitoleoyl acyltransferasee OS=Vibrio parahaemolyticus OX=670 GN=F0L89_05850 PE=4 SV=1,MSKDKYTQPEFSLSLLHPRNWGVWLGFGLLAIIVNILPYRLLLSLGRSLGKLGMRYGKKRVHIAKRNLELAFPEKTPEEVQHIVEENFKNTGMALIETGITWFWPTWRFKTLIVEKDIHALKEKGAEGKGVLLCCVHALNLEITARAFAVLGVAGYGAFRPHNNPAYNFIQYWGRTHNGNKLIDRKDVKKMIRVLRSGERLFYLPDHDYGRNKSVFVPFFAIDDACTTTGTSILAYTSKCAIIPGSGFRNDEGKYEIIADKCIEANYPQKDEVAAAAYMNKYVEEVILRAPEQWMWLHKRYKTMQDENEPKGIRYK,657,1696,316,99.684,315,1,316,0,0,100.00,100,/stor/scratch/Wilke/contig/database/metagenomic_contig_database/EMBL_EBI/EBI/nn/NNEL01.fasta.gz
ENA|NNEL01000015|NNEL01000015.1,42208..140677,tr|S5J2R3|S5J2R3_VIBPH Orotate phosphoribosyltransferase OS=Vibrio parahaemolyticus O1:Kuk str. FDA_R31 OX=1338034 GN=pyrE PE=3 SV=1,65189..64548,lcl|65189|64548|3|-1,-1,tr|S5J2R3|S5J2R3_VIBPH,4.32e-150,tr|S5J2R3|S5J2R3_VIBPH Orotate phosphoribosyltransferase OS=Vibrio parahaemolyticus O1:Kuk str. FDA_R31 OX=1338034 GN=pyrE PE=3 SV=1,MKAYQREFIEFALEKEVLKFGEFTLKSGRKSPYFFNAGLFNTGRDLARLGRFYAAALADSGIEFDVLFGPAYKGIPIATTTAVALADHHDIDTPYCFNRKEAKNHGEGGNLVGSALEGRIMLVDDVITAGTAIRESMEIIKANGADLAGVLVAIDRQEKGKGELSAIQEVERDFGCAVISIVSLGDLITYLEEKGNAIEHLEAVKAYRTEHGI,424,1090,213,98.592,210,3,211,0,0,99.06,100,/stor/scratch/Wilke/contig/database/metagenomic_contig_database/EMBL_EBI/EBI/nn/NNEL01.fasta.gz
ENA|NNEL01000015|NNEL01000015.1,42208..140677,tr|D0X4X6|D0X4X6_VIBH1 Ribonuclease PH OS=Vibrio harveyi (strain 1DA3) OX=673519 GN=rph PE=3 SV=1,66016..65294,lcl|66016|65294|1|-1,-1,tr|D0X4X6|D0X4X6_VIBH1,1.00e-176,tr|D0X4X6|D0X4X6_VIBH1 Ribonuclease PH OS=Vibrio harveyi (strain 1DA3) OX=673519 GN=rph PE=3 SV=1,MPMRPNDRKADQVRPIKITRNYTAYAEGSVLVEFGNTKVLCNATVEESVPRWLKGQGKGWVTAEYGMLPRATHSRTRREAANGKQGGRTMEIQRLIARSLRAVVDLQAMGEFMITVDCDVIQADGGTRTASISGASVAMADAFQHLVDSGKLKANPMKGHVAAVSVGLLGDEVLCDLEYVEDSAADTDMNVVMTEEGKMIEIQGTAEGEPFSHEQLMALLESAKVGITEIVAAQKAALAN,494,1271,240,99.583,239,1,240,0,0,100.00,100,/stor/scratch/Wilke/contig/database/metagenomic_contig_database/EMBL_EBI/EBI/nn/NNEL01.fasta.gz
ENA|NNEL01000015|NNEL01000015.1,42208..140677,tr|A0A0D1FP75|A0A0D1FP75_VIBPH Whole genome shotgun sequence OS=Vibrio parahaemolyticus 49 OX=1288779 GN=H320_08075 PE=4 SV=1,66225..67091,lcl|66225|67091|3|1,1,tr|A0A0D1FP75|A0A0D1FP75_VIBPH,0.0,tr|A0A0D1FP75|A0A0D1FP75_VIBPH Whole genome shotgun sequence OS=Vibrio parahaemolyticus 49 OX=1288779 GN=H320_08075 PE=4 SV=1,MIYSMTAYARKEVKGDWGSAVWEIRSVNQRYLETYFRMPEQFRALEPVLRERFRKRLARGKVECSLRFEANPAAKAELSINEALATQVIKAAEQVMHMTGELSRINPFQVMQWPGVMETPEQNMDEVNKELLAAFDEAISEFIEARGREGDNMKALIEQRLDAITAEVVKVRARMPEILEWQRERLFSKFEDAKIELDASRVEQELILLAQKSDVAEELDRLDSHVKETTNILKKGGAVGRRLDFMMQEFNRESNTLASKSISTDITASGVELKVLIEQMREQIQNIE,584,1506,288,100.000,288,0,288,0,0,100.00,100,/stor/scratch/Wilke/contig/database/metagenomic_contig_database/EMBL_EBI/EBI/nn/NNEL01.fasta.gz
ENA|NNEL01000015|NNEL01000015.1,42208..140677,tr|A0A4V2EGZ5|A0A4V2EGZ5_VIBVL Site-specific integrase OS=Vibrio vulnificus OX=672 GN=D8T54_14585 PE=4 SV=1,67208..68479,lcl|67208|68479|2|1,1,tr|A0A4V2EGZ5|A0A4V2EGZ5_VIBVL,0.0,tr|A0A4V2EGZ5|A0A4V2EGZ5_VIBVL Site-specific integrase OS=Vibrio vulnificus OX=672 GN=D8T54_14585 PE=4 SV=1,MVSNSSLYLVQMVSIGGIMASMTAKQVAALAKSGEPTRKSDGKGLYFVVPDSGAPYWALRYSGNCGKRKQMTLGQYPGMSLADARSEAEVFKRDLRQGVDPLIAKQRQKWTGITSVDDLFEDWYKNDLASRLKHHHIPARIYRKEIKPVIGEFKIQDVTALDVREIIQRVRDSGRLTVANDTLGYMKQLFKHALKLELTSNNPAAPFTINDAGGLEKTRKRALDLNEIEKIFEVFRSNLNSFGRDNYLLCCLFLVLGNRKSELCEAPWSEFDLEESVWHIPEWRVKTGIAISIPLPRQAMTWLSELKVRSMGSEYVFPARRRSNLLHMGPDTLNSAISKLFGREAGRKVQPPNLMGDIKHFTVHDLRRTFRSLAASVGTPNHVARLCINHRQGGVDGIYDRYEYFDERKIAHQKVADLVSPLV,846,2185,405,100.000,405,0,405,0,0,100.00,96,/stor/scratch/Wilke/contig/database/metagenomic_contig_database/EMBL_EBI/EBI/nn/NNEL01.fasta.gz
ENA|NNEL01000015|NNEL01000015.1,42208..140677,tr|A0A4Q7HZN3|A0A4Q7HZN3_VIBVL Uncharacterized protein OS=Vibrio vulnificus OX=672 GN=D8T54_14580 PE=4 SV=1,69430..68624,lcl|69430|68624|1|-1,-1,tr|A0A4Q7HZN3|A0A4Q7HZN3_VIBVL,0.0,tr|A0A4Q7HZN3|A0A4Q7HZN3_VIBVL Uncharacterized protein OS=Vibrio vulnificus OX=672 GN=D8T54_14580 PE=4 SV=1,MSLPEKNPTTFCTAFVKDELSDYRQKEIYMSSWSAMSRMIERANELSSAYDEIINAFGYSSKQQCSSVWLLLELIWSSSDFSRGEVENARYELVELNSLSSEIEALASKLAYALERQSEIYNRSGFCKNDYQSSIDMIFAANEDNYLFRSHVADKLRSLQYQYDLKYWPSRSDVVRSIAEFESVQPEPLHSEYPEAVLKGRASDIKNFVLAFDAAIDEPNGLPTGFRFTNNSMASIINVILDLPVDKLATGDAVRVVRNRYSFTKSIT,548,1411,268,99.627,267,1,267,0,0,99.63,100,/stor/scratch/Wilke/contig/database/metagenomic_contig_database/EMBL_EBI/EBI/nn/NNEL01.fasta.gz
ENA|NNEL01000015|NNEL01000015.1,42208..140677,tr|A0A2S1MDC8|A0A2S1MDC8_VIBPH Uncharacterized protein OS=Vibrio parahaemolyticus OX=670 GN=C9I78_15215 PE=4 SV=1,69920..70306,lcl|69920|70306|2|1,1,tr|A0A2S1MDC8|A0A2S1MDC8_VIBPH,2.16e-89,tr|A0A2S1MDC8|A0A2S1MDC8_VIBPH Uncharacterized protein OS=Vibrio parahaemolyticus OX=670 GN=C9I78_15215 PE=4 SV=1,MKLNNIELLTRELAQHIKTTWIVQIEFPEQNGNQGPDGDLLWPEVLLCKSEKDAIDLAHFLNKASHEDFELFMASEASVPIFIPNSSEQHVVISCRNIEAYRYAYLIEPSIESISQVEILMEVFQYED,264,674,128,100.000,128,0,128,0,0,100.00,100,/stor/scratch/Wilke/contig/database/metagenomic_contig_database/EMBL_EBI/EBI/nn/NNEL01.fasta.gz
ENA|NNEL01000015|NNEL01000015.1,42208..140677,tr|A0A4Q7HYE5|A0A4Q7HYE5_VIBVL Uncharacterized protein OS=Vibrio vulnificus OX=672 GN=D8T54_14570 PE=4 SV=1,70296..70934,lcl|70296|70934|3|1,1,tr|A0A4Q7HYE5|A0A4Q7HYE5_VIBVL,2.24e-155,tr|A0A4Q7HYE5|A0A4Q7HYE5_VIBVL Uncharacterized protein OS=Vibrio vulnificus OX=672 GN=D8T54_14570 PE=4 SV=1,MKTRLSARSWFFFCLLVLNAIPSWAHETSKNLIIQTSPLSSWNDSFKKNKKNWEIQLKVGGWSHHKYKSDVKVDFNQSHNGLGIAFYKKVEGLNILSKVFDAYSYELFYMKDSFRMGQVQASTTLYKRFDPNLPFMRRVELDLMFGVMSRSDGIADLQTGEIYSRERITFPFALPGLTWYVDDIMHFDLTHIPRVKGINNFPTTFVRAGFSF,437,1125,212,98.585,209,3,211,0,0,99.53,100,/stor/scratch/Wilke/contig/database/metagenomic_contig_database/EMBL_EBI/EBI/nn/NNEL01.fasta.gz
ENA|NNEL01000015|NNEL01000015.1,42208..140677,tr|A0A4Q7HXH6|A0A4Q7HXH6_VIBVL Uncharacterized protein OS=Vibrio vulnificus OX=672 GN=D8T54_14565 PE=4 SV=1,71154..72320,lcl|71154|72320|3|1,1,tr|A0A4Q7HXH6|A0A4Q7HXH6_VIBVL,0.0,tr|A0A4Q7HXH6|A0A4Q7HXH6_VIBVL Uncharacterized protein OS=Vibrio vulnificus OX=672 GN=D8T54_14565 PE=4 SV=1,MRIKHILSIVAITLTPYPSSLLAQESATVGQKSTQEKRTQKETAINDEASMELQRQKGAEQRDGKETRNSTSTSVRDSDETSSRQQNQTTNRLAVKTAPLAILNELFTYIEKGRSTRGRTANLIKHCALVTKPKAPQFPDLEPKPLVTSVQACMAWNKEKTLGQCQVELHQANFNWATTGMPSFIRVPSERLIEDGICWALYGLVSEATLEEASKGIPLNENSTSGIKLALANAMSKQLVRNDLPDKARKIVERQFGQNCVIPTSRGYRYEGKYEWSCGSFSVDPKAISASVGEFTLFGRGNSLFGETWEMETSQSQDALFSVSTTRSNSREASTSEAQYASTDNRSSKSRNLSMRTSERLQTEEASNLSNSTEASFTVSQPGIKGGN,801,2070,388,100.000,388,0,388,0,0,100.00,100,/stor/scratch/Wilke/contig/database/metagenomic_contig_database/EMBL_EBI/EBI/nn/NNEL01.fasta.gz
ENA|NNEL01000015|NNEL01000015.1,42208..140677,tr|A0A1E4UD95|A0A1E4UD95_VIBPH Uncharacterized protein OS=Vibrio parahaemolyticus OX=670 GN=C9I78_15230 PE=4 SV=1,72323..72700,lcl|72323|72700|2|1,1,tr|A0A1E4UD95|A0A1E4UD95_VIBPH,1.28e-84,tr|A0A1E4UD95|A0A1E4UD95_VIBPH Uncharacterized protein OS=Vibrio parahaemolyticus OX=670 GN=C9I78_15230 PE=4 SV=1,MKSVIYGIIIACPLTALVIYFALSGRQEVLIQQKKHEVQQQLRSEEFQRSFSRAWSEFDQPSQHEMALLSLEAAEREARIEKLKQLRSDIEAFDNESFGDLQDDLREMKKALQEQQPSQVQELTN,251,642,125,100.000,125,0,125,0,0,100.00,100,/stor/scratch/Wilke/contig/database/metagenomic_contig_database/EMBL_EBI/EBI/nn/NNEL01.fasta.gz
ENA|NNEL01000015|NNEL01000015.1,42208..140677,tr|A0A4Q7HXZ4|A0A4Q7HXZ4_VIBVL Uncharacterized protein OS=Vibrio vulnificus OX=672 GN=D8T54_14555 PE=4 SV=1,72795..73094,lcl|72795|73094|3|1,1,tr|A0A4Q7HXZ4|A0A4Q7HXZ4_VIBVL,7.87e-64,tr|A0A4Q7HXZ4|A0A4Q7HXZ4_VIBVL Uncharacterized protein OS=Vibrio vulnificus OX=672 GN=D8T54_14555 PE=4 SV=1,MSKNLILTTALTVTLTACTTTEDLAQTMTVVSGSAGNSSTCLVLVDTTKYNSKLKLSEDLLYMLNNAACEHEGIQNVRVCSIEFPCPSLPTLEPQESKY,197,500,99,97.980,97,2,99,0,0,100.00,100,/stor/scratch/Wilke/contig/database/metagenomic_contig_database/EMBL_EBI/EBI/nn/NNEL01.fasta.gz
ENA|NNEL01000015|NNEL01000015.1,42208..140677,tr|A7N3C7|A7N3C7_VIBCB Uncharacterized protein OS=Vibrio campbellii (strain ATCC BAA-1116 / BB120) OX=338187 GN=VIBHAR_05005 PE=4 SV=1,73436..74509,lcl|73436|74509|2|1,1,tr|A7N3C7|A7N3C7_VIBCB,0.0,tr|A7N3C7|A7N3C7_VIBCB Uncharacterized protein OS=Vibrio campbellii (strain ATCC BAA-1116 / BB120) OX=338187 GN=VIBHAR_05005 PE=4 SV=1,MSKMYAIARSVKGSSKLQTTPVQNQIYTMSPDDWEHFIEEWMTYKSKEYFDFERLGGAGDQGRDVVGYVDNPVGSDCYTWDNFQCKHYGAPLSPSQIWVEIGKICYFSFNRDYSFPRKYYFIAPRGVGTKLSNLLKKPNELKSGLYENWDMYCKNGITDKKSIVLDEKLKTYIDELDFSVFDKIATIKIIIEHSKTQFHVTRFGTQLPKRPDTPKLSSVVGEHELIYVKKLLQAYDSHCSEKIVSVSNLDNHPKYNNHLKRSREDFLNAETLRNFSRDTLPKGEFERIQSQILSGVIDIVEDDHENGFDKVKEAVREAKRLQLPTSPLSSCLTINDRGGVCHQLANNNEISWCEDEC,558,1439,328,78.963,259,69,292,0,0,89.02,92,/stor/scratch/Wilke/contig/database/metagenomic_contig_database/EMBL_EBI/EBI/nn/NNEL01.fasta.gz
ENA|NNEL01000015|NNEL01000015.1,42208..140677,tr|A7N3B3|A7N3B3_VIBCB Uncharacterized protein OS=Vibrio campbellii (strain ATCC BAA-1116 / BB120) OX=338187 GN=VIBHAR_05006 PE=4 SV=1,74478..74996,lcl|74478|74996|3|1,1,tr|A7N3B3|A7N3B3_VIBCB,2.78e-80,tr|A7N3B3|A7N3B3_VIBCB Uncharacterized protein OS=Vibrio campbellii (strain ATCC BAA-1116 / BB120) OX=338187 GN=VIBHAR_05006 PE=4 SV=1,MKYHGVKMNVNTFSVFNSPIETGLRSLTLLEAGYPNAYDLERITYYDYLLVHSGDIEGGPNSIHPNTPHRSGELLIRRPIIEKGLAVMISRGLVDIDYSQSGIRYIATELSTPFLDSLQANYTRKMIDTAIWVVEIFDKQPNQKIRDLINKNLQVWGGEFIDESLVRGENDE,244,623,162,67.901,110,52,141,0,0,87.04,94,/stor/scratch/Wilke/contig/database/metagenomic_contig_database/EMBL_EBI/EBI/nn/NNEL01.fasta.gz
ENA|NNEL01000015|NNEL01000015.1,42208..140677,tr|A7N3B4|A7N3B4_VIBCB Uncharacterized protein OS=Vibrio campbellii (strain ATCC BAA-1116 / BB120) OX=338187 GN=VIBHAR_05007 PE=4 SV=1,74962..76866,lcl|74962|76866|1|1,1,tr|A7N3B4|A7N3B4_VIBCB,0.0,tr|A7N3B4|A7N3B4_VIBCB Uncharacterized protein OS=Vibrio campbellii (strain ATCC BAA-1116 / BB120) OX=338187 GN=VIBHAR_05007 PE=4 SV=1,MNPLLEGRMMNSGFLINRLICTGDNVEDVSINFNPNTHVIVGPSNTGKSYVFQCIKYMLGSETKPKRITESIGYQDCFLEVTLANGDIITLRRSLDGGDAELYKCKHSEIRNYPEPPTILRVGKKPTQKIGTLNNYLLDVSNLRNVKVRRNLSGVSDEFKFSFIRHLTLIDETSIIKESSPIFTGQYGEDTKEKSILRYLSTGKDDSGIISKPKKDVISNRKGRMEVIDQLIEEYSSELNDYDYILQENEKIDEQIDKLESSIVELKDLIDSLYVRVTKYESTINRSWKEWKSNESRLLTVNELLSRSNLLHQHYLNDIDRLESVQETSNLFSELQFGNCPTCKQSLEGDEHLECDINDLENIKLASRKEIEKIKKLIFDLDITRNSLIFEKEELSQKIKSNKEDHIKYQEELSDFISRNIKTNVEKLDLLKNKLTERKQINRIIEKISNLENQKSGYKEEIDPMEGNYTFDELTTATTTELCKVIKQLLIEWGYSDIKSVSFSEETCDLVINGEHRNLAGKGYRALSYSAFIIGLMHHCIENRRSHSGVVLLDSPLCTLRSRHITKSSTYEQKDVIGDATKEKFYASISKYRDLGQIIILDNDGPIEPDSLHIGYTEFTEDKNRGRYGFYPVQ,867,2241,627,68.581,430,195,520,1,2,82.93,99,/stor/scratch/Wilke/contig/database/metagenomic_contig_database/EMBL_EBI/EBI/nn/NNEL01.fasta.gz
ENA|NNEL01000015|NNEL01000015.1,42208..140677,tr|A0A2S1MDH2|A0A2S1MDH2_VIBPH Uncharacterized protein OS=Vibrio parahaemolyticus OX=670 GN=C9I78_15240 PE=4 SV=1,78014..77199,lcl|78014|77199|3|-1,-1,tr|A0A2S1MDH2|A0A2S1MDH2_VIBPH,0.0,tr|A0A2S1MDH2|A0A2S1MDH2_VIBPH Uncharacterized protein OS=Vibrio parahaemolyticus OX=670 GN=C9I78_15240 PE=4 SV=1,MELNEKAKVTAIYQELNKVDASEPNKLVSTLENSAKLAVKNINHRISNDEDIKTSVFNFSHMNEQYRRLSQQQMKIVDSVQMLAKKVESLGYEKPSQDNWLSKTLSNYQRGYLENDIFTEAAGALVWMAAKAVQKIFFESDKGKQQQEAHQLKKDIGKMTKVLGVELSRLHQDTKLEQRHEQMSQAIGNAQQLEQRGQQKEADKLIVNAYNNLSSTAKKEYGLYEPRPEHQKIIFQAQSREKLRHEAEARTQNQLNSDQVKERDKSKSIER,547,1409,271,98.524,267,4,269,0,0,99.26,100,/stor/scratch/Wilke/contig/database/metagenomic_contig_database/EMBL_EBI/EBI/nn/NNEL01.fasta.gz
ENA|NNEL01000015|NNEL01000015.1,42208..140677,tr|A0A4Q7HXK4|A0A4Q7HXK4_VIBVL Uncharacterized protein OS=Vibrio vulnificus OX=672 GN=D8T54_14545 PE=4 SV=1,78253..78026,lcl|78253|78026|1|-1,-1,tr|A0A4Q7HXK4|A0A4Q7HXK4_VIBVL,6.45e-47,tr|A0A4Q7HXK4|A0A4Q7HXK4_VIBVL Uncharacterized protein OS=Vibrio vulnificus OX=672 GN=D8T54_14545 PE=4 SV=1,MITGIFNKLFREDSALDLRYQLSSLVTEMESYQADFERFHADIEVSASHFEHILESNNFISAEWVNGNLHITHRY,152,385,75,98.667,74,1,75,0,0,100.00,100,/stor/scratch/Wilke/contig/database/metagenomic_contig_database/EMBL_EBI/EBI/nn/NNEL01.fasta.gz
ENA|NNEL01000015|NNEL01000015.1,42208..140677,tr|A0A4Q7HYQ1|A0A4Q7HYQ1_VIBVL Uncharacterized protein OS=Vibrio vulnificus OX=672 GN=D8T54_14540 PE=4 SV=1,79762..78380,lcl|79762|78380|1|-1,-1,tr|A0A4Q7HYQ1|A0A4Q7HYQ1_VIBVL,0.0,tr|A0A4Q7HYQ1|A0A4Q7HYQ1_VIBVL Uncharacterized protein OS=Vibrio vulnificus OX=672 GN=D8T54_14540 PE=4 SV=1,MKAVGYKLEDFGSDASFNSAAKMVAELGAEWQMFNLWTEDLLDPRNQKKALDSIRIANDKRRKEARTINFSKKERYSEKADLAMKYSFSDCFDDSGQLHSSDAYINRYARSNVASFGIQAELYERCLINGGVECTENGQELDLESFLVKYNKTAPENMKALAFNQYYERCSVPTPVSSVHYTISAHDNDVIGSLIAASAPRVGWEYALKMAHDLVDIQSRSGVMNMIASNFYNYQRSGYFDAFDIRPFRISRANVISVMHVGGMCAAFGAETIAGNNNDSGIEIDEIAIALGAQPRQRDRGYHCLNWTDGNWKRVADYVAGESEGLRRFMSVYSPAFNSYSVPYWSYPGPYQNYSIFQTRNLKKGSGVASYTERVREKETCSTYAASHSSLATWSYPACDYLEKASLSMRNKESMMQAAGRLDAYICSSAEAENGYGQPDLSRCPTVFTRKQIEAGEHKY,959,2480,460,99.348,457,3,458,0,0,99.57,100,/stor/scratch/Wilke/contig/database/metagenomic_contig_database/EMBL_EBI/EBI/nn/NNEL01.fasta.gz
ENA|NNEL01000015|NNEL01000015.1,42208..140677,tr|A0A2S1MDK6|A0A2S1MDK6_VIBPH TrwC protein OS=Vibrio parahaemolyticus OX=670 GN=C9I78_15255 PE=4 SV=1,83125..80012,lcl|83125|80012|1|-1,-1,tr|A0A2S1MDK6|A0A2S1MDK6_VIBPH,0.0,tr|A0A2S1MDK6|A0A2S1MDK6_VIBPH TrwC protein OS=Vibrio parahaemolyticus OX=670 GN=C9I78_15255 PE=4 SV=1,MMSASSIKSAGAAGHYFEHDDYYVDGLSPSTWIGSGSKTLGLAGEVDRETFKSLLEGRLPDGQQVGTFRDGEWKHQPGTDLTFSAPKSVSILAEVAGDKRLLEAHDRAVQAVLQYIESEYIVTRNRNRTKDTVEYEKTGSLVAATFKHTTSRALDPQLHTHCVVMNLTQRNDGQWRSTENKPIFIDQKHLGLVYRQSLAQEVGSLGFRLEHQGKDGTWEVAGVSKETVRELSKRSEAIGDALEARGKTRETATAVEKETATLDTRDRKVAAERGELLNRWHAELGKEKLEELEEVIAQSREKIPSLELQSEAILARVQLANEAVMWATEHLGERDTSWTHHDLVKEASRYAGSRVLLSDVNNAIDAAIGSGQLIEKSVRTFDKVSKQEVDVRGYTSHAAIAIEDELLREEYLGRDRVQRLCSREQAVEAISNAEEKANEIGYEWNTDQRKATEGILLSENRIVGVQGLAGTAKTNSVLSTIANTARDMGYEVKGLAPTNSAAQSLSEGANISSSTIQSFLGRSRNEWVEEKRLLSQIEKIDRRLERIINALKSPGVDPKTGTQIPETSPIYQKRIDELCCEKAELKSQREELTKGLQRSPQLWIVDEASMVGTKLMHDLLQRASQVGARVVLTGDVRQLASVEAGAAFRQLQAHGMETYRLEEIVRQTNRGTRDAVYLSLMKRASDALARLQESGSTIKELVHHKQNGRIDNVKSGEIRRQELVKDYMGLSPDERTKSIILEPSREGRRSTNKLVRDALKREGALSEEIQTNQLSPVDTTEAERRVVTSYQNGQIVRFARSFKREGIKQGLYYEVVGRESHDILLKKFGSNEQSEPIRFSPERYAAKNIQLFNLTKSGLAVGEKIVWRDNDKTSGRLNNDTAIVEKIESTNVTFRLSNGKLSEFDMSTMANSHWDYGYAMTVHAAQGKTAQNVFVHAEANRDALLSTEQFYVQISRAKDRVFLYTNSKEGLIRAVEQRSGQKQTAKESRYQPLERLDHLLEKLWHQTTDREVLPVHSPDRDQGKEIARGDIERTLTR,2113,5474,1037,99.421,1031,6,1034,0,0,99.71,100,/stor/scratch/Wilke/contig/database/metagenomic_contig_database/EMBL_EBI/EBI/nn/NNEL01.fasta.gz
ENA|NNEL01000015|NNEL01000015.1,42208..140677,tr|A0A2S1MDF3|A0A2S1MDF3_VIBPH TrwB_AAD_bind domain-containing protein OS=Vibrio parahaemolyticus OX=670 GN=C9I78_15260 PE=4 SV=1,85176..83122,lcl|85176|83122|2|-1,-1,tr|A0A2S1MDF3|A0A2S1MDF3_VIBPH,0.0,tr|A0A2S1MDF3|A0A2S1MDF3_VIBPH TrwB_AAD_bind domain-containing protein OS=Vibrio parahaemolyticus OX=670 GN=C9I78_15260 PE=4 SV=1,MKWLRLNRSFQPAQMLCESISLEVLKMATIRKGRVGDFVRGADTWLHSQQMLLFSGIWIFLPGVLLAIVGGLLYIGIDADKCVLQNASIYLWAQLKALVQPFSSLTIGTCVALDGRDSLPSSVVINEPLFQEAAVNLLKSFGWAFSSLFVLYLPIGVYLVVKAVKRGKEIKEDKYIRGAKLVSAEKLKSEIVEKHGVSDLTLGDFPIPTGFSKKHTLISGTTGAGKSTALTHLLKAIRARGDRAVVYDKKGEFVEMFYRDGVDHILNPADSRSHQWTPWEEMESPFDADWISETLLPSSNSNSGSEKFFTSAARAVVSAALQNLYLDGPKSLLSLLRATAWNDLELLKELVAGTPAETYFNEDNERTLESIRSTIVDGVRPLRLLKEENKKGFFSIRDWIAEGDEPNADDSWLFLPVRESEIEIQKPLISTWIQAAAKGLMARGVNNERTLWIVVDELPSLKKIPALSMLMAEGRGFGAAVVLGIQEINQLEEEFGKNTSKTILGLCSTQFHFRLNNADTAEWVSKVLGEAEREEVDEDLNYSADDIRDGVRVSSKRQNRKIVLPSEIMDLPDLSCFAKIWGVESKARIDIPFLRLPKIADGFIQGDENETVGMRLLNAARAMKMEADTDFVPKELSNKHGTEVSKGQLPALSDIEQEVHSVLGTDGVDDDLVFGLLGKGGKKS,1333,3449,658,99.696,656,2,656,0,0,99.70,96,/stor/scratch/Wilke/contig/database/metagenomic_contig_database/EMBL_EBI/EBI/nn/NNEL01.fasta.gz
ENA|NNEL01000015|NNEL01000015.1,42208..140677,tr|A0A1S2TU42|A0A1S2TU42_9GAMM RHH_5 domain-containing protein OS=Shewanella algae OX=38313 GN=BFS86_12450 PE=4 SV=1,85441..85085,lcl|85441|85085|1|-1,-1,tr|A0A1S2TU42|A0A1S2TU42_9GAMM,2.69e-81,tr|A0A1S2TU42|A0A1S2TU42_9GAMM RHH_5 domain-containing protein OS=Shewanella algae OX=38313 GN=BFS86_12450 PE=4 SV=1,MGVSKAYRVQIYPPRQVHILLKELAKESGQTVSKTAVSLIEQALNNDSTLHEIRNVQVDQKEIYQQLINLLSINVATTDFLLKKTCSEDEMAEAKQVISARTNALREYFIGGAENGND,243,619,118,100.000,118,0,118,0,0,100.00,100,/stor/scratch/Wilke/contig/database/metagenomic_contig_database/EMBL_EBI/EBI/nn/NNEL01.fasta.gz
ENA|NNEL01000015|NNEL01000015.1,42208..140677,tr|A0A2S1MDD1|A0A2S1MDD1_VIBPH Uncharacterized protein OS=Vibrio parahaemolyticus OX=670 GN=C9I78_15270 PE=4 SV=1,85842..85453,lcl|85842|85453|2|-1,-1,tr|A0A2S1MDD1|A0A2S1MDD1_VIBPH,6.50e-90,tr|A0A2S1MDD1|A0A2S1MDD1_VIBPH Uncharacterized protein OS=Vibrio parahaemolyticus OX=670 GN=C9I78_15270 PE=4 SV=1,MKLHPRQCQQCSGASILSILENASDSNSVEQAITSIANGLMFVARRNHEYETRKLAMSFLRIAEASHPTLSSGDPKLAQENSVLCPDFSPHPTHREWSVSSGAVAPSEGTPCASAHAELQGSHTQENQG,265,678,129,99.225,128,1,129,0,0,100.00,100,/stor/scratch/Wilke/contig/database/metagenomic_contig_database/EMBL_EBI/EBI/nn/NNEL01.fasta.gz
ENA|NNEL01000015|NNEL01000015.1,42208..140677,tr|A0A4Q7HU49|A0A4Q7HU49_VIBVL Replication protein P OS=Vibrio vulnificus OX=672 GN=D8T54_21905 PE=4 SV=1,87238..86546,lcl|87238|86546|1|-1,-1,tr|A0A4Q7HU49|A0A4Q7HU49_VIBVL,2.03e-170,tr|A0A4Q7HU49|A0A4Q7HU49_VIBVL Replication protein P OS=Vibrio vulnificus OX=672 GN=D8T54_21905 PE=4 SV=1,MVMAARNIAQIVSLKSHSRTVEIEQNHIDHQPDPDQMRAAAAVINRLFSELQSCFPAWRQTFTSKADIDSAKRVWTRGLVEAGINSEQQLQWGLRKARRAESPFWPSVGQFIKWCQPDPMDHGLPTPEAAFIEASINSHPAYSGNKWTHPAVYVAAREAGRYELANLARDKSWPLFQRAYSITVRRVLEGEDLSGEIPKALPQKPEPRPVDSKVAQQHIERLKKMLKGGK,477,1228,230,100.000,230,0,230,0,0,100.00,100,/stor/scratch/Wilke/contig/database/metagenomic_contig_database/EMBL_EBI/EBI/nn/NNEL01.fasta.gz
ENA|NNEL01000015|NNEL01000015.1,42208..140677,tr|A0A4Q7HUI1|A0A4Q7HUI1_VIBVL Uncharacterized protein OS=Vibrio vulnificus OX=672 GN=D8T54_21900 PE=4 SV=1,88089..87232,lcl|88089|87232|2|-1,-1,tr|A0A4Q7HUI1|A0A4Q7HUI1_VIBVL,0.0,tr|A0A4Q7HUI1|A0A4Q7HUI1_VIBVL Uncharacterized protein OS=Vibrio vulnificus OX=672 GN=D8T54_21900 PE=4 SV=1,MSSRDKLSNELFNSADLTRAIDGPRIAIPRASIQALGLEAAAFLQQASFLSSLKAEAGGWFDLPAEGEPDPEPKNIFSELGSWQACLGIQRDALRKIRRKLCDMCLLEEKRSGVPARLHYRVNHNAYLLFLADCGQKIQSAKNRNLERDLPQTSLQGSRIQECGVTADYSREITESLKDINNHDAQIRFDFVDALVSRGVDPVHAREWQAIRKKKRITLTEDAVLLVEREASKAGISIGDAIETCVLRGWAGFKADWLMPSSNKALQALSLVEDLADTSWAREGW,582,1499,285,100.000,285,0,285,0,0,100.00,100,/stor/scratch/Wilke/contig/database/metagenomic_contig_database/EMBL_EBI/EBI/nn/NNEL01.fasta.gz
ENA|NNEL01000015|NNEL01000015.1,42208..140677,tr|A0A4Q7HUU5|A0A4Q7HUU5_VIBVL Uncharacterized protein OS=Vibrio vulnificus OX=672 GN=D8T54_21895 PE=4 SV=1,88307..88086,lcl|88307|88086|3|-1,-1,tr|A0A4Q7HUU5|A0A4Q7HUU5_VIBVL,5.28e-45,tr|A0A4Q7HUU5|A0A4Q7HUU5_VIBVL Uncharacterized protein OS=Vibrio vulnificus OX=672 GN=D8T54_21895 PE=4 SV=1,MNVQIHPAHFHKIVSSAPFSLMIDVAAATGYPSHHVYVCLSVASAAKLPSACVNAAVEAEINRRSMLLAGGDV,147,372,73,100.000,73,0,73,0,0,100.00,100,/stor/scratch/Wilke/contig/database/metagenomic_contig_database/EMBL_EBI/EBI/nn/NNEL01.fasta.gz
ENA|NNEL01000015|NNEL01000015.1,42208..140677,tr|A0A4Q7HU72|A0A4Q7HU72_VIBVL Uncharacterized protein OS=Vibrio vulnificus OX=672 GN=D8T54_21890 PE=4 SV=1,89258..88689,lcl|89258|88689|3|-1,-1,tr|A0A4Q7HU72|A0A4Q7HU72_VIBVL,5.19e-140,tr|A0A4Q7HU72|A0A4Q7HU72_VIBVL Uncharacterized protein OS=Vibrio vulnificus OX=672 GN=D8T54_21890 PE=4 SV=1,MRSNILKPLSFLPARHHLNRWAYGYYLVKKGFSTCIVMEETSFTYKQIRKIREDLAINKEHRRASYGQDILSREGWIKYSAAINVYVELSEEMHHIEAVVKAFEWLKSEKNFNISGFYKACKEIKSGEAFFVECVHCRNEVFSGPGLRDKVVSCRCPACGKTNWERPQTDHRLGHIATCTKPGDQQPLF,397,1019,189,99.471,188,1,189,0,0,100.00,100,/stor/scratch/Wilke/contig/database/metagenomic_contig_database/EMBL_EBI/EBI/nn/NNEL01.fasta.gz
ENA|NNEL01000015|NNEL01000015.1,42208..140677,tr|A0A4Q7HV07|A0A4Q7HV07_VIBVL Uncharacterized protein OS=Vibrio vulnificus OX=672 GN=D8T54_21885 PE=4 SV=1,89656..90258,lcl|89656|90258|1|1,1,tr|A0A4Q7HV07|A0A4Q7HV07_VIBVL,2.06e-137,tr|A0A4Q7HV07|A0A4Q7HV07_VIBVL Uncharacterized protein OS=Vibrio vulnificus OX=672 GN=D8T54_21885 PE=4 SV=1,MEIQQMQVFKYTALSLTISLSSAAAFAGTGTGTSQISATPPALSVVEVQPYTMTLERLPGAAPSGGFSLKSWSTYLAQNPEDTVQPGCLKVAGDMDKSVGITITNLSNPTAPGGATLSFSGTPKIDLRTSFVDCSDAISQTATSVGVNAAPLTTTTSAAGELYIAWSYRQPATASSGFMQLSAWEEGIFSGNVDIAVDYQ,391,1004,195,100.000,195,0,195,0,0,100.00,98,/stor/scratch/Wilke/contig/database/metagenomic_contig_database/EMBL_EBI/EBI/nn/NNEL01.fasta.gz
ENA|NNEL01000015|NNEL01000015.1,42208..140677,tr|A0A4V2EGL1|A0A4V2EGL1_VIBVL Uncharacterized protein OS=Vibrio vulnificus OX=672 GN=D8T54_21880 PE=4 SV=1,90319..90696,lcl|90319|90696|1|1,1,tr|A0A4V2EGL1|A0A4V2EGL1_VIBVL,2.16e-83,tr|A0A4V2EGL1|A0A4V2EGL1_VIBVL Uncharacterized protein OS=Vibrio vulnificus OX=672 GN=D8T54_21880 PE=4 SV=1,MKSLINSGLMVATVALLSLSRPASAFQLKIHEVEIVHKAVAEIPVANTLNSPIVVRITPPDGVQVFPRSFQLLPGERQVVKARENDREVLKTDAKMAFSYAVQSEERQGVHSRITLRLPVREESR,248,634,125,99.200,124,1,125,0,0,100.00,100,/stor/scratch/Wilke/contig/database/metagenomic_contig_database/EMBL_EBI/EBI/nn/NNEL01.fasta.gz
ENA|NNEL01000015|NNEL01000015.1,42208..140677,tr|A0A4Q7HW75|A0A4Q7HW75_VIBVL Uncharacterized protein OS=Vibrio vulnificus OX=672 GN=D8T54_21875 PE=4 SV=1,90693..92804,lcl|90693|92804|3|1,1,tr|A0A4Q7HW75|A0A4Q7HW75_VIBVL,0.0,tr|A0A4Q7HW75|A0A4Q7HW75_VIBVL Uncharacterized protein OS=Vibrio vulnificus OX=672 GN=D8T54_21875 PE=4 SV=1,MMKKKLSHVKVFVPTVLAAAFTLTASPTRADDYLMKLVVNGQNKGEYLISRKADSTIAEPALWQAAGVNAKEQLPLERLNNLGHVKIVWSEQTIYFYPRNNTAKPQTITPEVTIEPNVSNLDVKSFDYFLTYQNKGDIAGSITGTGRVADLDVDVRTGIGGQESYFSSQWHSEENRYIKDVELGRVQRYGLDGFAVTNENYLATGSFSSDQIELYWPIGTRVDVYRDGTYLESLVLDSEPFSYKIELDYNTNLYKFDAVLPDGTTDTKTVERAISGRLAPVGGLNYQAAIGKSPISNESKLIGHLAYGVTNELSLFVGKDEKERHYFSVLYAQDDFSFEPAWYGSSGYAMNGSWQSENLSIFGRFSDLDNYKLRSFSISSRSLFQPTVQYSSREHNGYETEDIALRTYHSTRIDTLSTSLSLSPYYSRRLNNGVRSDTFGGRMLANMKDGWQLQASYEYEHKDIDSIGDVERFNGELSKRFNLGRLTYRFSANNYGHGWESQQQSLRVDLWNWKAATVSASFNHSPTGDNNIGISISGSFGRSGFSKTPQRNQAQLELSACKDLNFNGVCEPSEPDVEGITATVAGREVVTPAIVDSLTPYKRYTIQVGDSFGLSPRHKVVESTRLIRGGINRLRLPLTEIREIEGQLDRDGIRVALIDTETGDVIDEQTTNFGGWYLFYAPSERKVKVVARPETKLANNFHM,1449,3750,703,99.858,702,1,703,0,0,100.00,100,/stor/scratch/Wilke/contig/database/metagenomic_contig_database/EMBL_EBI/EBI/nn/NNEL01.fasta.gz
ENA|NNEL01000015|NNEL01000015.1,42208..140677,tr|A0A1E4UD13|A0A1E4UD13_VIBPH DNA-binding protein OS=Vibrio parahaemolyticus OX=670 GN=C9I78_15320 PE=4 SV=1,92958..93206,lcl|92958|93206|3|1,1,tr|A0A1E4UD13|A0A1E4UD13_VIBPH,5.93e-53,tr|A0A1E4UD13|A0A1E4UD13_VIBPH DNA-binding protein OS=Vibrio parahaemolyticus OX=670 GN=C9I78_15320 PE=4 SV=1,MTEKQIAELLTSIKSLTNQTKEIMTISECSLYTGLSKSYLYKLTHKEKIPFSKPLGKRVYFERSKIDQWLLRNNKGGFDEAS,168,426,82,100.000,82,0,82,0,0,100.00,100,/stor/scratch/Wilke/contig/database/metagenomic_contig_database/EMBL_EBI/EBI/nn/NNEL01.fasta.gz
ENA|NNEL01000015|NNEL01000015.1,42208..140677,tr|A0A241NJG4|A0A241NJG4_VIBAN Uncharacterized protein OS=Vibrio anguillarum OX=55601 GN=CEA93_13935 PE=4 SV=1,93193..93426,lcl|93193|93426|1|1,1,tr|A0A241NJG4|A0A241NJG4_VIBAN,2.77e-47,tr|A0A241NJG4|A0A241NJG4_VIBAN Uncharacterized protein OS=Vibrio anguillarum OX=55601 GN=CEA93_13935 PE=4 SV=1,MKQANRYSPPPIDKRGALLCAYRESERFVKESERERITSISRTTWWRLEKAGQVPKRKRIGGSTVWLLSDILAWMQK,154,388,77,97.403,75,2,76,0,0,98.70,100,/stor/scratch/Wilke/contig/database/metagenomic_contig_database/EMBL_EBI/EBI/nn/NNEL01.fasta.gz
ENA|NNEL01000015|NNEL01000015.1,42208..140677,tr|A0A395TT90|A0A395TT90_VIBCL Uncharacterized protein OS=Vibrio cholerae OX=666 GN=BC353_08615 PE=4 SV=1,94533..93604,lcl|94533|93604|2|-1,-1,tr|A0A395TT90|A0A395TT90_VIBCL,0.0,tr|A0A395TT90|A0A395TT90_VIBCL Uncharacterized protein OS=Vibrio cholerae OX=666 GN=BC353_08615 PE=4 SV=1,MKKSSSITLKLVRKMLRYQIITNWSSTTMPKLLITDLDNTLYDWVSFFSQSFEAMVDSIVELTGIDKSILLRDFKDIHQKYNSSERPFAALEVKAIIDYFGTTDKDILKRELAPAFRSFSEKRKETLKLYDGVTETLSKLREQGVVVVGHTESYEVNAVYRAKKLGLDKYLNHLYTIGSHSSSHPDQDKPMIDPSDADWVVKLPEEERKPNPRLVLDICEREGISPSDAYYIGDSIVKDMSMANAAGVNSVWAKYGKDFQSANWKLLVSITHWTDEDVKIEEDLKAMYSKETPVFEVSSFSGLQKIFKV,568,1464,281,97.509,274,7,279,0,0,99.29,91,/stor/scratch/Wilke/contig/database/metagenomic_contig_database/EMBL_EBI/EBI/nn/NNEL01.fasta.gz
ENA|NNEL01000015|NNEL01000015.1,42208..140677,tr|A0A395U1I5|A0A395U1I5_VIBCL Metallophos domain-containing protein OS=Vibrio cholerae OX=666 GN=BC353_08620 PE=4 SV=1,96040..94442,lcl|96040|94442|1|-1,-1,tr|A0A395U1I5|A0A395U1I5_VIBCL,0.0,tr|A0A395U1I5|A0A395U1I5_VIBCL Metallophos domain-containing protein OS=Vibrio cholerae OX=666 GN=BC353_08620 PE=4 SV=1,MNSTLLLRFRDLSCPKGETIRRHSDLIDEKGFAWWGWWNKGHEKLPVDTLTNLGLKESGANRYIYLFDSAQKTFYKAKLKGYKAEVGSEMPTPDIAHTPSYYEENKHPIWFKFNEIEQIESSEIIESKSYESMNDLFLEESHYDIYDNKIVASPEELADQNRTMWRIRDRKDGDKTNEIRLRGMTELQPRHFDKSYKVSSKDSLLWLSDIHFTRAGFHGYPLEDSPTKKTLAQTIQSAYFSANKNIASLLISGDLTWKGDKEEFELVGDFIDHLNSVNDLDKSWLSICPGNHDLSFYDGVDKKHKDVIEKNYEDSRAAYSDFYAKYFDLKTNESMSSGRRLLLNNSIPVEIVLLNSVTLQQTKGTFQGHGYIGQTQLEAVEQEMGLGKGKPRNVTRICVMHHHLMPVSLTQEPYHDAKYSTVLDAERLSRWLTKHQFDFLLHGHMHQNFYCTIERAVETHKPACKKENPINKLHVLSLGSSGVCMNHTGESQGNWTCRIEFGHEKIIFHYAKISPEDATLSNNYKLEFDYNA,996,2576,532,88.158,469,63,499,0,0,93.80,100,/stor/scratch/Wilke/contig/database/metagenomic_contig_database/EMBL_EBI/EBI/nn/NNEL01.fasta.gz
ENA|NNEL01000015|NNEL01000015.1,42208..140677,tr|Q87T95|Q87T95_VIBPA Protein PsiE OS=Vibrio parahaemolyticus serotype O3:K6 (strain RIMD 2210633) OX=223926 GN=VP0175 PE=3 SV=1,97128..96703,lcl|97128|96703|2|-1,-1,tr|Q87T95|Q87T95_VIBPA,2.55e-97,tr|Q87T95|Q87T95_VIBPA Protein PsiE OS=Vibrio parahaemolyticus serotype O3:K6 (strain RIMD 2210633) OX=223926 GN=VP0175 PE=3 SV=1,MPSNLPKSFSRPFLKMFHILEAVLLVAITLATIYAMAQEFIHVFVEKRVLLTDILLMFIYLEVLAMVQQFVMNGKIPVRYPIYIAMMAIARYITLGMKELDATLVVWLSIAAFILAAATLVIRVGHHYWPYVDNRTLEKDE,285,729,141,100.000,141,0,141,0,0,100.00,100,/stor/scratch/Wilke/contig/database/metagenomic_contig_database/EMBL_EBI/EBI/nn/NNEL01.fasta.gz
ENA|NNEL01000015|NNEL01000015.1,42208..140677,tr|A0A2R9VMP2|A0A2R9VMP2_VIBPH ABC transporter ATP-binding protein OS=Vibrio parahaemolyticus OX=670 GN=C1S91_15265 PE=4 SV=1,98097..97258,lcl|98097|97258|2|-1,-1,tr|A0A2R9VMP2|A0A2R9VMP2_VIBPH,0.0,tr|A0A2R9VMP2|A0A2R9VMP2_VIBPH ABC transporter ATP-binding protein OS=Vibrio parahaemolyticus OX=670 GN=C1S91_15265 PE=4 SV=1,MAKEVLRIENLKQHFVSGKGLFKKGYTIKAVDGVSLSVSEGETLGLVGESGCGKSTLGRTILKLYEPTEGKIFFEGKDITKFSVKEMRSLRKDMQIVFQDPMESLNQRHTIGMILEEPYIIHKIGTPAERKQWVKELLVKVGLPETAVNRYPHEFSGGQRQRIGIARAIALKPKLLICDESVSALDVSVQAQILNLLLQLQQEMNLAIIFISHDLSVVKHVSDKVAVMYFGKVVEAGNAKEIYANPQNDYTKKLLSAIPITHPKYRKKKRVAEKKQQVA,570,1468,279,100.000,279,0,279,0,0,100.00,100,/stor/scratch/Wilke/contig/database/metagenomic_contig_database/EMBL_EBI/EBI/nn/NNEL01.fasta.gz
ENA|NNEL01000015|NNEL01000015.1,42208..140677,tr|A0A6B3PSQ6|A0A6B3PSQ6_VIBPH ABC transporter ATP-binding protein OS=Vibrio parahaemolyticus OX=670 GN=G4D57_07225 PE=4 SV=1,98991..98134,lcl|98991|98134|2|-1,-1,tr|A0A6B3PSQ6|A0A6B3PSQ6_VIBPH,0.0,tr|A0A6B3PSQ6|A0A6B3PSQ6_VIBPH ABC transporter ATP-binding protein OS=Vibrio parahaemolyticus OX=670 GN=G4D57_07225 PE=4 SV=1,MENDVILSVKDLEVEFITDDGPVKVLHGVNFDVRAGRTLGLVGESGSGKSVTSMSIMGLLPKPYGNIVNGEVNYRGTNLVSLPAEEMYAMRGDRISIIFQDPMTALNPVHTIGRQLCEVLELHRPELGKKERESYAVEMLAKVKIPMPEKRLNEYPHNLSGGMRQRVMIAMALACKPDILICDEPTTALDVTVQASILELMNELQEETGMAMIFITHDLGVVAEVCDDVAVMYGGRIVEKAEIFELFDNPQHPYTERLMGLMPSLENEPKQMIDIKPIDASMFAS,579,1492,285,99.298,283,2,284,0,0,99.65,100,/stor/scratch/Wilke/contig/database/metagenomic_contig_database/EMBL_EBI/EBI/nn/NNEL01.fasta.gz
ENA|NNEL01000015|NNEL01000015.1,42208..140677,tr|A0A4S3TCT9|A0A4S3TCT9_VIBPH ABC transporter substrate-binding protein OS=Vibrio parahaemolyticus OX=670 GN=E4P16_06545 PE=4 SV=1,100863..99001,lcl|100863|99001|2|-1,-1,tr|A0A4S3TCT9|A0A4S3TCT9_VIBPH,0.0,tr|A0A4S3TCT9|A0A4S3TCT9_VIBPH ABC transporter substrate-binding protein OS=Vibrio parahaemolyticus OX=670 GN=E4P16_06545 PE=4 SV=1,MHCEQNIKKGSFMKRIILASTLSALSFGAMSATLPTDLNWQTNWDEPQYGSPQAKRGGTYRTFMSSFPQTLRSVGPDANSGLRSFILDETPGLVVRHPDTLEFIPELANEWALAGDNKTVYFKLNPQAKWSDGKPVTADDFVFMLKFYRSKDILEPWYNDYYNKTVADVIKFDDHTFAVKAAKELNPEELLLRMGALRPRPAHFYANPKKDENGDGIHDDFVRYYNFKSEPTTSAYYLADVKKGKSVTFKHVGEDWWGYTNKYYENRYNVDKIRITVIRDSDIAMKHFEKGKLDAFGLVLPSLWHDKSNTAPYQKGYIEKFWGYNQYPVGAGGVWINTAMPLLDDLNIRKGITYATDFDGMIENVMRGDYSRKPNPTGFGHGKYTLPDVTAPKFEPEKAAAAFEAAGFDKIGSDGIRVNDKGQRLSFELTYSSPVHTPRIAFLREQAKLAGLDIELKLIDGSSMFKYVREKKHELAFFDMGTSEIPTYWEYFHSVNANKPQTNSFTNYSTPELDEKIIAYRFNMDMDKKIQLGHEIQRDIIDAHVIVTGYMVPYVRYGHWRWLKLPEKPMNRMTEALFSGGIIGDGTYWIDKDVKKETQKAMKSGKTFEPVVVVDDTYKL,1257,3253,608,99.836,607,1,607,0,0,99.84,98,/stor/scratch/Wilke/contig/database/metagenomic_contig_database/EMBL_EBI/EBI/nn/NNEL01.fasta.gz
ENA|NNEL01000015|NNEL01000015.1,42208..140677,tr|S5IPG7|S5IPG7_VIBPH Peptide ABC transporter permease OS=Vibrio parahaemolyticus O1:Kuk str. FDA_R31 OX=1338034 GN=M634_02860 PE=3 SV=1,101909..100866,lcl|101909|100866|3|-1,-1,tr|S5IPG7|S5IPG7_VIBPH,0.0,tr|S5IPG7|S5IPG7_VIBPH Peptide ABC transporter permease OS=Vibrio parahaemolyticus O1:Kuk str. FDA_R31 OX=1338034 GN=M634_02860 PE=3 SV=1,MIKVSPLTQKKIRHFKEIKRGYWSFVILSIMLILSLFAELLINSKALMVKYDGSYYFPVVSDVRLGSEFGQDSSSEADYRVLQQVFEEEGGDNFVILPIVPWNPYEQDFSGDFPPTAPSAENKHYLGTDVIGRDILARLVYGFRTAMGFALLTMAVSYAIGTAVGCAMGFWGGKFDLFVQRLIEVWSMVPFLYVIMILVSIVQPTFTLFVAINVLFGWMGMTWYMRTMTYKESAREYVMAARALGASTGRILFNHILPNTMVMIVTLAPFTIAANITALTALDYLGLGLMPPTPSWGELLQQGKSNLDSPWIVASVVTSIVLVLVMVTFIGEAIRAAFDPKKFTRYV,707,1826,347,100.000,347,0,347,0,0,100.00,100,/stor/scratch/Wilke/contig/database/metagenomic_contig_database/EMBL_EBI/EBI/nn/NNEL01.fasta.gz
ENA|NNEL01000015|NNEL01000015.1,42208..140677,tr|Q87TA0|Q87TA0_VIBPA Putative transmembrane ABC transporter protein OS=Vibrio parahaemolyticus serotype O3:K6 (strain RIMD 2210633) OX=223926 GN=VP0170 PE=3 SV=1,102936..101911,lcl|102936|101911|2|-1,-1,tr|Q87TA0|Q87TA0_VIBPA,0.0,tr|Q87TA0|Q87TA0_VIBPA Putative transmembrane ABC transporter protein OS=Vibrio parahaemolyticus serotype O3:K6 (strain RIMD 2210633) OX=223926 GN=VP0170 PE=3 SV=1,MLSYFLRRLALVIPTFLGITILIFAITRFVPGGPVERMLSQMQSQGDGAASMTSAGGNTALSDEQIAELNAFYGLDKPVMEAYVDWLSRLVTLDLGESTRYYEPVSDMIAERLPVSLFYGGMTFFISYFISIPLGYYKALKHGSVFDSTSSILIFVGYALPGYVVGVLLITLFSYHLEWFPMGGFVGDDFDDYETFFERAKDVMWHAVLPLICYLIGDFATLTMTMKNNLMENLSSDYIRTAIAKGLPFKKAVRKHALRNSLIPIASHFGNSLLFFMTGAFLIEVIFNIDGIGLLGYESIMERDYPVVMGIVAINAVLLLIGNIISDICVALVDPRVKFGA,690,1780,341,100.000,341,0,341,0,0,100.00,100,/stor/scratch/Wilke/contig/database/metagenomic_contig_database/EMBL_EBI/EBI/nn/NNEL01.fasta.gz
ENA|NNEL01000015|NNEL01000015.1,42208..140677,tr|Q87TA2|Q87TA2_VIBPA Uncharacterized protein OS=Vibrio parahaemolyticus serotype O3:K6 (strain RIMD 2210633) OX=223926 GN=VP0168 PE=3 SV=1,103757..106357,lcl|103757|106357|2|1,1,tr|Q87TA2|Q87TA2_VIBPA,0.0,tr|Q87TA2|Q87TA2_VIBPA Uncharacterized protein OS=Vibrio parahaemolyticus serotype O3:K6 (strain RIMD 2210633) OX=223926 GN=VP0168 PE=3 SV=1,MYKNTTALSVAISLALGTAAAVAPLTAQAEEQQVEKLQKMKVTGSRLTRASMEGSTPVAVIGRAEIERAGDVSIADVLRKSSFNSFGSHNERSGSSAQSQATISLRGLGSERTLVLINGKRLPGSASMGGGAANINVIPSAIVERVEVMADGGSAVYGSDAVAGVVNIILKEEFDGINVTLGSGIPSREGADEENVSIVLGTSGEKGNIMFSFEHDSKDEIYQRDRDYLSSTNTGSANYFDMSGVSIYGRNVYHDGQLKALKGYDTDASCDPSKGFVGLTNYPGLGDICGYDYTSEAAQTASLERNTVFMNGNIFLSDDTTFNAQVLLNRNESFGRFAPAAGYFEVDPTTTGGAAFFAENGLDATKGPAAVYYRFNNVGTRDNSVTDFQADLKAGLDGTLYTDSFGEVIWETGYHLNFSNSNETGTGYVFRSPAEQLANSGQFVNGEFSADATSQLSAGTGRETQMEMHQVYGGLQFDLAEVGNIVIPLYVGAEYTTYDYFDQYDPQSEAGNIIGSSGNSAGGDRETYAIYAESLIAFTDELEMNIAARYDHYSDFGDEISPKVSFRYQPLDNLMFRTGAGLGFRAPTLSDLYGADSFSSDYAKDYVFCSQNGISASECPETQYDVTRTSNEDLDAEKSVSFNFGISYSPIDDLDLTLDYYNISIDDVITLNTLQSMIDQERSSGVSNPNIVRENGRIKEATAGLQNLGTLDTSGLDLKIGYRYDFNVATIRYDFTGSYVLDYSSPEYVGGPVNNQVGRNGLPEYRFNTGVGVNFLEEHDIYLSADHIADQAQDVDDNYNKTGHISSQTTWNIAYNYLAPWDAKFTAGVRNLTDEDPAFESDGVTYDKDLYSIQGRVYFLKYSQNF,1764,4570,866,100.000,866,0,866,0,0,100.00,100,/stor/scratch/Wilke/contig/database/metagenomic_contig_database/EMBL_EBI/EBI/nn/NNEL01.fasta.gz
ENA|NNEL01000015|NNEL01000015.1,42208..140677,tr|A0A0D1DRJ9|A0A0D1DRJ9_VIBPH Whole genome shotgun sequence OS=Vibrio parahaemolyticus 49 OX=1288779 GN=H320_08045 PE=4 SV=1,106430..107194,lcl|106430|107194|2|1,1,tr|A0A0D1DRJ9|A0A0D1DRJ9_VIBPH,0.0,tr|A0A0D1DRJ9|A0A0D1DRJ9_VIBPH Whole genome shotgun sequence OS=Vibrio parahaemolyticus 49 OX=1288779 GN=H320_08045 PE=4 SV=1,MTLKEFGVSAVTAAILSVSGAAIAADSGTVVANQAQTTKSSQASQQKIDTYAESTEGMLAEYKGLLRQIDSMKVYNEQINRMVQSQQGELDSLNNQIAQIDQTATEVVPLTLKMIDALDEFVTLDLPFQKEERNKRVQELRRLMDRADVTTSEKFRKVMEAYQIEEGFSRSIESYKASLDRNGEIVTYDFLRIGRTALLFQSPDGGETGMWNQQTRQWETLPESYRIAVQQGLRIAKKQAPPALIKLPVFAGEE,518,1334,254,100.000,254,0,254,0,0,100.00,100,/stor/scratch/Wilke/contig/database/metagenomic_contig_database/EMBL_EBI/EBI/nn/NNEL01.fasta.gz
ENA|NNEL01000015|NNEL01000015.1,42208..140677,tr|A0A646L813|A0A646L813_VIBPH MotA/TolQ/ExbB proton channel family protein OS=Vibrio parahaemolyticus OX=670 GN=F0L89_05915 PE=3 SV=1,107198..108559,lcl|107198|108559|2|1,1,tr|A0A646L813|A0A646L813_VIBPH,0.0,tr|A0A646L813|A0A646L813_VIBPH MotA/TolQ/ExbB proton channel family protein OS=Vibrio parahaemolyticus OX=670 GN=F0L89_05915 PE=3 SV=1,MKGFKTLAAGLLASLFMVCGVQAETPQTLSELLKNVKSESIVESKENKEREAVFKRDRDQQAVLLQQARDELAAQQALGDQLKATFDENDKQLTELTETLRVRSGTLGEMFGVVRQYAGEFKGLFAASQNAVQFPERDALLTKLAESKELPSTQELEAFWHTILQQVVVSGDTSTTQATVVYGEGKEAVRDVTLVGEFNAIADGKYVIYVPQTGKFEELSRQPSKNITSQVAGFESAKGTYEPLFLDPSRGVILSLLVQSPTVQERIDQGGIVGYVILAMGAVGVIIALLCFLRLQIIGGKMRKQAKSDTVIPGNPLGEVIQAYQDHKGDNLEDLEAKLDEIILRNAPSIERFISSIKLFASVAPLLGLLGTVMGMIGTFQAITLFGTGDPKLMAGGISEALVTTMLGLVVAIPLLFLYTIVHSKGRRLVQTLEEQSAGFIARYQEKLHKAES,912,2358,453,100.000,453,0,453,0,0,100.00,100,/stor/scratch/Wilke/contig/database/metagenomic_contig_database/EMBL_EBI/EBI/nn/NNEL01.fasta.gz
ENA|NNEL01000015|NNEL01000015.1,42208..140677,tr|Q87TA5|Q87TA5_VIBPA TonB system transport protein ExbB2 OS=Vibrio parahaemolyticus serotype O3:K6 (strain RIMD 2210633) OX=223926 GN=VP0165 PE=3 SV=1,108569..109096,lcl|108569|109096|2|1,1,tr|Q87TA5|Q87TA5_VIBPA,1.99e-122,tr|Q87TA5|Q87TA5_VIBPA TonB system transport protein ExbB2 OS=Vibrio parahaemolyticus serotype O3:K6 (strain RIMD 2210633) OX=223926 GN=VP0165 PE=3 SV=1,MWWLVGELESIRRFLGMGGDVLVAIFILSFMLWAVLLERWFYFAAVAPRAAKKAVTLWSERSEHQSWNAKMIRQEIVSRQDIENKKGLPIVKVLIALCPLLGLLGTVVGMIQVFDILAVTGTGSPRAMASGISKATIPTLAGMVASLSGLFFSSRLDHLAKVTTQKLEDKLKHIA,351,901,175,100.000,175,0,175,0,0,100.00,100,/stor/scratch/Wilke/contig/database/metagenomic_contig_database/EMBL_EBI/EBI/nn/NNEL01.fasta.gz
ENA|NNEL01000015|NNEL01000015.1,42208..140677,tr|Q87TA6|Q87TA6_VIBPA TonB system transport protein ExbD2 OS=Vibrio parahaemolyticus serotype O3:K6 (strain RIMD 2210633) OX=223926 GN=VP0164 PE=3 SV=1,109122..109529,lcl|109122|109529|3|1,1,tr|Q87TA6|Q87TA6_VIBPA,9.41e-91,tr|Q87TA6|Q87TA6_VIBPA TonB system transport protein ExbD2 OS=Vibrio parahaemolyticus serotype O3:K6 (strain RIMD 2210633) OX=223926 GN=VP0164 PE=3 SV=1,MKRRYSSDSSDETAIDMTPMLDIVFIMLIFFIVTTSFVKEAGLEVNRPTASSAQTVKKGNIMVAIGAAGDVWVDKRRIEVDAVRANIERLRAESPDGAVVIQADTEANAGVVVKVMDQIKMAGVESISIAATNKD,268,685,135,100.000,135,0,135,0,0,100.00,100,/stor/scratch/Wilke/contig/database/metagenomic_contig_database/EMBL_EBI/EBI/nn/NNEL01.fasta.gz
ENA|NNEL01000015|NNEL01000015.1,42208..140677,tr|Q87TA7|Q87TA7_VIBPA Protein TonB OS=Vibrio parahaemolyticus serotype O3:K6 (strain RIMD 2210633) OX=223926 GN=VP0163 PE=3 SV=1,109534..110166,lcl|109534|110166|1|1,1,tr|Q87TA7|Q87TA7_VIBPA,5.69e-149,tr|Q87TA7|Q87TA7_VIBPA Protein TonB OS=Vibrio parahaemolyticus serotype O3:K6 (strain RIMD 2210633) OX=223926 GN=VP0163 PE=3 SV=1,MRYLASIALALIVSLGLFWGMDKLVNKERHELVSNDDQRMVDFIRIKPDEKVQEKKRELPKPPPPKRPPPPPEMKVTSTVKPVMDQVPMDMPKLDLPVNVTGGSVLGHYSQGGGARLAGSGGPVPLATFQPQMPRKAARSGLEKGIVLVEFTVNERGSVEDVKVLKETPRKLGLGQAAKKTVSKWTFKPKMVDGKAVSSRLSQEIEFSTN,421,1082,210,100.000,210,0,210,0,0,100.00,100,/stor/scratch/Wilke/contig/database/metagenomic_contig_database/EMBL_EBI/EBI/nn/NNEL01.fasta.gz
ENA|NNEL01000015|NNEL01000015.1,42208..140677,tr|A0A2R9VN92|A0A2R9VN92_VIBPH Tetratricopeptide repeat protein OS=Vibrio parahaemolyticus OX=670 GN=C1S91_15325 PE=4 SV=1,110179..111393,lcl|110179|111393|1|1,1,tr|A0A2R9VN92|A0A2R9VN92_VIBPH,0.0,tr|A0A2R9VN92|A0A2R9VN92_VIBPH Tetratricopeptide repeat protein OS=Vibrio parahaemolyticus OX=670 GN=C1S91_15325 PE=4 SV=1,MKAYTKLLASLVLLSGAYGAPGFANTPELSDKTFRTVNKVQELIATEKYADALSKLNSALSSTSKKQYDRAVLLQQMGFLYSLQDDYPKAAKYFADALSLNALPVPVAQQVRYSLAQLYLAEGQFKKSVATMNEWFKIAETTEEKPQAHAYITLASAYVQLEDYKNAIPPAKQAIAMSKEPSESWYQLLMSAHYELKQFKSVAGVLKTLTTKYPKNKRYWTQLSGIYMELNQERNALSTLEMAHKMGLLEGEKEYLRLVNFQAYQGVPFRAAKTLQAAFDNGHVERNAKNLETLGSFWQQAQELEQAIDVYQQAYNLAPQAKTQIKIARLMILDKQYTEATKFTQNAAPDAKHEQKGELSYIRGMAYFELNQPSNALKAMKSAAQSPDMRAMASPWINFLESQG,824,2128,404,100.000,404,0,404,0,0,100.00,100,/stor/scratch/Wilke/contig/database/metagenomic_contig_database/EMBL_EBI/EBI/nn/NNEL01.fasta.gz
ENA|NNEL01000015|NNEL01000015.1,42208..140677,tr|A0A0D1DRJ7|A0A0D1DRJ7_VIBPH Guanylate kinase OS=Vibrio parahaemolyticus 49 OX=1288779 GN=gmk PE=3 SV=1,111699..112322,lcl|111699|112322|3|1,1,tr|A0A0D1DRJ7|A0A0D1DRJ7_VIBPH,2.21e-151,tr|A0A0D1DRJ7|A0A0D1DRJ7_VIBPH Guanylate kinase OS=Vibrio parahaemolyticus 49 OX=1288779 GN=gmk PE=3 SV=1,MGKGTLYIVSAPSGAGKSSLISAMLERNPTYAMKVSVSHTTRNMRPGEEDGVHYHFVAKEEFETLIAKGDFLEYAEVFGNYYGTSRVWIEETLEKGIDVFLDIDWQGARQIREQMPEAKSIFILPPSNGELERRLNTRGQDSAEVIAKRMAEAKSEISHYSEYDYVIVNDDFDTALMDFKAILRAERLKEEKQAAKYKGMLDALLAE,427,1098,207,100.000,207,0,207,0,0,100.00,100,/stor/scratch/Wilke/contig/database/metagenomic_contig_database/EMBL_EBI/EBI/nn/NNEL01.fasta.gz
ENA|NNEL01000015|NNEL01000015.1,42208..140677,tr|A0A4P8FX47|A0A4P8FX47_9VIBR DNA-directed RNA polymerase subunit omega OS=Vibrio neocaledonicus OX=1208308 GN=rpoZ PE=3 SV=1,112504..112776,lcl|112504|112776|1|1,1,tr|A0A4P8FX47|A0A4P8FX47_9VIBR,4.48e-56,tr|A0A4P8FX47|A0A4P8FX47_9VIBR DNA-directed RNA polymerase subunit omega OS=Vibrio neocaledonicus OX=1208308 GN=rpoZ PE=3 SV=1,MARVTVQDAVEKVGNRFDLVLIAARRARQMQTGGKDALVPEENDKPTVIALREIEEGLITKEVLDARERQEQQEQEAAELAAVSSIAHNR,177,448,90,100.000,90,0,90,0,0,100.00,100,/stor/scratch/Wilke/contig/database/metagenomic_contig_database/EMBL_EBI/EBI/nn/NNEL01.fasta.gz
ENA|NNEL01000015|NNEL01000015.1,42208..140677,"tr|Q87TB1|Q87TB1_VIBPA Guanosine-3',5'-bis(Diphosphate) 3'-pyrophosphohydrolase OS=Vibrio parahaemolyticus serotype O3:K6 (strain RIMD 2210633) OX=223926 GN=VP0159 PE=3 SV=1",112990..114936,lcl|112990|114936|1|1,1,tr|Q87TB1|Q87TB1_VIBPA,0.0,"tr|Q87TB1|Q87TB1_VIBPA Guanosine-3',5'-bis(Diphosphate) 3'-pyrophosphohydrolase OS=Vibrio parahaemolyticus serotype O3:K6 (strain RIMD 2210633) OX=223926 GN=VP0159 PE=3 SV=1",MRLDIETLQAALLHDVIEDCDVTKEDLEEKFGNTVAELVDGVSKLDKLKFRDRKEAQAENFRKMVLAMVQDIRVILIKLADRTHNMRTLGALRPDKKRRIARETLEIYAPLAHRLGIHNIKTELEELGFEALYPNRYRVLKEVVRAARGNRKEMIQRIHSEIEGRLQDVGLNARVVGREKNLFSIYNKMKTKEQRFHTIMDIYAFRVVVDTADTCYRVLGQVHSLYKPRPGRMKDYIAVPKANGYQSLHTSMVGPHGVPVEVQIRTEDMDQMADKGVAAHWSYKDKGDKSGTTAQVKAQRWMQSLLELQQSAGNSFEFIENVKSDLFPDEIYVFTPKGRIVELPLGATAVDFAYAVHTDVGNSCVGARVDRNPYPLSKALKNGQTVEIISAPGARPNAAWLNYVVTSRARTKIRQVLKTMRREESITLGRRLLNHALGRHSIDSIYPENIQEVLTDLRLESTDDLLAAIGLGELMSIVIARRLLGDTEELTTTSSIPTDSKKKLPIRGAEGLLLTFANCCHPIPDDHIIAHVSPGRGLVVHRETCPNVRGYQKEPDKYMAVAWSDDYDKEFIAELKVDMLNHQGALAELTNVISKTGSNIHGLSTEERDGRLYTVTVLLTTKDRVHLAGIMRKIKAMPQATRVRRRKN,1341,3470,648,100.000,648,0,648,0,0,100.00,100,/stor/scratch/Wilke/contig/database/metagenomic_contig_database/EMBL_EBI/EBI/nn/NNEL01.fasta.gz
ENA|NNEL01000015|NNEL01000015.1,42208..140677,tr|Q87TB2|Q87TB2_VIBPA tRNA (guanosine(18)-2'-O)-methyltransferase OS=Vibrio parahaemolyticus serotype O3:K6 (strain RIMD 2210633) OX=223926 GN=trmH PE=3 SV=1,114994..115677,lcl|114994|115677|1|1,1,tr|Q87TB2|Q87TB2_VIBPA,4.51e-166,tr|Q87TB2|Q87TB2_VIBPA tRNA (guanosine(18)-2'-O)-methyltransferase OS=Vibrio parahaemolyticus serotype O3:K6 (strain RIMD 2210633) OX=223926 GN=trmH PE=3 SV=1,MNLERYHRIHQVLKARQTDLTLCLEEVHKPNNVSAVIRTADATGLHKVHAIWPDKMRTLTHTSAGARNWVEVETHKSIETAITELKAQGMQVLVTNLSDTAVDFREIDYTKPTAIILGSEKIGASEQAKKLADQDIIIPMIGMVQSLNVSVASAVILYEAQRQREAAGMYDREESALPKETIHRILFERGHPVLAKVAKRKKLEYPPLDDEGQIIADEAWWQEMQKA,466,1198,227,99.559,226,1,226,0,0,99.56,100,/stor/scratch/Wilke/contig/database/metagenomic_contig_database/EMBL_EBI/EBI/nn/NNEL01.fasta.gz
ENA|NNEL01000015|NNEL01000015.1,42208..140677,tr|A0A2R9VMQ5|A0A2R9VMQ5_VIBPH ATP-dependent DNA helicase RecG OS=Vibrio parahaemolyticus OX=670 GN=recG PE=3 SV=1,115796..117877,lcl|115796|117877|2|1,1,tr|A0A2R9VMQ5|A0A2R9VMQ5_VIBPH,0.0,tr|A0A2R9VMQ5|A0A2R9VMQ5_VIBPH ATP-dependent DNA helicase RecG OS=Vibrio parahaemolyticus OX=670 GN=recG PE=3 SV=1,MSAQMLSAVPLTSLSGVGAKVAEKLAKVGLHSVQDLLFHLPLRYEDRTRIYPIAKLHAGLWAAVQGKVMTVDTIFGKRKMLTVKISDGNGTITLRFFNFTAAMKNNFSQGKLVHAYGEIKRGGMGLEIVHPDYKFYASEQKPDVEQSLTPVYPTTDGLRQITLRNLTEQALALLDKAAVQELLPSGLYNHQITMSQALHTIHRPPPTINLDEFDEGKHPAQIRLIMEELLAQNLSMLAVRSKGQQDIALPLAPCDKLKKQLLAQLPFSPTNAQARVVKEIESDLEKPHPMMRLVQGDVGSGKTLVAALAAVRAIEHGYQVALMAPTELLAEQHAINFANWFDAMGIQVGWLAGKLKGKAKETELARIASGEAQMIVGTHALFQEHVEFHHLALVIIDEQHRFGVHQRLELREKGAKQGAYPHQLIMTATPIPRTLAMTAYADLETSVIDELPPGRTPIQTVAIPDTKRDDIVERVRNACLNEGKQAYWVCTLIDESEVLEAQAAADTAEELQRKLPDVKIGLVHGRMKPAEKQAVMQEFKDNKLHLLVATTVIEVGVDVPNSSLMIIENPERLGLAQLHQLRGRVGRGSVASHCVLLYHSPLSKTAQKRLGVLRESNDGFVIAQKDLEIRGPGELLGTKQTGLADFKIADLVRDQRLIPEVQRIARHIHDNYPSNAAAIIDRWLGERDIYSKA,1419,3674,693,99.711,691,2,693,0,0,100.00,100,/stor/scratch/Wilke/contig/database/metagenomic_contig_database/EMBL_EBI/EBI/nn/NNEL01.fasta.gz
ENA|NNEL01000015|NNEL01000015.1,42208..140677,tr|S5IVC8|S5IVC8_VIBPH Uncharacterized protein OS=Vibrio parahaemolyticus O1:Kuk str. FDA_R31 OX=1338034 GN=M634_02785 PE=4 SV=1,118111..117881,lcl|118111|117881|1|-1,-1,tr|S5IVC8|S5IVC8_VIBPH,3.97e-49,tr|S5IVC8|S5IVC8_VIBPH Uncharacterized protein OS=Vibrio parahaemolyticus O1:Kuk str. FDA_R31 OX=1338034 GN=M634_02785 PE=4 SV=1,MICLASRNVFPDLAEWEGWVELTSLPVIAVNQCQLRLVKCDEAHSRNFERDYREIYPKSNRLLLVAALKNEPFGSL,158,399,76,100.000,76,0,76,0,0,100.00,100,/stor/scratch/Wilke/contig/database/metagenomic_contig_database/EMBL_EBI/EBI/nn/NNEL01.fasta.gz
ENA|NNEL01000015|NNEL01000015.1,42208..140677,tr|Q87TB4|Q87TB4_VIBPA Xanthine/uracil permease family protein OS=Vibrio parahaemolyticus serotype O3:K6 (strain RIMD 2210633) OX=223926 GN=VP0156 PE=3 SV=1,118110..119501,lcl|118110|119501|3|1,1,tr|Q87TB4|Q87TB4_VIBPA,0.0,tr|Q87TB4|Q87TB4_VIBPA Xanthine/uracil permease family protein OS=Vibrio parahaemolyticus serotype O3:K6 (strain RIMD 2210633) OX=223926 GN=VP0156 PE=3 SV=1,MTTSNRSSELVYQLNDRPPLPQTIFAALQHLLAMFVAVITPSLIICQSLGVPADQTNTIISMSLFASGVSSFIQIRTFGPVGSGLLSVQGTSFNFLGPIIGAGLSLKAGGADISTMMAAIFGTILVASFAEILLSRVLEHARRIITPLVSGIVVTLIGLTLIQVGLVSMGGGYAAMGDGTFGSLDKLALAGTVLGLIVILNRSKNPYIRVASIVIAMLVGYVMAYFMGMVDTSKLGETNLVALPIPMQYGLSFDWSLFIPLVLIFFITALEAIGDITATSEVSGEPVKGPIYMKRIKGGVLADGLNSAIAAVFNSFPNSTFSQNNGIIMLTGVASRYVGYFISGMLVILGLFPGVASFVQLIPEPVLGGATIVMFGTIAAAGVRIISRVDLDRRAILIMALSFSMGLGIAQKPEILQFMPEFIKSIFSTGVAAGGITAILLNLLLPEKLTEEDELVAQEVKES,907,2344,463,100.000,463,0,463,0,0,100.00,100,/stor/scratch/Wilke/contig/database/metagenomic_contig_database/EMBL_EBI/EBI/nn/NNEL01.fasta.gz
ENA|NNEL01000015|NNEL01000015.1,42208..140677,tr|Q87TB5|Q87TB5_VIBPA Histidine kinase OS=Vibrio parahaemolyticus serotype O3:K6 (strain RIMD 2210633) OX=223926 GN=VP0155 PE=4 SV=1,120858..119566,lcl|120858|119566|2|-1,-1,tr|Q87TB5|Q87TB5_VIBPA,0.0,tr|Q87TB5|Q87TB5_VIBPA Histidine kinase OS=Vibrio parahaemolyticus serotype O3:K6 (strain RIMD 2210633) OX=223926 GN=VP0155 PE=4 SV=1,MRIRSSLTQSILLFISLLLASQVFSYYAVFNYALMPSLQQFNKILAHELNLVLDEDGPLKSDAPLRRQLLERLGVTVHSINSEKAVEFNHAMSIDLMSEEMTQELGSPTEVRLLLGSESYILWMHIEKLPNSIIRIPLSELQEEDFAPLFRNSLIMALLIIAGGWLFIRLQNRPLLALQRAAEGVGRGEIPPPLPEKGASEIRSVTRAFNQMSKGIQELEEDRALLMAGISHDLRTPLTRIRLATEMMSPEDSYLAEGIISDTEECNEIISQFMDYLKPVNKESFESVDVSTIASDVASSEGGYEVEIETDLNMHLPPAKGSPIAIKRAVSNLVVNALRYGNGWVKISTGVTADKQLVWICVEDNGPGIEQSQIAKLFEPFTRGDTARGSEGTGLGLAIVKRIVIQHSGSVVMRNRSEGGLIAQISFPTK,873,2255,430,100.000,430,0,430,0,0,100.00,100,/stor/scratch/Wilke/contig/database/metagenomic_contig_database/EMBL_EBI/EBI/nn/NNEL01.fasta.gz
ENA|NNEL01000015|NNEL01000015.1,42208..140677,tr|Q87TB6|Q87TB6_VIBPA Transcriptional regulator OmpR OS=Vibrio parahaemolyticus serotype O3:K6 (strain RIMD 2210633) OX=223926 GN=VP0154 PE=4 SV=1,121683..120964,lcl|121683|120964|2|-1,-1,tr|Q87TB6|Q87TB6_VIBPA,5.52e-173,tr|Q87TB6|Q87TB6_VIBPA Transcriptional regulator OmpR OS=Vibrio parahaemolyticus serotype O3:K6 (strain RIMD 2210633) OX=223926 GN=VP0154 PE=4 SV=1,MQENHKILVVDDDARLRALLERYLSEQGFQVRSVANGEQMDRLLTRENFHLMVLDLMLPGEDGLSICRRLRHANNMLPILMLTAKGDEVDRIVGLEVGADDYLPKPFNPRELLARIKAVLRRQTVELPGAPSTEEKVVEFGEFRLNLGTREMFRGDEAMPLTSGEFAVLKSLVTNAREPMSRDKLMNMARGREYSAMERSIDVQISRLRRMLEDDPSKPRYIQTVWGLGYVFVPDGKES,484,1246,239,100.000,239,0,239,0,0,100.00,100,/stor/scratch/Wilke/contig/database/metagenomic_contig_database/EMBL_EBI/EBI/nn/NNEL01.fasta.gz
ENA|NNEL01000015|NNEL01000015.1,42208..140677,tr|A0A0L8DIW7|A0A0L8DIW7_VIBPH DUF1090 domain-containing protein OS=Vibrio parahaemolyticus OX=670 GN=BS585_08705 PE=4 SV=1,122294..121902,lcl|122294|121902|3|-1,-1,tr|A0A0L8DIW7|A0A0L8DIW7_VIBPH,2.58e-85,tr|A0A0L8DIW7|A0A0L8DIW7_VIBPH DUF1090 domain-containing protein OS=Vibrio parahaemolyticus OX=670 GN=BS585_08705 PE=4 SV=1,MKAVICGAALTMAISLPTVAQEELKGCDAKAFALEQQIEYATVQGNQKRIDGLKRALAAIEDECSEEDLREKLQAEIEQKAQKVKARELELVEAQTSGSSDKIEKKRRKLDEAQKELLDAKRELEWNYGQ,254,648,130,100.000,130,0,130,0,0,100.00,100,/stor/scratch/Wilke/contig/database/metagenomic_contig_database/EMBL_EBI/EBI/nn/NNEL01.fasta.gz
ENA|NNEL01000015|NNEL01000015.1,42208..140677,tr|A0A0D1FKX8|A0A0D1FKX8_VIBPH Whole genome shotgun sequence OS=Vibrio parahaemolyticus 49 OX=1288779 GN=H320_07965 PE=4 SV=1,124933..123053,lcl|124933|123053|1|-1,-1,tr|A0A0D1FKX8|A0A0D1FKX8_VIBPH,0.0,tr|A0A0D1FKX8|A0A0D1FKX8_VIBPH Whole genome shotgun sequence OS=Vibrio parahaemolyticus 49 OX=1288779 GN=H320_07965 PE=4 SV=1,MMKKMSLALALSSALLIAPFGWAQSISATTQDPIYQLDDKLVLGRVESVYYSEIPELSDVPFIGKIDTGADTTSMHAENIHVSSSNPKYKNLKDDKLLWAIVDDLGGTQAKWEANSFEPYQVTVSFTIQHPYTGKEITVTDDLERISAIRSRTSKKPILRPTVKMPMTIAGHTVDTVVNLTSRKQFSAPILIGKTYLDDNAWVFAGYDYLQEQPNAKMIGKKETVEIEGIPYKTSVSTSSRYTNVHALDIKVDKKAKQVSFTLEGENGKRHPMTLPLVRMLKTTKSERPLVYLPVKIDENETQQWLVYLRDRSKFSSQIRLGRDVVSQHFVIDTDKENLLGGVEKTFKSALKSKPLVISPEEEVNIDGYVVPAYPTFTVKTPLLRVNGFELSEKGKDEVATFYLSNEKGKEEKITKPVLKKLKVGDMVRPVVEGDFLFGNKEKSMEFAIDVLDKDEEQPFFVFGHNMAKGGVLLNTRADHLLDAKPLFRAGHIEVAEVEGMSFPVKLDTGADVSSINAKDIKLFQKDGKDMVSFTYENDLGMQKAFTREVVDVMKITAKKGEKANVRPVVEMHVKLGDLEKKIRVNLQDRGRFHYSMILGKNFLKHGALVASETNYIVTKKPDYEK,1281,3315,626,100.000,626,0,626,0,0,100.00,100,/stor/scratch/Wilke/contig/database/metagenomic_contig_database/EMBL_EBI/EBI/nn/NNEL01.fasta.gz
ENA|NNEL01000015|NNEL01000015.1,42208..140677,tr|A0A0D1DNP8|A0A0D1DNP8_VIBPH Whole genome shotgun sequence OS=Vibrio parahaemolyticus VP766 OX=1288782 GN=H323_05670 PE=4 SV=1,125083..127467,lcl|125083|127467|1|1,1,tr|A0A0D1DNP8|A0A0D1DNP8_VIBPH,0.0,tr|A0A0D1DNP8|A0A0D1DNP8_VIBPH Whole genome shotgun sequence OS=Vibrio parahaemolyticus VP766 OX=1288782 GN=H323_05670 PE=4 SV=1,MNDPNVLYTTNIQTELKENTRMSQAICRMIAQELNVRPEQVNAAVTLIDDGNTVPFIARYRKEVTGGLDDTQLRTLDSRLSYLRELDDRRQTILKSIQEQGKLTPELEREITQADSKTRLEDLYLPYKPKRRTKGQIAIEAGLEPLADTLWNQPQTEPESEATKYLDADKGIADTKAALDGARAIIMERIAEDANLLEKIRAHLNRNAELVSRVVEGKEQEGEKFKDYFNHNEPLSKVPSHRALAMLRGRNEGFLTLAMNADPEQEEGARQSYCETIIADHYGVTLSSAPADAWRKQVISWAWRIKVSMHMETELMGAMKERAEIEAIEVFATNLKDLLMAAPAGPRATLGLDPGLRTGSKIAIVDPTGKVLATETIYPHPPQKQYDKSAQIVDQLVRKYNVDLIAIGNGTASRETDSFVADVIKRGNLKVQKIIVSEAGASVYSASELAAKEFPNMDVSLRGAVSIARRLQDPLAELVKIDPKSIGVGQYQHDVSQSMLAKRLDAIVEDCVNAVGVDVNTASAALLTRVAGLSSTIAQNIVDFRDENGRFEARTTLKKVPRLGPKAFEQCAGFLRIMDGKNPLDASAVHPEAYPVVKAIAEKNRKDIKALIGDSTFLKGLHAVDYTDEHFGVPTVTDIIKELDKPGRDPRPEFKTATFAEGVNSVADLEPGMILEGVVSNVANFGAFVDIGVHQDGLVHISALTDRFVSDPREVVKAGDIVKVKVMEVDVQRKRIGLSMRLNDEPGQDNRSQRSSAAPRRNDQSQRRQPRRDDSSSNNAMGGAFAAAFAKAKK,1586,4106,773,100.000,773,0,773,0,0,100.00,97,/stor/scratch/Wilke/contig/database/metagenomic_contig_database/EMBL_EBI/EBI/nn/NNEL01.fasta.gz
ENA|NNEL01000015|NNEL01000015.1,42208..140677,tr|Q87TC1|Q87TC1_VIBPA Uncharacterized protein OS=Vibrio parahaemolyticus serotype O3:K6 (strain RIMD 2210633) OX=223926 GN=VP0149 PE=4 SV=1,128067..127603,lcl|128067|127603|2|-1,-1,tr|Q87TC1|Q87TC1_VIBPA,6.97e-109,tr|Q87TC1|Q87TC1_VIBPA Uncharacterized protein OS=Vibrio parahaemolyticus serotype O3:K6 (strain RIMD 2210633) OX=223926 GN=VP0149 PE=4 SV=1,MIVSPTNVSVPLIAPSVNVQTEQAARDNRVREPVTPTVALAKTNAERKVKSDEKRRRQSSWDPSEHPDYEVDHEVDARYHEEPEDTLERLFDLLALKSYSEDQGKGYAIRFRLPKRILDAAINQGLMEKRRKVIKFHYGHSVVPHTPSEVIAVL,315,807,154,100.000,154,0,154,0,0,100.00,100,/stor/scratch/Wilke/contig/database/metagenomic_contig_database/EMBL_EBI/EBI/nn/NNEL01.fasta.gz
ENA|NNEL01000015|NNEL01000015.1,42208..140677,tr|A0A646L821|A0A646L821_VIBPH Pimeloyl-ACP methyl ester esterase BioH OS=Vibrio parahaemolyticus OX=670 GN=bioH PE=4 SV=1,128958..128191,lcl|128958|128191|2|-1,-1,tr|A0A646L821|A0A646L821_VIBPH,0.0,tr|A0A646L821|A0A646L821_VIBPH Pimeloyl-ACP methyl ester esterase BioH OS=Vibrio parahaemolyticus OX=670 GN=bioH PE=4 SV=1,MSTNLHWQSFGQGPDLVLLHGWGMNGAVWQQTVESLQADFCVHVVDLPGYGFSAEHHGEDLAQIAAMVLKDAPEKAVWLGWSLGGLVATSIALNAPQRVSKLITVASSPKFAAEKPWRGIQPNVLSAFTSQLLEDFSLTIERFMALQAMGSPSARKDVKQLKQAVLSRPQPNPESLLVGLNILADADLRDALISLTMPMLRLYGRLDGLVPIKVATDLSQQLPHTQQFVFSQSSHAPFMTEHDEFCAKVRDFARD,519,1337,255,99.216,253,2,253,0,0,99.22,100,/stor/scratch/Wilke/contig/database/metagenomic_contig_database/EMBL_EBI/EBI/nn/NNEL01.fasta.gz
ENA|NNEL01000015|NNEL01000015.1,42208..140677,tr|A0A0D1FSM9|A0A0D1FSM9_VIBPH Whole genome shotgun sequence OS=Vibrio parahaemolyticus 49 OX=1288779 GN=H320_07945 PE=4 SV=1,129043..129768,lcl|129043|129768|1|1,1,tr|A0A0D1FSM9|A0A0D1FSM9_VIBPH,0.0,tr|A0A0D1FSM9|A0A0D1FSM9_VIBPH Whole genome shotgun sequence OS=Vibrio parahaemolyticus 49 OX=1288779 GN=H320_07945 PE=4 SV=1,MLSHHWQNIMHRVLSSQCGLCRFPILAAAQPNALRWCDHCYQYLTPVKRCQRCGLSLKAEEANIESICGECLSEPPPWQRLFTLGDYDFPLSREVQRFKDHGQTWHVRALTQLLAQRISTPAPLITTVPLHWQRYFYRGFNQSDILARHLAGHLNVRFDNHVFRRVKHVQSQRGYKKSSREQNLKGAFTLNQPPKYNHVAIVDDVVTTGSTVRQLCHLLLEVGVETVDIYCICRTPAPGAV,504,1299,241,100.000,241,0,241,0,0,100.00,100,/stor/scratch/Wilke/contig/database/metagenomic_contig_database/EMBL_EBI/EBI/nn/NNEL01.fasta.gz
ENA|NNEL01000015|NNEL01000015.1,42208..140677,tr|S5III6|S5III6_VIBPH Fe/S biogenesis protein NfuA OS=Vibrio parahaemolyticus O1:Kuk str. FDA_R31 OX=1338034 GN=nfuA PE=3 SV=1,130124..130450,lcl|130124|130450|2|1,1,tr|S5III6|S5III6_VIBPH,3.95e-73,tr|S5III6|S5III6_VIBPH Fe/S biogenesis protein NfuA OS=Vibrio parahaemolyticus O1:Kuk str. FDA_R31 OX=1338034 GN=nfuA PE=3 SV=1,MGSQLTLKAPNAKMRKVSDDAPLVERVEYVIQTQVNPQLAGHGGHVNLVEITEAGVAIVAFGGGCNGCSMVDVTLKEGIEKELLNQFVGELTAVRDATEHDRGDHSYY,224,571,108,100.000,108,0,108,0,0,100.00,100,/stor/scratch/Wilke/contig/database/metagenomic_contig_database/EMBL_EBI/EBI/nn/NNEL01.fasta.gz
ENA|NNEL01000015|NNEL01000015.1,42208..140677,tr|Q87TC5|Q87TC5_VIBPA MutT/nudix family protein OS=Vibrio parahaemolyticus serotype O3:K6 (strain RIMD 2210633) OX=223926 GN=VP0145 PE=4 SV=1,130671..131240,lcl|130671|131240|3|1,1,tr|Q87TC5|Q87TC5_VIBPA,1.56e-137,tr|Q87TC5|Q87TC5_VIBPA MutT/nudix family protein OS=Vibrio parahaemolyticus serotype O3:K6 (strain RIMD 2210633) OX=223926 GN=VP0145 PE=4 SV=1,MSKRTPPEILSCQTVARSKLFAVEALDLRFSNGEHRTYERMKPSGRDAVMVVPVTEQGDLLLVREYAAGTERYELGFPKGLIDPGETPHQAADRELKEEIGFGCKELTPLKQVILAPSYFSSKMTLFLGQSLYPEKQEGDEPEPLEIVRWPLAQAEELLTHLDFCEARSITALMLALKHLPNTTHNNNQ,390,1003,189,100.000,189,0,189,0,0,100.00,100,/stor/scratch/Wilke/contig/database/metagenomic_contig_database/EMBL_EBI/EBI/nn/NNEL01.fasta.gz
ENA|NNEL01000015|NNEL01000015.1,42208..140677,"tr|S5IPE2|S5IPE2_VIBPH 3'(2'),5'-bisphosphate nucleotidase CysQ OS=Vibrio parahaemolyticus O1:Kuk str. FDA_R31 OX=1338034 GN=cysQ PE=3 SV=1",131282..132109,lcl|131282|132109|2|1,1,tr|S5IPE2|S5IPE2_VIBPH,0.0,"tr|S5IPE2|S5IPE2_VIBPH 3'(2'),5'-bisphosphate nucleotidase CysQ OS=Vibrio parahaemolyticus O1:Kuk str. FDA_R31 OX=1338034 GN=cysQ PE=3 SV=1",MPMTKDLSHLLPQVIEIARSAGQMILDIYEKKQYEAYTKSDETPVTSADIAAHKLITERLSELTPDIPVLSEEAADISLEQRAQWQRYWLVDPLDGTQEFIARSGDFATIIALIDNNKPAMGVVYGPVSGVTYYAYSGKGAWKIPDMSESVKIHTHKHEQAGQNIAIAISRRQDINRITSRMSSAWNYDLIPLGSAALKACLVAEGAVDCYLRLGPTGEWDTAATQCIVEEAGGRILSTHLEPLSYNERETLENPNFIVLGDTDLPWDDILQRKD,568,1464,275,100.000,275,0,275,0,0,100.00,100,/stor/scratch/Wilke/contig/database/metagenomic_contig_database/EMBL_EBI/EBI/nn/NNEL01.fasta.gz
ENA|NNEL01000015|NNEL01000015.1,42208..140677,tr|A0A2S1MDJ3|A0A2S1MDJ3_VIBPH General secretion pathway protein N OS=Vibrio parahaemolyticus OX=670 GN=C9I78_15495 PE=3 SV=1,133096..132395,lcl|133096|132395|1|-1,-1,tr|A0A2S1MDJ3|A0A2S1MDJ3_VIBPH,1.32e-169,tr|A0A2S1MDJ3|A0A2S1MDJ3_VIBPH General secretion pathway protein N OS=Vibrio parahaemolyticus OX=670 GN=C9I78_15495 PE=3 SV=1,MGLPVSWVLQQAPTVKGLDIQGAHGSVWQGQASSVRWQRQNLGQVNWDFQWSSLFTGKAEFSVRFGRGSDMNIRGRGLVGYSLSDGPYAENLVASIPASKAVEQARLPVPVGVDGQLELNIRHATYAAPWCKTGEGTLVWSASGIQSPVGSLELGPVIADLKCQDSVLTASGEQTSKQVSSAFSAELMPNQRYSTKAWFKPGADFPSSMGEQLKWLGQPNAQGQYEFDYKGRF,476,1225,233,100.000,233,0,233,0,0,100.00,100,/stor/scratch/Wilke/contig/database/metagenomic_contig_database/EMBL_EBI/EBI/nn/NNEL01.fasta.gz
ENA|NNEL01000015|NNEL01000015.1,42208..140677,tr|Q87TC8|Q87TC8_VIBPA Type II secretion system protein M OS=Vibrio parahaemolyticus serotype O3:K6 (strain RIMD 2210633) OX=223926 GN=VP0142 PE=3 SV=1,133652..133158,lcl|133652|133158|3|-1,-1,tr|Q87TC8|Q87TC8_VIBPA,7.07e-113,tr|Q87TC8|Q87TC8_VIBPA Type II secretion system protein M OS=Vibrio parahaemolyticus serotype O3:K6 (strain RIMD 2210633) OX=223926 GN=VP0142 PE=3 SV=1,MMKNLISQAQAWWSGISLREQRLVLGCGAFAILGILYWGLLQPMSQRAELAQSRIQSEKQLLTWVQDKADDITALRKSGGVSFSNQPLNQLVSSSARRFKVELIRVQPRNDSVQVWIKPLAFNQLVDWLRYLKEQQGIEVEFLDIDRTDQAGMIDVNRLQFKRG,326,836,164,99.390,163,1,163,0,0,99.39,100,/stor/scratch/Wilke/contig/database/metagenomic_contig_database/EMBL_EBI/EBI/nn/NNEL01.fasta.gz
ENA|NNEL01000015|NNEL01000015.1,42208..140677,tr|A0A2S1MDK2|A0A2S1MDK2_VIBPH Type II secretion system protein L OS=Vibrio parahaemolyticus OX=670 GN=gspL PE=3 SV=1,134622..133657,lcl|134622|133657|2|-1,-1,tr|A0A2S1MDK2|A0A2S1MDK2_VIBPH,0.0,tr|A0A2S1MDK2|A0A2S1MDK2_VIBPH Type II secretion system protein L OS=Vibrio parahaemolyticus OX=670 GN=gspL PE=3 SV=1,MLPYLIEDEVAQDVDSLHFTVLGKQADKAQVCAVERAWVQTVLQRFASQGLIIKRILPDVLALPVSDDNSSAALIGEQWLIRHSETEGAVVDSAWLDLYLSSYLQNHEGWQLECYSSVPESTVESVWVPKPEEMTMALLAKGVVSSKTNLLTGEFKPKSSWGKYWKVWQKAAIAAGVLLVVVVAQQLLVVHKYEAQAQAYREESERIFRQVFPNKNRIPTVSYLKRQMTDEERRLSGGSTDVAMLSWLAALPATLGQVKDLEITSFKYDGQRGEVRIHARSSDFQPFEQARVKLAEKFNVEQGQLNRSDNVVMGSFVLKRQ,655,1691,321,99.688,320,1,320,0,0,99.69,100,/stor/scratch/Wilke/contig/database/metagenomic_contig_database/EMBL_EBI/EBI/nn/NNEL01.fasta.gz
ENA|NNEL01000015|NNEL01000015.1,42208..140677,tr|A0A4S3TDX6|A0A4S3TDX6_VIBPH Type II secretion system protein K OS=Vibrio parahaemolyticus OX=670 GN=CGI34_13940 PE=3 SV=1,135889..134828,lcl|135889|134828|1|-1,-1,tr|A0A4S3TDX6|A0A4S3TDX6_VIBPH,0.0,tr|A0A4S3TDX6|A0A4S3TDX6_VIBPH Type II secretion system protein K OS=Vibrio parahaemolyticus OX=670 GN=CGI34_13940 PE=3 SV=1,MASLRKVKETKHRRATTMANRQRGVALIIVLMLLAIMATIAATMSERLFLQFQRGSNQIHYQQAYWYSVGVEALAEVGIEQSYKDSDTINLSQPWAIKEQVYPLDYGQAAGRIWDKQACFNLNVLSRVQPTGQQTTRPYLVQVLQRLLEESDVEPYQAEVIADSTWEYIDSDSTVRSTTGVEDSTYESMKPSYLAANGWMADKTELRAVYQVSGEIYQKIEPLVCAIPSDDWRLNVNTVEVEQAPILVAMFSPNLSSSDAVQLIEKRPFDGWDSVDEFLAESELTGLSDDVKKNAKGYLGVDSSFFELDAQVLVDDSRVRIRSLLQSTNRETVTVVRRRFGGISERVSDRSAE,689,1778,336,100.000,336,0,336,0,0,100.00,95,/stor/scratch/Wilke/contig/database/metagenomic_contig_database/EMBL_EBI/EBI/nn/NNEL01.fasta.gz
ENA|NNEL01000015|NNEL01000015.1,42208..140677,tr|S5IYD7|S5IYD7_VIBPH Type II secretion system protein J OS=Vibrio parahaemolyticus O1:Kuk str. FDA_R31 OX=1338034 GN=M634_02695 PE=3 SV=1,136514..135831,lcl|136514|135831|3|-1,-1,tr|S5IYD7|S5IYD7_VIBPH,2.05e-165,tr|S5IYD7|S5IYD7_VIBPH Type II secretion system protein J OS=Vibrio parahaemolyticus O1:Kuk str. FDA_R31 OX=1338034 GN=M634_02695 PE=3 SV=1,MWRSKPNRANKRRAAKGFTLIEVLVSIAIFASLSVAAYQVVSQVQRSNELSQERTQRLNELQRAMVMMDNDFRQMALRQTRTNGEDPAGQLIFWSDYLLDSDVKGLMFARVGWHNPQQQFPRGEVTKVGYRVKEETLLRVWWRYPDTPVGQEGIVTPLLTQVESFDMRFYDGKQWKKEWDSNKELPKAVSVVLKLKDYGEIARTYLTPDGKLAESERNKASEGNNNG,464,1194,227,99.119,225,2,225,0,0,99.12,100,/stor/scratch/Wilke/contig/database/metagenomic_contig_database/EMBL_EBI/EBI/nn/NNEL01.fasta.gz
ENA|NNEL01000015|NNEL01000015.1,42208..140677,tr|A0A0L8CC10|A0A0L8CC10_VIBPH General secretion pathway protein GspI OS=Vibrio parahaemolyticus OX=670 GN=WR32_06530 PE=3 SV=1,136896..136501,lcl|136896|136501|2|-1,-1,tr|A0A0L8CC10|A0A0L8CC10_VIBPH,1.52e-90,tr|A0A0L8CC10|A0A0L8CC10_VIBPH General secretion pathway protein GspI OS=Vibrio parahaemolyticus OX=670 GN=WR32_06530 PE=3 SV=1,MRMRNFKQTQPNLNRRRVRGMTLLEVLVALAIFATAAISVIRSVSQHINTVSYLEEKMFAAMVVDNQMANVMLDTGALKAKNGTEELAGRTWYWKVTPVATTQPLLKAFDVSVATAKNASPVVTVRSYVAQ,267,682,131,100.000,131,0,131,0,0,100.00,100,/stor/scratch/Wilke/contig/database/metagenomic_contig_database/EMBL_EBI/EBI/nn/NNEL01.fasta.gz
ENA|NNEL01000015|NNEL01000015.1,42208..140677,tr|S5IMT7|S5IMT7_VIBPH General secretion pathway protein H OS=Vibrio parahaemolyticus O1:Kuk str. FDA_R31 OX=1338034 GN=M634_02685 PE=4 SV=1,137482..136877,lcl|137482|136877|1|-1,-1,tr|S5IMT7|S5IMT7_VIBPH,1.90e-142,tr|S5IMT7|S5IMT7_VIBPH General secretion pathway protein H OS=Vibrio parahaemolyticus O1:Kuk str. FDA_R31 OX=1338034 GN=M634_02685 PE=4 SV=1,MKQMRKHNGFTLIEILLVLVLLSLTAVAVITTLPTSQKDLSKQYAQSFFQRLQLLNEEAVLSGKDFGVRVDDTKKTYTLLSLTAEGWKPLEMKQIPSKTKLEDDIALQLDLGGGAWDKDDRLFEPGSLFEDMFADETEEKKVKPPQVFIFSSAEVTPFTLSFFPQKGDAFNDGWRVIGKESGQILLVAPGEEVEEDANAQF,404,1038,201,100.000,201,0,201,0,0,100.00,100,/stor/scratch/Wilke/contig/database/metagenomic_contig_database/EMBL_EBI/EBI/nn/NNEL01.fasta.gz
ENA|NNEL01000015|NNEL01000015.1,42208..140677,tr|Q87TD4|Q87TD4_VIBPA Type II secretion system core protein G OS=Vibrio parahaemolyticus serotype O3:K6 (strain RIMD 2210633) OX=223926 GN=VP0136 PE=3 SV=1,137947..137504,lcl|137947|137504|1|-1,-1,tr|Q87TD4|Q87TD4_VIBPA,1.22e-103,tr|Q87TD4|Q87TD4_VIBPA Type II secretion system core protein G OS=Vibrio parahaemolyticus serotype O3:K6 (strain RIMD 2210633) OX=223926 GN=VP0136 PE=3 SV=1,MKFKRSKQHGFTLLEVMVVVVILGILASFVVPNLLGNKEKADQQKAITDIVALENALDMYKLDNSVYPTTDQGLDALVTKPSNPEPRNYRDGGYIKRLPNDPWGNAYQYLSPGDNGTIDIFTLGADGQEGGEGPAADIGNWNMQDFQ,301,772,147,100.000,147,0,147,0,0,100.00,100,/stor/scratch/Wilke/contig/database/metagenomic_contig_database/EMBL_EBI/EBI/nn/NNEL01.fasta.gz
ENA|NNEL01000015|NNEL01000015.1,42208..140677,tr|Q87TD5|Q87TD5_VIBPA General secretion pathway protein F OS=Vibrio parahaemolyticus serotype O3:K6 (strain RIMD 2210633) OX=223926 GN=VP0135 PE=3 SV=1,139226..138009,lcl|139226|138009|3|-1,-1,tr|Q87TD5|Q87TD5_VIBPA,0.0,tr|Q87TD5|Q87TD5_VIBPA General secretion pathway protein F OS=Vibrio parahaemolyticus serotype O3:K6 (strain RIMD 2210633) OX=223926 GN=VP0135 PE=3 SV=1,MAAFEYKALDAKGKQKKGTIEGDNARQVRQRLKEQGMIPVEVVEAKAKAAKSSGSVGFKRGIKTAELALITRQLSTLVQSGMPLEECLRAVSEQAEKPRIRTMIAAVRSKVTEGYPLADSLGDYPHVFDELFRSMVAAGEKSGHLDTVLERLAEYVENRQKMRSKLLQAMIYPVVLVVFAVAIVSFLLATVVPKIIEPIIQMGQELPQSTQFLLAASEFVQEWGLIIFAVLVVCFYGLKLALQKPDFRLSWDRKIISLPLVGKISKGLNTARFARTLSICTSSAIPILEGMRVAVDVMSNRYVKQQVLIAADNVREGASLRKALDQTRLFPPMMLHMIASGEQSGELESMLTRAADNQDQNFESTVNIALGVFTPALIALMAGLVLFIVMATLMPMLEMNNLMSG,824,2128,405,100.000,405,0,405,0,0,100.00,100,/stor/scratch/Wilke/contig/database/metagenomic_contig_database/EMBL_EBI/EBI/nn/NNEL01.fasta.gz
