ENA|ORQB01000009|ORQB01000009.1,66109..170691,tr|A0A1X2YR17|A0A1X2YR17_BIFAD Uncharacterized protein OS=Bifidobacterium adolescentis OX=1680 GN=B0487_2103 PE=4 SV=1,68321..68674,lcl|68321|68674|2|1,1,tr|A0A1X2YR17|A0A1X2YR17_BIFAD,4.98e-77,tr|A0A1X2YR17|A0A1X2YR17_BIFAD Uncharacterized protein OS=Bifidobacterium adolescentis OX=1680 GN=B0487_2103 PE=4 SV=1,MEEVGNQAADTAGRTLGDVLTVFFSWVFTPTGAILTLLMIIICAGSVVFAILQKSTRALMTALTICAFLLFVWIITGVLEVMGLPVREWMKDIAAQMPDIGSLFMEFLRKLVFTATE,232,591,117,100.000,117,0,117,0,0,100.00,100,/stor/scratch/Wilke/contig/database/metagenomic_contig_database/EMBL_EBI/EBI/or/ORQB01.fasta.gz
ENA|ORQB01000009|ORQB01000009.1,66109..170691,tr|A0A1X2YR26|A0A1X2YR26_BIFAD Chromosome partitioning protein parA OS=Bifidobacterium adolescentis OX=1680 GN=B0487_2102 PE=4 SV=1,68870..69574,lcl|68870|69574|2|1,1,tr|A0A1X2YR26|A0A1X2YR26_BIFAD,6.67e-160,tr|A0A1X2YR26|A0A1X2YR26_BIFAD Chromosome partitioning protein parA OS=Bifidobacterium adolescentis OX=1680 GN=B0487_2102 PE=4 SV=1,MIPSTPEAEKGNQNMRVKNHTVIITVAIIKGGSGKTTTSMALAELLHKRGEQVTVLDSDNTGGATMWEMYVEQENRRRRQDNPDAKPYTLGFPVVQTNEAVLNNPELIREKYSGWVIIDTPPSDAGVVQAAINAGDVVIIPCQPSVSDLTHAGRTYAAARNGIVLLTRVKPRTKLARNSISELDEEGIARFETVITEREAVKNMYGTTEIDNKEYSSVVQELIDYLSEINLVEE,450,1158,220,100.000,220,0,220,0,0,100.00,94,/stor/scratch/Wilke/contig/database/metagenomic_contig_database/EMBL_EBI/EBI/or/ORQB01.fasta.gz
ENA|ORQB01000009|ORQB01000009.1,66109..170691,tr|A0A1X2YR25|A0A1X2YR25_BIFAD Uncharacterized protein OS=Bifidobacterium adolescentis OX=1680 GN=B0487_2101 PE=4 SV=1,69605..70060,lcl|69605|70060|2|1,1,tr|A0A1X2YR25|A0A1X2YR25_BIFAD,9.40e-109,tr|A0A1X2YR25|A0A1X2YR25_BIFAD Uncharacterized protein OS=Bifidobacterium adolescentis OX=1680 GN=B0487_2101 PE=4 SV=1,MVKNIKRNAFATGMQDKRDMRPLESPENISEPNTEQEPTQAVPETREPSDQSVQTSADMHAQTLTEEEADRRARLITDITHPETPAPSETHQPPKEKRIGSNVTVENWRAWKMRSIEYGTKQAVLLNAAMDYCFQQGHFDQTLIDKYEQKE,315,806,151,99.338,150,1,151,0,0,100.00,100,/stor/scratch/Wilke/contig/database/metagenomic_contig_database/EMBL_EBI/EBI/or/ORQB01.fasta.gz
ENA|ORQB01000009|ORQB01000009.1,66109..170691,tr|A0A1X2YR18|A0A1X2YR18_BIFAD Plasmid encoded RepA protein (Relaxase) OS=Bifidobacterium adolescentis OX=1680 GN=B0487_2100 PE=4 SV=1,70953..70084,lcl|70953|70084|1|-1,-1,tr|A0A1X2YR18|A0A1X2YR18_BIFAD,4.39e-75,tr|A0A1X2YR18|A0A1X2YR18_BIFAD Plasmid encoded RepA protein (Relaxase) OS=Bifidobacterium adolescentis OX=1680 GN=B0487_2100 PE=4 SV=1,MTNHSKDLYKSNTYNYTPSVMSKLSFLPQSKPESQSMRKINGNSSITVSASTGEWAYGAAPRMFLIHIRSLIKNSSDCVDAENHTVYLDDTYRSFCKSTGIHYSGSSKETVMNMVRNLATTSIVLENWSTGGFTAHSFFVANIVSLNYDDDGAKKSYIKFSPEMWALLTENCVPLNPSIVRQLRNDALALDVYQWLAFRAHAMRHETRVTWEALLMQFKYDGYPMREFKRKFRRALEKIQLAWPELKAEITETGVIVRPSLPSIQSADNSIDTDASVTDDDESTNPFLL,241,615,264,45.076,119,142,172,3,3,65.15,91,/stor/scratch/Wilke/contig/database/metagenomic_contig_database/EMBL_EBI/EBI/or/ORQB01.fasta.gz
ENA|ORQB01000009|ORQB01000009.1,66109..170691,tr|A0A1X2YR27|A0A1X2YR27_BIFAD Aromatic ring-opening dioxygenase LigA OS=Bifidobacterium adolescentis OX=1680 GN=B0487_2099 PE=4 SV=1,71724..72971,lcl|71724|72971|3|1,1,tr|A0A1X2YR27|A0A1X2YR27_BIFAD,0.0,tr|A0A1X2YR27|A0A1X2YR27_BIFAD Aromatic ring-opening dioxygenase LigA OS=Bifidobacterium adolescentis OX=1680 GN=B0487_2099 PE=4 SV=1,MGQQKAKQNPNNETDLFADEKERKDEIELTAWKKALKNTQKWKVLIILFICTGLVAPMVSVRAINTLNEMGSYLTEKYKEISGDKPGKQVALQAVYSWLDDDKGAFQYGYANLWWNGATEVSTSTSDDSNGSTTQYWSHQMSLTDKSDGSTRDITQLVAVTDGVATAVGTPTVLPKTVTSNSNTDTYRPDDYIQLDQNTSLTNVVSAWSKAYIGKDSNALTVLVGDPNSDHMYQPASLGSYLNSSLDWLVQCTKDGKTVDKQNKSDNPEWAAASVSISFKPYEKKVDASTANDPNADTGSTSNVETSVTVLIHNPTRGSAKIVDWGAEGSLTTLKAFSNAIDRSLIGSSSSDDDDDSSSDFSSSDSGSGSGDGDSSDNDSDSSDGQSSDDNDGSSSSQNSDDGSVTGDPGEGPND,706,1823,347,99.712,346,1,347,0,0,100.00,84,/stor/scratch/Wilke/contig/database/metagenomic_contig_database/EMBL_EBI/EBI/or/ORQB01.fasta.gz
ENA|ORQB01000009|ORQB01000009.1,66109..170691,tr|A0A1X2YR15|A0A1X2YR15_BIFAD Uncharacterized protein OS=Bifidobacterium adolescentis OX=1680 GN=B0487_2097 PE=4 SV=1,73147..74172,lcl|73147|74172|1|1,1,tr|A0A1X2YR15|A0A1X2YR15_BIFAD,0.0,tr|A0A1X2YR15|A0A1X2YR15_BIFAD Uncharacterized protein OS=Bifidobacterium adolescentis OX=1680 GN=B0487_2097 PE=4 SV=1,MAKKKGGMSAGSLIGGILVVLTAMVLIVNLGLWTPMSKIFGLPEINSLSQLMPGEDSKVKPDVKLGLKEPSLKSSGSNSQTNTPEATETPSETTQTQNGDNSSSQAQKASTSVPDGALSPIATKQALDKLADIETATPHTKGYNRKTDFGTWQNSNQLCGYGTTRDYILKRDMTDVTMDKNCKVLTGTLQDPYTGKTIKFQRDTYETVNGKQKKTGGDSMAVQIDHVVAVNDAWASGLWKDSRKGDRITYANDPEVLVASEGEANNIKQQGVNLVKDEALNGSSTKWKDATPSIWLPSNKTYQCSYMAKRVYIKDKYKLSMSSWEKAETKSFLTQCVADGN,685,1767,341,97.654,333,8,336,0,0,98.53,100,/stor/scratch/Wilke/contig/database/metagenomic_contig_database/EMBL_EBI/EBI/or/ORQB01.fasta.gz
ENA|ORQB01000009|ORQB01000009.1,66109..170691,tr|A0A1X2YR19|A0A1X2YR19_BIFAD Uncharacterized protein OS=Bifidobacterium adolescentis OX=1680 GN=B0487_2096 PE=4 SV=1,74506..74294,lcl|74506|74294|3|-1,-1,tr|A0A1X2YR19|A0A1X2YR19_BIFAD,1.09e-36,tr|A0A1X2YR19|A0A1X2YR19_BIFAD Uncharacterized protein OS=Bifidobacterium adolescentis OX=1680 GN=B0487_2096 PE=4 SV=1,MVPPPKKESTHGWRNPKHTPREERSTETGEETRWWKIYHENPVSTVTVNDLEHSSGEKPEKQEKFSQQGV,126,316,65,95.385,62,3,63,0,0,96.92,93,/stor/scratch/Wilke/contig/database/metagenomic_contig_database/EMBL_EBI/EBI/or/ORQB01.fasta.gz
ENA|ORQB01000009|ORQB01000009.1,66109..170691,tr|A0A1X2YR20|A0A1X2YR20_BIFAD Uncharacterized protein OS=Bifidobacterium adolescentis OX=1680 GN=B0487_2095 PE=4 SV=1,74605..74976,lcl|74605|74976|1|1,1,tr|A0A1X2YR20|A0A1X2YR20_BIFAD,2.41e-84,tr|A0A1X2YR20|A0A1X2YR20_BIFAD Uncharacterized protein OS=Bifidobacterium adolescentis OX=1680 GN=B0487_2095 PE=4 SV=1,MSNYFNSIEHQINLMLDREQDLQDEQEQRLRDIHDGVGDYVLLPEGDPWNIDDYEQDPQPTNVNNTCSHGLYVDEGVKSGTMYHLNPDLGLWAACDDYEDIEKMVREGKTLTQPIDDYDSKLA,251,640,123,97.561,120,3,122,0,0,99.19,100,/stor/scratch/Wilke/contig/database/metagenomic_contig_database/EMBL_EBI/EBI/or/ORQB01.fasta.gz
ENA|ORQB01000009|ORQB01000009.1,66109..170691,tr|A0A1X2YR12|A0A1X2YR12_BIFAD Uncharacterized protein OS=Bifidobacterium adolescentis OX=1680 GN=B0487_2093 PE=4 SV=1,75346..76146,lcl|75346|76146|1|1,1,tr|A0A1X2YR12|A0A1X2YR12_BIFAD,1.79e-169,tr|A0A1X2YR12|A0A1X2YR12_BIFAD Uncharacterized protein OS=Bifidobacterium adolescentis OX=1680 GN=B0487_2093 PE=4 SV=1,MNDSRKRNTSKRRKPEYLEYQNNTVNKNCLYSNGDREAVLQTIFRRGVLPQVVVYALGLLVAVWLLAYSNSLTGGWKIIFLFLSILNFVSGIRGLVKVSASWTTLRDCAYPNIDANAAETWDLAVWLANSPQFGGTPIRDMRQQELREALDEYGPLFLANNPEDVTVQLNRLERLMHDVDWTGQYVHALLLFRQLKDSHLKYWSQLDGAYWQTLIKLTSGMRLENLREDVQLSPHRMVILDGLQINCGLHGTAGKYTVGYEDGGVL,477,1227,249,93.574,233,16,239,0,0,95.98,94,/stor/scratch/Wilke/contig/database/metagenomic_contig_database/EMBL_EBI/EBI/or/ORQB01.fasta.gz
ENA|ORQB01000009|ORQB01000009.1,66109..170691,tr|A0A1X2YR16|A0A1X2YR16_BIFAD Uncharacterized protein OS=Bifidobacterium adolescentis OX=1680 GN=B0487_2092 PE=4 SV=1,76155..76460,lcl|76155|76460|3|1,1,tr|A0A1X2YR16|A0A1X2YR16_BIFAD,3.04e-59,tr|A0A1X2YR16|A0A1X2YR16_BIFAD Uncharacterized protein OS=Bifidobacterium adolescentis OX=1680 GN=B0487_2092 PE=4 SV=1,MLRDVRTGRIHMFSNNCWMLRDWVAKNIGLEENGVALIRRLDLLEMEKYSTKMMDNPESSSEEYRQAKTMHDGVVRTFKEMSPVARLEYWDCLNDTPVNIL,185,470,90,97.778,88,2,88,0,0,97.78,89,/stor/scratch/Wilke/contig/database/metagenomic_contig_database/EMBL_EBI/EBI/or/ORQB01.fasta.gz
ENA|ORQB01000009|ORQB01000009.1,66109..170691,tr|A0A1X2YR14|A0A1X2YR14_BIFAD Uncharacterized protein OS=Bifidobacterium adolescentis OX=1680 GN=B0487_2091 PE=4 SV=1,76537..76941,lcl|76537|76941|1|1,1,tr|A0A1X2YR14|A0A1X2YR14_BIFAD,3.91e-87,tr|A0A1X2YR14|A0A1X2YR14_BIFAD Uncharacterized protein OS=Bifidobacterium adolescentis OX=1680 GN=B0487_2091 PE=4 SV=1,MAGISEGETRILYNIEKGRLTADILKSNIGRRLLDAGLIRRNGQSAPSLTKDGMRLVSTLAQGEADRPIRLYERNSETLLRQAGQGTANAYKAGFENAAVELLNDKLVHLDIATGALTPLPAGRELLERLEQTA,259,662,134,96.269,129,5,133,0,0,99.25,100,/stor/scratch/Wilke/contig/database/metagenomic_contig_database/EMBL_EBI/EBI/or/ORQB01.fasta.gz
ENA|ORQB01000009|ORQB01000009.1,66109..170691,tr|A0A1A3NK87|A0A1A3NK87_MYCAS Methyltransferase OS=Mycobacterium asiaticum OX=1790 GN=A5635_21615 PE=3 SV=1,77406..77894,lcl|77406|77894|3|1,1,tr|A0A1A3NK87|A0A1A3NK87_MYCAS,3.27e-47,tr|A0A1A3NK87|A0A1A3NK87_MYCAS Methyltransferase OS=Mycobacterium asiaticum OX=1790 GN=A5635_21615 PE=3 SV=1,MPESVKDRPSKSYEHIFLFSKTEKYYYDYQSVRQRQSEKTIEDLAHRHTFGNKSAYGGVREDLGRDRREYVASDGRRNLRDVWMLPTRPYAGAHFAAFPVDIPLTCIQAGCKPGGVTLDPFNGSGTTGLAAAMLGRRYIGVDLSQQYLELSLRDRLNQPAFV,165,418,165,49.697,82,79,108,1,4,65.45,99,/stor/scratch/Wilke/contig/database/metagenomic_contig_database/EMBL_EBI/EBI/or/ORQB01.fasta.gz
ENA|ORQB01000009|ORQB01000009.1,66109..170691,tr|A0A1X2YR10|A0A1X2YR10_BIFAD Uncharacterized protein OS=Bifidobacterium adolescentis OX=1680 GN=B0487_2090 PE=4 SV=1,77908..78111,lcl|77908|78111|1|1,1,tr|A0A1X2YR10|A0A1X2YR10_BIFAD,7.29e-35,tr|A0A1X2YR10|A0A1X2YR10_BIFAD Uncharacterized protein OS=Bifidobacterium adolescentis OX=1680 GN=B0487_2090 PE=4 SV=1,MLSLLSQQNVLIALAVGAIILALMFLIPAVEELVGTYTPLGEFCKRPNTRWAVVILTIVAVLTVVVI,121,304,67,94.030,63,4,64,0,0,95.52,100,/stor/scratch/Wilke/contig/database/metagenomic_contig_database/EMBL_EBI/EBI/or/ORQB01.fasta.gz
ENA|ORQB01000009|ORQB01000009.1,66109..170691,tr|A0A1X2YR05|A0A1X2YR05_BIFAD Uncharacterized protein OS=Bifidobacterium adolescentis OX=1680 GN=B0487_2087 PE=4 SV=1,78665..79174,lcl|78665|79174|2|1,1,tr|A0A1X2YR05|A0A1X2YR05_BIFAD,7.87e-56,tr|A0A1X2YR05|A0A1X2YR05_BIFAD Uncharacterized protein OS=Bifidobacterium adolescentis OX=1680 GN=B0487_2087 PE=4 SV=1,MFLTWSWRTFWSRSSSSVCWPVRRYDLSAIGKPTRWLPWWQRGSPSLSGWWFSRGGTEILDVFDKLSYSGTVHTYRPKGENQMTVNELIEQLKNLPKEVRERPIMDGNPNDEYWLSDLRAISVAKVVVSGDGACNMYDPVLSDEENIEELENRYDMSMHVEHRALAFFN,179,455,87,98.851,86,1,86,0,0,98.85,51,/stor/scratch/Wilke/contig/database/metagenomic_contig_database/EMBL_EBI/EBI/or/ORQB01.fasta.gz
ENA|ORQB01000009|ORQB01000009.1,66109..170691,tr|A0A1X2YR13|A0A1X2YR13_BIFAD Uncharacterized protein OS=Bifidobacterium adolescentis OX=1680 GN=B0487_2086 PE=4 SV=1,78996..79640,lcl|78996|79640|3|1,1,tr|A0A1X2YR13|A0A1X2YR13_BIFAD,4.14e-103,tr|A0A1X2YR13|A0A1X2YR13_BIFAD Uncharacterized protein OS=Bifidobacterium adolescentis OX=1680 GN=B0487_2086 PE=4 SV=1,MNTGCPTSARFQSPRSLYPAMALVTCTTRYFPTRKTSKNWKTDTTCQCMSNIGHWHSSIEIGVVQMDANTPINIPIRLEQWIHDNYMEVETIIIDARTILDATDFDNLPEWEDWGADFIAEDAQRIGLLRMWSGPFTVELFNCDEYPDYLEWRKTHKTVEGAAEHILDLSKKELLWRIEETKKQLDKYVSQYEALSGENPRQTSGTALVGRPLV,303,776,149,97.987,146,3,147,0,0,98.66,70,/stor/scratch/Wilke/contig/database/metagenomic_contig_database/EMBL_EBI/EBI/or/ORQB01.fasta.gz
ENA|ORQB01000009|ORQB01000009.1,66109..170691,tr|A0A1X2YR08|A0A1X2YR08_BIFAD Uncharacterized protein OS=Bifidobacterium adolescentis OX=1680 GN=B0487_2085 PE=4 SV=1,79667..80035,lcl|79667|80035|2|1,1,tr|A0A1X2YR08|A0A1X2YR08_BIFAD,2.11e-81,tr|A0A1X2YR08|A0A1X2YR08_BIFAD Uncharacterized protein OS=Bifidobacterium adolescentis OX=1680 GN=B0487_2085 PE=4 SV=1,MVYKNTPDNWAARRVLAISYSPDGRYKETLFEREEDGNYYAGCGRFYASDIEDRTKFYPIPDDEKLSRWVLKDGTVITSSENSDILNPEAMRVMTFDGTCIVIPTEQLNYVQDMCEDTNAGY,243,620,122,95.902,117,5,117,0,0,95.90,100,/stor/scratch/Wilke/contig/database/metagenomic_contig_database/EMBL_EBI/EBI/or/ORQB01.fasta.gz
ENA|ORQB01000009|ORQB01000009.1,66109..170691,tr|A0A1X2YR09|A0A1X2YR09_BIFAD Uncharacterized protein OS=Bifidobacterium adolescentis OX=1680 GN=B0487_2084 PE=4 SV=1,79995..80381,lcl|79995|80381|3|1,1,tr|A0A1X2YR09|A0A1X2YR09_BIFAD,5.89e-81,tr|A0A1X2YR09|A0A1X2YR09_BIFAD Uncharacterized protein OS=Bifidobacterium adolescentis OX=1680 GN=B0487_2084 PE=4 SV=1,MCRTCARIPMQDTEQNRWILLDMARAMGGYGYDEMWWADVFEPDELEYSAPDLYEKFVNSSDYDPAAHWFRRKEYGVGFESVTDESLLADAWHMRDDIVELASRRDVWLNIPDIDFVSRIRKLGVVVS,242,618,119,99.160,118,1,119,0,0,100.00,93,/stor/scratch/Wilke/contig/database/metagenomic_contig_database/EMBL_EBI/EBI/or/ORQB01.fasta.gz
ENA|ORQB01000009|ORQB01000009.1,66109..170691,tr|A0A1X2Z2P8|A0A1X2Z2P8_BIFAD Uncharacterized protein OS=Bifidobacterium adolescentis OX=1680 GN=B0487_1612 PE=4 SV=1,83511..83744,lcl|83511|83744|3|1,1,tr|A0A1X2Z2P8|A0A1X2Z2P8_BIFAD,1.36e-49,tr|A0A1X2Z2P8|A0A1X2Z2P8_BIFAD Uncharacterized protein OS=Bifidobacterium adolescentis OX=1680 GN=B0487_1612 PE=4 SV=1,MYTANMKRRANLYLWRGNIPIVDSVQDVRREDIGTVVEKLRMFVGALIDAGYGGDNVLGWRNDPVCVRGTSWFTLEF,159,403,77,100.000,77,0,77,0,0,100.00,100,/stor/scratch/Wilke/contig/database/metagenomic_contig_database/EMBL_EBI/EBI/or/ORQB01.fasta.gz
ENA|ORQB01000009|ORQB01000009.1,66109..170691,tr|A0A1X2Z2Q6|A0A1X2Z2Q6_BIFAD Uncharacterized protein OS=Bifidobacterium adolescentis OX=1680 GN=B0487_1611 PE=4 SV=1,83814..84560,lcl|83814|84560|3|1,1,tr|A0A1X2Z2Q6|A0A1X2Z2Q6_BIFAD,2.96e-145,tr|A0A1X2Z2Q6|A0A1X2Z2Q6_BIFAD Uncharacterized protein OS=Bifidobacterium adolescentis OX=1680 GN=B0487_1611 PE=4 SV=1,MVKEKNMSDKNTTPKLPKYKKTIDTTGFGLSCVTEYGFDDAGLFHHSYTYNYKNRKAVIQVMGSQQPADWHTRQSAYASYYEDGKQVGRTRAYNILENAQIKAVRWIMGFGSDSKAEEAYRAVRLEKSHRNQQICRRIPKPLRMEVEGLANKLGLKIHGDEDNSIVETFVNTYLATAEQNGLIELRERQYGYEKSMTVWLDGDASRKTEDAPDWEKFKETVVEIVPLYLECRRKTAESVGLGEKLAEN,414,1064,195,100.000,195,0,195,0,0,100.00,79,/stor/scratch/Wilke/contig/database/metagenomic_contig_database/EMBL_EBI/EBI/or/ORQB01.fasta.gz
ENA|ORQB01000009|ORQB01000009.1,66109..170691,tr|A0A2N3QN56|A0A2N3QN56_9BIFI Peptidase_M78 domain-containing protein OS=Bifidobacterium pseudolongum subsp. globosum OX=1690 GN=CQR45_1796 PE=4 SV=1,84988..84557,lcl|84988|84557|3|-1,-1,tr|A0A2N3QN56|A0A2N3QN56_9BIFI,1.90e-33,tr|A0A2N3QN56|A0A2N3QN56_9BIFI Peptidase_M78 domain-containing protein OS=Bifidobacterium pseudolongum subsp. globosum OX=1690 GN=CQR45_1796 PE=4 SV=1,MCYEEIKRMVGLARQAPYVFEEELPENINGVYDEETRIIVIDPRLNERQKRCTLTHELFHWTHGDTCCWKQYDDKAESYVRKETAILLINPFEYIQSERIYEGELFPMSVDLNVTVGVLEDYRQILENATKMVGAVFCPNHQD,124,312,137,49.635,68,63,85,2,6,62.04,92,/stor/scratch/Wilke/contig/database/metagenomic_contig_database/EMBL_EBI/EBI/or/ORQB01.fasta.gz
ENA|ORQB01000009|ORQB01000009.1,66109..170691,tr|A0A1X2Z8D1|A0A1X2Z8D1_BIFAD Transposase OS=Bifidobacterium adolescentis OX=1680 GN=AD0028_1976 PE=4 SV=1,88486..90372,lcl|88486|90372|1|1,1,tr|A0A1X2Z8D1|A0A1X2Z8D1_BIFAD,0.0,tr|A0A1X2Z8D1|A0A1X2Z8D1_BIFAD Transposase OS=Bifidobacterium adolescentis OX=1680 GN=AD0028_1976 PE=4 SV=1,MLASANVALAAEVGNPIIVDKTNMFTADETVDLLGGDLGEAANFGLVGFDSVRLNAHTNSNIATEHAYIGAAFGNHANGVDEPEVSYMDKVDGNINVNLPADSKIVFGQSNIIGQTDNGNSWTVNGNKLEMQTGGSLPKSERVLKDSKTVKYLDLEAMEKSMTSLSAKWSKAPESNATHDFSDMNKRHIDVNGDVAHINIDAKELQGNRVTATLGDNTRLIVNVDAEGADNITLPQLDVDGINHAEYAKWTDKGVIYNLTDSKAKDRQYHGNVGTAGASSSVILAPEANVDASQNVEGQIIAKNVTIGGEFHRNSVNVPATRHVEVKLDGQDKTETTPFVVPQPAKDHYRFTVWTTNPDGTGDSYKPGDTVTIIPKNTTLYPQWEAKHLLRYDTNGGNGKYEDSDLPSDVSDTVPSRDGYEFDGWMIDGVKVDSGDSVEDNGSDVTVVAQWTPVKQDVTPTKPETPKDDNKTDNGGNGSEIPKDDKTDTSSKDDNKTDDFKPNTPKDDINTDTPSKGDDSKPETPKDDTDKNDTPSKDDSDKSDNDTKAPSNDKSDVNTPTSDKTADTGKTDTGKKTVGAKNNTQAVQQDGQGLATTGVAVGVIAVAVIVLATAGVILSVAKRHEGNR,854,2207,518,81.274,421,79,462,4,18,89.19,82,/stor/scratch/Wilke/contig/database/metagenomic_contig_database/EMBL_EBI/EBI/or/ORQB01.fasta.gz
ENA|ORQB01000009|ORQB01000009.1,66109..170691,tr|A0A6A2R952|A0A6A2R952_BIFAD IS200/IS605 family element transposase accessory protein TnpB OS=Bifidobacterium adolescentis OX=1680 GN=GA631_08370 PE=3 SV=1,92338..91109,lcl|92338|91109|3|-1,-1,tr|A0A6A2R952|A0A6A2R952_BIFAD,0.0,tr|A0A6A2R952|A0A6A2R952_BIFAD IS200/IS605 family element transposase accessory protein TnpB OS=Bifidobacterium adolescentis OX=1680 GN=GA631_08370 PE=3 SV=1,MVRQQVHKRAYRFRFYPTPEQEQLLRRTVGCCRKVYNLALEARSVAWTAERRSITYVQTSAMLTQWKKTAEYSYMNEVSCVPLQQALRHLQTAFSNFFKQTGDYPRFKAKSHGGSAEYTRSAFKWDAKRNELTLAKMRGPLPIRWSRTLPRKTEPSTVTVSLDAAGRWHVSILVEENIKRLPKKNNAIGIDLGVDSYAVTSDGETIANPRHYKRLAQRLEREQQALSRKTKGSNNHRKAALKVARTYARITDMRRDFLHKLSTRIIRENQTVVLEDLNVKDMAGRCAPKPDPDNPKHWLPNGQSSKSGLNRSIMDAGWSEFRRMLEYKAEWYGRQLVTIDRYYPSTQICSHCGAKTGPKGMSGLKVRAWTCPDCGTTHDRDLNAAENILAAGLAVSVCKDGRTGTKVSH,831,2146,409,96.822,396,13,401,0,0,98.04,100,/stor/scratch/Wilke/contig/database/metagenomic_contig_database/EMBL_EBI/EBI/or/ORQB01.fasta.gz
ENA|ORQB01000009|ORQB01000009.1,66109..170691,tr|A0A0R8V0E3|A0A0R8V0E3_9CAUD Uncharacterized protein OS=Thermobifida phage P1312 OX=1661715 GN=P1312_047 PE=4 SV=1,91112..92431,lcl|91112|92431|2|1,1,tr|A0A0R8V0E3|A0A0R8V0E3_9CAUD,7.24e-40,tr|A0A0R8V0E3|A0A0R8V0E3_9CAUD Uncharacterized protein OS=Thermobifida phage P1312 OX=1661715 GN=P1312_047 PE=4 SV=1,MRDLGSGSAVLADADRKPCGEDVFGCVQIPVMGCSAVRARPCPDLETGHALRSGLRPAMGADLSARIIPVDGYELASVPFGLVFEHSTELRPSGVHDASVQSAFRGLPVGEPVFRIVRVGFWRASSRHVLHVEVFEYHRLVLADYPRAQLVEEVAAHVRDSGVGAGHLEGGFPMVVAALGLAGQRLLFPFEPLGESLVVAWVRYGLAVAGDGVAVHAQVDSDGVVLLGESLDVLFDEDADVPSSGCVQTHGHGARLRLAGQCSGPSYRQWSAHLGEREFVALGIPFERASSVFGASAVGFGLEPRIVAGLLEEVGERRLQVPQRLLQRHAGHFVHVRVFSCFLPLGEHGAGLDVGDAPALRRPCDGTGFQREIVDLSAAADRAPEQLFLLGRRVEAEPVRPLVYLLPDHVSHGSIIICERRKVCFLPALKDRVSANQKR,159,401,403,38.462,155,208,192,11,40,47.64,90,/stor/scratch/Wilke/contig/database/metagenomic_contig_database/EMBL_EBI/EBI/or/ORQB01.fasta.gz
ENA|ORQB01000009|ORQB01000009.1,66109..170691,tr|A0A1X2Z3G5|A0A1X2Z3G5_BIFAD Uncharacterized protein OS=Bifidobacterium adolescentis OX=1680 GN=B0487_1610 PE=4 SV=1,93679..94566,lcl|93679|94566|1|1,1,tr|A0A1X2Z3G5|A0A1X2Z3G5_BIFAD,0.0,tr|A0A1X2Z3G5|A0A1X2Z3G5_BIFAD Uncharacterized protein OS=Bifidobacterium adolescentis OX=1680 GN=B0487_1610 PE=4 SV=1,MAYYDPWREAVENAKELLRLGMPPQKVQERTRLPKSAIDKIAPPILRENAEREAIQEAERALKREHEKILKEKYPCPLCHKGYGIVDGGALTAFLDGSVCRIGAEDETVGKGSPFFRPYYAHCSYRRCPARLIFPRDTREEALKAFLLGEWIRPHPFVSVSDGSEWTYTKQGLASVVSSLMNDYSPEQIKQLGFNPIAVDELANRRALRIAKFNPDAFDLTLMCPKCGSRGEFRKAVNPTNHSKESWCCWWRVGCPRCGARTVNSFPTREQAQSAFEEGDLLREPKIDKSESGKD,607,1564,295,98.644,291,4,294,0,0,99.66,100,/stor/scratch/Wilke/contig/database/metagenomic_contig_database/EMBL_EBI/EBI/or/ORQB01.fasta.gz
ENA|ORQB01000009|ORQB01000009.1,66109..170691,tr|A0A1X2Z2S4|A0A1X2Z2S4_BIFAD ADP-ribosylglycohydrolase OS=Bifidobacterium adolescentis OX=1680 GN=B0487_1609 PE=4 SV=1,94663..95457,lcl|94663|95457|1|1,1,tr|A0A1X2Z2S4|A0A1X2Z2S4_BIFAD,0.0,tr|A0A1X2Z2S4|A0A1X2Z2S4_BIFAD ADP-ribosylglycohydrolase OS=Bifidobacterium adolescentis OX=1680 GN=B0487_1609 PE=4 SV=1,MYGLAIGDALGVPYEFQQRDTFNCTGMIGHGEHNQPAGTWSDDTALSLATLDSLTECHGEVNTADMLMRYRMWLEHGMYMPDGNTFDSGITVATAIRSKHGCDGLSDNGNGSLMRVAPCAFYNLPDMEIKQVSAITHAHEISMTACVQYVRILEELLHCNPPHKAIEDSGFPFDPTVPRAEVESDGFVLHTLNAALWCLTNTDNYQDCVLTAVNLGEDTDTTASVAGALAGVIYGFDSIPTEWIEKLRGRELIDMYVSESELRC,554,1427,264,99.621,263,1,263,0,0,99.62,100,/stor/scratch/Wilke/contig/database/metagenomic_contig_database/EMBL_EBI/EBI/or/ORQB01.fasta.gz
ENA|ORQB01000009|ORQB01000009.1,66109..170691,tr|A0A1X2Z2Q3|A0A1X2Z2Q3_BIFAD Uncharacterized protein OS=Bifidobacterium adolescentis OX=1680 GN=B0487_1608 PE=4 SV=1,95451..95753,lcl|95451|95753|3|1,1,tr|A0A1X2Z2Q3|A0A1X2Z2Q3_BIFAD,3.31e-69,tr|A0A1X2Z2Q3|A0A1X2Z2Q3_BIFAD Uncharacterized protein OS=Bifidobacterium adolescentis OX=1680 GN=B0487_1608 PE=4 SV=1,MLTLPITRKWFDMILSGEKTKEYRDIKPYYDSRFRRLFDMDELDNPTGLDEHPILFRNGYSHTSPSFTAICTLSKGEGRTEWGAEPHKQYWILNIQRIYK,211,536,100,100.000,100,0,100,0,0,100.00,100,/stor/scratch/Wilke/contig/database/metagenomic_contig_database/EMBL_EBI/EBI/or/ORQB01.fasta.gz
ENA|ORQB01000009|ORQB01000009.1,66109..170691,"tr|A0A1X2Z2Q0|A0A1X2Z2Q0_BIFAD Ftsk solute binding protein, Zinc ribbon domain OS=Bifidobacterium adolescentis OX=1680 GN=B0487_1607 PE=4 SV=1",95693..97027,lcl|95693|97027|2|1,1,tr|A0A1X2Z2Q0|A0A1X2Z2Q0_BIFAD,0.0,"tr|A0A1X2Z2Q0|A0A1X2Z2Q0_BIFAD Ftsk solute binding protein, Zinc ribbon domain OS=Bifidobacterium adolescentis OX=1680 GN=B0487_1607 PE=4 SV=1",MGSRTTQTVLDTKHPTNLQIGFYTLSEYVLAKRKHTPKGNLILKYLLLILVPSSILQWLLLLVCGVGGWFLFSTQFKTSKKSIAMVNVLGAVCGIAFFYGLKNGLGGLSDMFMSLSGKYVYGYPHSQVPLINAFIAIPRIFIGVFCMCVAYGLYQPVSEEEGEEYRRQSQQNEAKEVEQALNQTIDQIGVVFNLLKAEPGRPNYHGYRLVNEDCGGQPDPLWNTMNPANIQQARSQYRLYGNPGGGLSQSNFTNNEIQSGQKGEQILANMITGNCPNVVSFWSLHGLNEQHQFTDADIDCVIAGQDRQGKTHLWFVDAKNYKGNADTAYRNLTPDQLLRISVSQRAFETGVDGRPDLKLSANMNWQRDMWDFMFNGKPVEVEWLVCMVPTSDKGVPDVTGVMWPGDIPCVTPEELVRRVNAVDLDSTQNLPLDWLDTLKRHVKH,839,2167,402,99.751,401,1,402,0,0,100.00,91,/stor/scratch/Wilke/contig/database/metagenomic_contig_database/EMBL_EBI/EBI/or/ORQB01.fasta.gz
ENA|ORQB01000009|ORQB01000009.1,66109..170691,tr|A0A1X2Z2T3|A0A1X2Z2T3_BIFAD Uncharacterized protein OS=Bifidobacterium adolescentis OX=1680 GN=B0487_1606 PE=4 SV=1,97014..97973,lcl|97014|97973|3|1,1,tr|A0A1X2Z2T3|A0A1X2Z2T3_BIFAD,0.0,tr|A0A1X2Z2T3|A0A1X2Z2T3_BIFAD Uncharacterized protein OS=Bifidobacterium adolescentis OX=1680 GN=B0487_1606 PE=4 SV=1,MSSTELFLGAGCFLLAPFLFLLCSACLLTFDDILGLFTQRRLEMPNQKTILAQHGLIKADTATPKDWETIDNIRNKRFSIPLSWEQIQQLLAKHPTIRPYLYLSTGLDGLVLLNTNTGETANTQPLIFENLSDENDSMFSMVEQHISKWDKTTPTKTLIQQGRTDKAKQQIDHATALAPTALMELIYQLVPWKELHDRQYQRKTALNVRKNEEYPSRQFDRHLVKLLQQTKPCIGGEGALEKTFDKPITVYRGEIDKSVHMGLSWTTSLKIAKGFAERFNMSGTIYSTMLKPDEILAAYADDGEHEVLAIVPETGVETI,539,1389,276,93.116,257,19,267,0,0,96.74,87,/stor/scratch/Wilke/contig/database/metagenomic_contig_database/EMBL_EBI/EBI/or/ORQB01.fasta.gz
ENA|ORQB01000009|ORQB01000009.1,66109..170691,tr|E0Q6W4|E0Q6W4_9BIFI Uncharacterized protein OS=Bifidobacterium dentium ATCC 27679 OX=871562 GN=HMPREF0168_0872 PE=4 SV=1,99097..98003,lcl|99097|98003|3|-1,-1,tr|E0Q6W4|E0Q6W4_9BIFI,8.68e-128,tr|E0Q6W4|E0Q6W4_9BIFI Uncharacterized protein OS=Bifidobacterium dentium ATCC 27679 OX=871562 GN=HMPREF0168_0872 PE=4 SV=1,MRLEDCRLLLPSTKPSTEKIKGATDTMEKSEDLEETQTISPLDLNEENENKKKKPSKKTVIIASTIAAIVVLAGVGGYAYASTSAYSDYESQVESAKTIDAKLVKKIENAQNLAKATKDTDVLDKTLLGSLNASVKSGEAQKGSPKAEAVNKWMLWDVSKAKTTVADDISAATKAISSIDAAMGKVESSKTAKQVKDAKDTLNKTISDAETLYKDSEGKVSDDKTRESLKTAIDTAKKTVDDKKSDVKTLNAQKDAVSKAVKSVNDSKTAKEQADAEAEAEEAARQAAQQQSQVQTQTYSNANYSRANSGASTYSAPTQHAQTQQSAPQQSQNQQNNNSNNSGYIELCSSGDTSGKEFDYVPCN,380,975,348,72.701,253,83,283,6,12,81.32,93,/stor/scratch/Wilke/contig/database/metagenomic_contig_database/EMBL_EBI/EBI/or/ORQB01.fasta.gz
ENA|ORQB01000009|ORQB01000009.1,66109..170691,tr|A0A1X2Z2Q5|A0A1X2Z2Q5_BIFAD Uncharacterized protein OS=Bifidobacterium adolescentis OX=1680 GN=B0487_1604 PE=4 SV=1,99570..99235,lcl|99570|99235|1|-1,-1,tr|A0A1X2Z2Q5|A0A1X2Z2Q5_BIFAD,7.84e-74,tr|A0A1X2Z2Q5|A0A1X2Z2Q5_BIFAD Uncharacterized protein OS=Bifidobacterium adolescentis OX=1680 GN=B0487_1604 PE=4 SV=1,MMSRTFKDRPYALIEDEARSRGFSHTYDCGRFHWEYVEVAKYAYSRKRNPHIPARRWEDWRWIEDDWYTDYGNKTRIRDSLSIAVNAYNSGMMDEDWDEPNVYQRRRRWYC,223,568,110,96.364,106,4,109,0,0,99.09,99,/stor/scratch/Wilke/contig/database/metagenomic_contig_database/EMBL_EBI/EBI/or/ORQB01.fasta.gz
ENA|ORQB01000009|ORQB01000009.1,66109..170691,tr|A0A1X2Z2P7|A0A1X2Z2P7_BIFAD Uncharacterized protein OS=Bifidobacterium adolescentis OX=1680 GN=B0487_1603 PE=4 SV=1,99732..107834,lcl|99732|107834|3|1,1,tr|A0A1X2Z2P7|A0A1X2Z2P7_BIFAD,0.0,tr|A0A1X2Z2P7|A0A1X2Z2P7_BIFAD Uncharacterized protein OS=Bifidobacterium adolescentis OX=1680 GN=B0487_1603 PE=4 SV=1,MGNPLSKTSRKVKDSILKRVGKAAVALVAATATLASGAITTGSALAATTDGPGYWFNATRSGSWWIGTHGSSLGPQRYENGNPVYCVEAGEQVTNTGTWNKATDVNHKVGAWLVEKHKGDSSDFTQASVAYAIHEHLDQGSSHFRQLVAAGLEGADINAVASNAANLWNDAYNTLPANLNASYAYTSGKRTGTVDPGVKNSNGQYIAGYRFTATLSGPAKFDANNSNTITGVTTGQAMHIPWTATGNGKVTYRTHVSVPTAAVLNSPGQDMMRSSDPENQTADVHFSVSRDFQPTVSTSVSKKQLTRGSPVEDRVTSGVASSDDEWADNVPVKFKGYYFVGDSKHILQVIKKNNGENPTNYLKRLRETDGIRQVAAATTSFTKSGQTNTVKAKAATGGIDYDSVNGLDDYQVSDEDAGLFGTWVWVEVKADQSQQDYIKGDYIDEFGKAQETSVSVLPPNHDSTVLEQESGMNKDILDEINISRLPSDYGKFTGNTNYGFGADAKAKIRVWWAGSGTGNKDEDEKYVPTTEEEPTQDANHKLVGEWEVPAMNGKYKVGGGKIVLYPSDGSDAKTVATDVNIKVTDKAHCGYYVFIYDFPGSDRAEEFKSAYNNPWERSFVTQDAQPVTLTTNVNKTTVTQGEKFYDTATISGLVPRGSYVTFTAYDAVSGEPDVSTNKLLDNTRVNVTNDQADHSDTTQFEVKSPEISTNKIGKVYWVAKLYNAKGKALAGHAIGLENETIEVVGPSLTTKTSAQQTYVGRPFHDTAVINNKIDAGAYLTFTAYDAVSGKPDTNAAKLLDNKRVDIPADKIASSGAGKSFTVDSPDVTATKAGIVYWKATLYNKGGMELATHELGATGESVLIKNPSITTKVSKEQVSINEEFTDTATINGEVESGDYVTFDAYAPVDGAPNAQGAKLLDSERVNIPAKDVTASQNGQAINVTSPKTHATEGGNVYWKATLHRANSTVLATHDLGVGGETVQVKYPTITTHVSSTSVGVGENFYDTADIKGVVHAGDFVVFRAYDAVGEKPDTNASLLLKDQKVNITAAQAKDSAQDKTVTVKSKTVNTMNGGNVYWKATLYDKQGRQLATHDLGLPEETVTVRPPTITTQVTKGKVKPSEEFADKATISGKVLKGSYVTFTAYDAVSGDPDANAPKLLDNVRVNIKDSDAEASASKKFTVTSPTTHTDNSGSVYWVATLWSPQGKQLASHDLGLPSETVQVNPGGIVTSNAQKMGATGEQLYDEITVYDETSEAESADGQVHEGEGNSNPTGVIGRIPQGSTVTVEMYRQAEEDDGDQGLFKIAEKTVTIDTNKFTAIKAGQEGNRPGKLTFKVTDPSFKTTKAGMIYWKATLKTPQGGVLDQHIYGEKGSDHKTGYKSYERTPVQKFSTTVSKKWLSDANGNYEDKTTQIYDVLHQTSYEQFDGESIDGDTYTTGKTAQTPNGAKVQFEIWAKDGANAGKMVKQYNAEDLPKVRELAKSEDPDKNHPYVGTDGLDNYQNVKSSTFPIPSDWSANKYYYRVKITVPSTTPGAGTDPADNNRDVVWYGGDDESEEFDVIHMDTKSTEPLWLDSMNVSDEITLKGNIPAGSQYEAELWRTSKDGNVRKDAATKQDDSDHNGIASEKVATTGRVNIPSKAIGAHLNGVTFRSKSVKNPGVGSYIWRVKIYTPEMPHKDGNGVGTGGDTSMNSAFGVITKEWMTAAKATTDADDSQAGDYWQNATAKQKGNGDGYADRWLLFDGKNIASEKFEVVKLTTNVTGTPNIHTSEGEHYVDVTNGNDVNDKLTITGYMLKDYKVAFKLYKQAENQTADKDTVVKTLDPVALTEAQKTLDSASVHLTDPADYYWQWVFTKPDGTAFQPDNINPAVSDKRIKDESFHAVRVTTSTYKWASKNGTVQDVARLEGHLPENATLTFEMHDYATGKKVASTKSATLKELGFDKSSIDQQLTSPSLKVPDAIDYYWVEVLNLPKDDQSTPLHTGKDKIKNESFRSIEAQTDVATERYVGTVVKDHADLTNVKWKQSGDIRDDLTTGLDARWFLYKQGDGDVKTDKKIFTGDYVHLTSGQTEAYGPEHKMNEVGDYYWVIEISDPSTNHKVVKLGTQRDPRESFRIVKASSEAQVAQQVNKPTKDTVTITGHPAEGTLVSWNLYKTNTADDDDYLIDKTEQQQGESEGSDDTDADAEPQSDNGEASDSMLVASYQTPADGAHLITAEEAAEALKNGKVTVESPEYTPTEVGEYYWVFSLTSPTKNLAGDGQPNKPQNDKDTSHLESEDFFTDRAHVADETVQIIDATTKTKPLGHVGEKFHDTVLLQGRVPEGSQADATLYRQVDGDDSGKDEEVLTTKRTTLSEGQAFADLEDVTVDKVGVYYWREHVYVPTKHTTSADHDKKVEVEKTPTITGKPRVSNETVNVVNVTTTTHRLEESGTKLQDKAKIEGDVVDGSYIIFTLWKQSDGDDSSKDEKVFTSDKVMLKAGQKEADSPTYEVKETGTYYWRESIYNPVEDTDIPPCVPPTGNTDEDHPCDTPVHTEKPRTPGETTDVVKVTTKAQTNGTATKPVKDTALIEGKIPNDDYELVFELWKQNGNDVKDDKKVATTDAVNVPQNATTVDSPEVTPSDAGTYYWREKLVEKSTKRLVHYGDARVPGETVIVGELAKTGIASGFIIPLIGMLTVLGLGLAVVSEGKRRIASLSNGAHLSGSTK,5393,13990,2700,97.704,2638,62,2670,0,0,98.89,100,/stor/scratch/Wilke/contig/database/metagenomic_contig_database/EMBL_EBI/EBI/or/ORQB01.fasta.gz
ENA|ORQB01000009|ORQB01000009.1,66109..170691,tr|A0A1X2Z2N5|A0A1X2Z2N5_BIFAD Cell wall/surface repeat protein containing internalin domain OS=Bifidobacterium adolescentis OX=1680 GN=B0487_1602 PE=4 SV=1,107979..113627,lcl|107979|113627|3|1,1,tr|A0A1X2Z2N5|A0A1X2Z2N5_BIFAD,0.0,tr|A0A1X2Z2N5|A0A1X2Z2N5_BIFAD Cell wall/surface repeat protein containing internalin domain OS=Bifidobacterium adolescentis OX=1680 GN=B0487_1602 PE=4 SV=1,MRKPIALLVAGSMTLMPLLGSASVVLTPVSEAYAASANSTVSDYPEGVKAYLDGTRLASFDPSGSGEVYDATGRTVRLSGVPDDWTVQWSSAFNEITNKNSILYILSNGSTTYRYWFDGADGAVHTVEELHGMTITLNGQAVDGDITQGFTIHDVTAGDMKGYENAPSGWVLDGDSEDDHYTYTAHPEDSDTPSVQYTFLYDDTRPHDSINSLRNLKAYLTVDGSAVKGFDYTLANTDTLAIPMNTDVRLEGVPDGWKVDYNNPSTGKLNRVYTLTGPCGDTFTYIFHPTSDYEGYYYIDQLQYVRAFADGELVDGFDYRGGAWSFPETTKNVEIANVPDDWNTQRSVDGNTITYVVSSPNNSVSVTYVFNIAKHQASLDELSNVKAIVGGNYVSGFNPKQSGIYEYEDGQGIAIVNVPSGWTQTTTDGDGYKVYTLTSGDLSVSYRFNKHVKTYSVDELVKVSASTDDGVVQDFKPMESGTYTIGEHATVWITGVPDGWDTKSSDNDMTYTVTSPDGKIKVVYTFKHAKHKYSSSELKNVTAKLPNGDYLNGFDPVSGGEFTVPMGTKNVTIGHIPNGWNLTKNNGLSYTLTSSDGEVSVSYKFHAKNGHTVVFDTDGGTTVESQTVEDGGTITQPDDYPSKTGYRFKGWYKDGVPYDFTQPVYDDAVITAKWTVNTYEVYFDAGASDDWYPMQTIAYGDKVVKPVDPTLDGYDFDGWLLDGKAYSFDTPVTADMTLTASWKTAQVQTHTVTFTGAGDDFTQTVADGSSATVPTVPSKKGYTFDGWYSGDSLYDFTTPVTDDLTVEAHWTKNSYTVSFDSNGGRDVDSQQVPYRERASQPDNPTLNGYTFQGWTLDGDPYDFNTPVTSSITLKALWSKNTPVAKKHTVTFDSGKGSKVDSQTVKEGDPVSKPDNPTREGYTFNGWLLGGDPYDFTTPVMQDLTLTASWTKNKSTYTVKFDLNGGDGNIADQKVKEGSTIDRPDNPTREGYTFMGWQYEDSDWNFLNTVTSNMTLTAQWKRNEVKKYTVTFDTANGTSIDPQTIKDGGKVSKPDDPTREGYEFKGWTLNGVDYDFTTPVKADLVLTAVWTPVKPKTYTITFDTDGGTVVPSQTVKDKGTATEPTAPTKTGYEFKGWLLDGKPYDFTTPVTKDVTLKAKWEKTKVESYTVAFDSADGSEVASQTVEQGKTAVKPDDPTREGYTFLGWYAGDAAYDWDTPVTGNLILTAHWQKNEQPQPKTYTVTFDYQNGSPSDARTVSEGNTVTPPENPVRDGYDFQGWVGIDGSEFDFEQPITSDTLVSAKWKKHEDPKPVMHTVTFNSNGGTSIDPQTVQDGLTVRRPANPVKNDYVFDGWYLDNDQYDFNKPVTGDITLTAIYHRKPIPQPNTYTVRFDTGEGSKVDPQTIIEGKTVIRPADPSMDGYDFQGWLLDGKDYDWNTPITGDMTLTASWKKHEEPKPVTHTVSFYTDGGSMVAQQTVNDGETVTVPDTPTKNGYTFSGWTLNGEPYDFNLPVTADITLKATWVENQKPQPKRHTVTFDTTGGSEIGQQTVDEGEKAIQPANPTREGYDFQGWLLNGQAYDWNTPITGDITLTASWTEKAPTLFTVAFNTGGASNIPSQKVKEGDKATRPTDPKRTGYTFTGWQLNGKDYDWNTPITTDIILTATWQKNETPKPVFYTVKFDTGNGSKIDLQTIQQGGKVKKPADPTLNGYKFVGWQLDGKDYDFNTAVSKDMTLTAVWEANTMPPTVKKHTVTVTLYDGKTERYEVKDGEKLTLPSNPTRDGYVFDGFIDKDGNVYDMSKLVVKDLTLTCVWKKANGVSSDKDKEIADASTNGTADNGEQNSDSQNPLASTGAPIYGLVIAAIITGLGGIGILLARLRSRNE,3672,9521,1882,96.387,1814,68,1842,0,0,97.87,100,/stor/scratch/Wilke/contig/database/metagenomic_contig_database/EMBL_EBI/EBI/or/ORQB01.fasta.gz
ENA|ORQB01000009|ORQB01000009.1,66109..170691,tr|A0A1X2Z2Q2|A0A1X2Z2Q2_BIFAD Single-strand DNA binding protein OS=Bifidobacterium adolescentis OX=1680 GN=B0487_1601 PE=4 SV=1,114020..114589,lcl|114020|114589|2|1,1,tr|A0A1X2Z2Q2|A0A1X2Z2Q2_BIFAD,2.89e-131,tr|A0A1X2Z2Q2|A0A1X2Z2Q2_BIFAD Single-strand DNA binding protein OS=Bifidobacterium adolescentis OX=1680 GN=B0487_1601 PE=4 SV=1,MPIPSTTLEGRLTDDPQRNQRNPNLVEFSIAEGTRYQDKKTGEWKDGQTLFARCKVWDTTLGNNIMNTLRKGMDVVALADVKQNSWTDQQTGQKRSMVEFTVTNIGVGLRHATAQVMPNPKRNGGYDGGNRANTQQNNGQMFQNPNNPPVFQNPNNYGADNFQPAASDDPWGAPIGNPAPASQNDEPEF,375,962,189,96.296,182,7,184,0,0,97.35,100,/stor/scratch/Wilke/contig/database/metagenomic_contig_database/EMBL_EBI/EBI/or/ORQB01.fasta.gz
ENA|ORQB01000009|ORQB01000009.1,66109..170691,tr|A0A1X2Z2N7|A0A1X2Z2N7_BIFAD Amidase OS=Bifidobacterium adolescentis OX=1680 GN=B0487_1597 PE=4 SV=1,115282..116013,lcl|115282|116013|1|1,1,tr|A0A1X2Z2N7|A0A1X2Z2N7_BIFAD,5.78e-115,tr|A0A1X2Z2N7|A0A1X2Z2N7_BIFAD Amidase OS=Bifidobacterium adolescentis OX=1680 GN=B0487_1597 PE=4 SV=1,MQRRRRLFQRRIAVCLLAGMFAAAGTSMLVLKPTPSAYAEAKPFDTGTAITRSTLTETSAASRSASREELKDYKVTSNDGSWSMSDSDGVIGKLTAISADNPVVKSLVNGRDEGQTPDGFDPNHATGDIGNAYEFSQCTWWAYVRRHQLGLPAGSHMGNGADWANTARKLGYWVDNTPRVGDVICFQRGQYDSDPTYGHVGIVENVGADGSITTSECGSAYNGKPFSRTFTAEQASQLQFIHY,335,858,160,97.500,156,4,158,0,0,98.75,66,/stor/scratch/Wilke/contig/database/metagenomic_contig_database/EMBL_EBI/EBI/or/ORQB01.fasta.gz
ENA|ORQB01000009|ORQB01000009.1,66109..170691,tr|A0A1X2Z2S3|A0A1X2Z2S3_BIFAD Uncharacterized protein OS=Bifidobacterium adolescentis OX=1680 GN=B0487_1596 PE=4 SV=1,116219..117160,lcl|116219|117160|2|1,1,tr|A0A1X2Z2S3|A0A1X2Z2S3_BIFAD,0.0,tr|A0A1X2Z2S3|A0A1X2Z2S3_BIFAD Uncharacterized protein OS=Bifidobacterium adolescentis OX=1680 GN=B0487_1596 PE=4 SV=1,MICGTESRQKGKMQTMLDKKTAQEISELCVEKIDWTIVGIEGGTVTIFTGKDRYYASYGTEGSDPIEETSKSKEPGNLRWFERDGTVSSDHPVICTVSVHDGKAETDVRHMPPMFDEEAYEAVANMELDRKFVHDESGEDYWPDWPKDTIKAWQQFRDEIEDIPEDYKYVLFEVEPSTQKLLFALSEITGIHYLSEIPLTIKVLPEDAKQVRFSIPESEAKMWWDVRARSWDSRFIICTHQWPFHKKGQLMYTIIDRKRNVRGACTYLGGGASKDGTYTDAECAELISRLSDPKDETQVSYRNYVPLRLVEYR,605,1561,298,97.651,291,7,294,0,0,98.66,95,/stor/scratch/Wilke/contig/database/metagenomic_contig_database/EMBL_EBI/EBI/or/ORQB01.fasta.gz
ENA|ORQB01000009|ORQB01000009.1,66109..170691,tr|A0A1X2Z2P6|A0A1X2Z2P6_BIFAD Peptidase P60 OS=Bifidobacterium adolescentis OX=1680 GN=B0487_1594 PE=3 SV=1,117366..118085,lcl|117366|118085|3|1,1,tr|A0A1X2Z2P6|A0A1X2Z2P6_BIFAD,1.39e-151,tr|A0A1X2Z2P6|A0A1X2Z2P6_BIFAD Peptidase P60 OS=Bifidobacterium adolescentis OX=1680 GN=B0487_1594 PE=3 SV=1,MLVLSLCADCLMALPVTAMAYPPSNNTVYSVRSFPATTTTRRDLTRESVSTDVQSDSDWGGIENLIVPQTKSQAEKDAELKAQQEEETRKQAQEQAARQAQTRAIQQEEASRSAERTAITPPASKTGQAVAEYAMQFSGYPYVYGGNQPSGWDCSGFVQYVFAQFGVSLPHQSGSQMSVGSPVASLAEAQPGDILANGSHAAIYIGNGMVMNAMSPSQGTGVAPVSMVMYGSYAIRRIV,431,1107,239,96.234,230,9,236,0,0,98.74,100,/stor/scratch/Wilke/contig/database/metagenomic_contig_database/EMBL_EBI/EBI/or/ORQB01.fasta.gz
ENA|ORQB01000009|ORQB01000009.1,66109..170691,tr|A0A1X2Z2P1|A0A1X2Z2P1_BIFAD Uncharacterized protein OS=Bifidobacterium adolescentis OX=1680 GN=B0487_1593 PE=4 SV=1,118186..118632,lcl|118186|118632|1|1,1,tr|A0A1X2Z2P1|A0A1X2Z2P1_BIFAD,2.87e-44,tr|A0A1X2Z2P1|A0A1X2Z2P1_BIFAD Uncharacterized protein OS=Bifidobacterium adolescentis OX=1680 GN=B0487_1593 PE=4 SV=1,MSDPNFPPQQYPNPSQSQRAQYDQPRQQVYQQPQYAQPQANPYVTGQQYAQTPQYGQPQYQQPQYAQYQYGQQPYANPQPADTGSFGWAVLGFFFPIVGLILFLIWKTEKPVSAKQAGMGALVSVIVSVVLWIIVFIFALAVGSATVY,151,382,152,70.395,107,41,116,1,4,76.32,100,/stor/scratch/Wilke/contig/database/metagenomic_contig_database/EMBL_EBI/EBI/or/ORQB01.fasta.gz
ENA|ORQB01000009|ORQB01000009.1,66109..170691,tr|A0A1X2Z2N1|A0A1X2Z2N1_BIFAD DUF4234 domain-containing protein OS=Bifidobacterium adolescentis OX=1680 GN=B0487_1592 PE=4 SV=1,118837..119328,lcl|118837|119328|1|1,1,tr|A0A1X2Z2N1|A0A1X2Z2N1_BIFAD,2.49e-114,tr|A0A1X2Z2N1|A0A1X2Z2N1_BIFAD DUF4234 domain-containing protein OS=Bifidobacterium adolescentis OX=1680 GN=B0487_1592 PE=4 SV=1,MTMPQQPQVNVNINQPSMPQQPMAQPQNPIRQNSLRTKRGLLKYLLLGLVTFGIYDIWQMSEVGTTLNLIATRRDGRRTMHYCLMFFLLGWLTLGIGWLVWYHKLSSRIGTEQAARGLPVTVTAATYWLWNILGSLIIVGPFIYMYKLLHAMNDLCADYNARG,330,845,163,97.546,159,4,162,0,0,99.39,100,/stor/scratch/Wilke/contig/database/metagenomic_contig_database/EMBL_EBI/EBI/or/ORQB01.fasta.gz
ENA|ORQB01000009|ORQB01000009.1,66109..170691,tr|A0A1X2Z3E5|A0A1X2Z3E5_BIFAD Calcium-binding protein OS=Bifidobacterium adolescentis OX=1680 GN=B0487_1590 PE=4 SV=1,119564..120442,lcl|119564|120442|2|1,1,tr|A0A1X2Z3E5|A0A1X2Z3E5_BIFAD,0.0,tr|A0A1X2Z3E5|A0A1X2Z3E5_BIFAD Calcium-binding protein OS=Bifidobacterium adolescentis OX=1680 GN=B0487_1590 PE=4 SV=1,MLGMLSTGVPANAADATGSIPVGQSAAQVLSTLTVGVKSDVSSDRKSHQWNKVDGKTGNYTTRDLVLERDMDNVTYTSRGNVNTGILLEPYTGKTIHFQRGMSNKTEGGSASNRDGGIQIDHVVAYAEAYRSGLDKLDFAQRDAYYNDPDVLLASQAEANNVKKDGTIAEWEPSNQAFQCDYASLQIGIKAKYGLMVDQKEHDKLAQVLASCPAETIISTSQVKQRLTSGTSGSNTTGNSDDNTNGSNNQSNQPNGSTSGKNNSHTTNKHHITSTKKNWVKNLFNGLLKRFF,570,1469,292,94.178,275,17,280,0,0,95.89,100,/stor/scratch/Wilke/contig/database/metagenomic_contig_database/EMBL_EBI/EBI/or/ORQB01.fasta.gz
ENA|ORQB01000009|ORQB01000009.1,66109..170691,tr|A0A1X2Z2Q4|A0A1X2Z2Q4_BIFAD Uncharacterized protein OS=Bifidobacterium adolescentis OX=1680 GN=B0487_1589 PE=4 SV=1,120773..120504,lcl|120773|120504|2|-1,-1,tr|A0A1X2Z2Q4|A0A1X2Z2Q4_BIFAD,3.89e-54,tr|A0A1X2Z2Q4|A0A1X2Z2Q4_BIFAD Uncharacterized protein OS=Bifidobacterium adolescentis OX=1680 GN=B0487_1589 PE=4 SV=1,MATTKQLLMRVLQTKSPELFDGSENEPVKVTDYDYMPFYQAVCETCGDDPEMMTIIYETKGGKQYGQSYDYFGLPNLLETLDKWDEEHN,171,434,81,100.000,81,0,81,0,0,100.00,91,/stor/scratch/Wilke/contig/database/metagenomic_contig_database/EMBL_EBI/EBI/or/ORQB01.fasta.gz
ENA|ORQB01000009|ORQB01000009.1,66109..170691,tr|A0A1X2Z2N3|A0A1X2Z2N3_BIFAD Uncharacterized protein OS=Bifidobacterium adolescentis OX=1680 GN=B0487_1588 PE=4 SV=1,120827..121372,lcl|120827|121372|2|1,1,tr|A0A1X2Z2N3|A0A1X2Z2N3_BIFAD,1.12e-122,tr|A0A1X2Z2N3|A0A1X2Z2N3_BIFAD Uncharacterized protein OS=Bifidobacterium adolescentis OX=1680 GN=B0487_1588 PE=4 SV=1,MRSHALSKGAKMKKPKTPIYNPEDLKALLLGECPYCGGKATVTLNQKKEYTSLRDYPAGFFIYGCDVKCVNGCDLAHFYIPCDGDECLLLNEALDAYRKDWKHMCDMVKNPSPCGICDVKPKWTVTSDSARIKCPKCGRSFQDDYKYYHLGDLILKWEKDQRERSKAKEAEAKLNNWALSE,352,903,170,99.412,169,1,170,0,0,100.00,94,/stor/scratch/Wilke/contig/database/metagenomic_contig_database/EMBL_EBI/EBI/or/ORQB01.fasta.gz
ENA|ORQB01000009|ORQB01000009.1,66109..170691,tr|A0A2K9AHY6|A0A2K9AHY6_BIFBR Transposase OS=Bifidobacterium breve OX=1685 GN=NRBB57_1232 PE=3 SV=1,123272..121842,lcl|123272|121842|2|-1,-1,tr|A0A2K9AHY6|A0A2K9AHY6_BIFBR,0.0,tr|A0A2K9AHY6|A0A2K9AHY6_BIFBR Transposase OS=Bifidobacterium breve OX=1685 GN=NRBB57_1232 PE=3 SV=1,MRMQFVDHMSAGTPIMSVFSHNHNYRPCDIVGCMRRSTRTQDDETWRVAVIPVRLSGADRRRAHEACHKAALLWNFLLAETRAYWDEHGSDPSDKELRHRLYEKQPDLRDGLHAHTIQGVLDGMNDAVATYRENRRQGNMDAHAPHRAKNYRPLDFTAGYGWRPANDGKHIALSFGRNHKRILVRMPNISDPKTNAPVPVERWGAMRLCWDRNKRQWSLHVSVPTSRPPQGDPSNVAAIDEGIINPMAVAVETDDAYEILVVNGRHARAVKHYRNTRIASLQEKLSRCVKGSKRWRKLDAKRRRIESKTSDALRNADHQTTRKVSDFIQEHDAGRIVAGDVRGIEQNTRKNETRRVRNRKDQRRRLSQWSRGRQESLLAHKTGMTIEHIDESWSSKTCPACQTRNHPNGRGYHCRNCGFTCNRDAVGAINILIRAKNGSYQPMDTNKTVHVKYLRATPIFQPEERREHGVIPGTGA,728,1880,443,75.847,336,107,390,0,0,88.04,93,/stor/scratch/Wilke/contig/database/metagenomic_contig_database/EMBL_EBI/EBI/or/ORQB01.fasta.gz
ENA|ORQB01000009|ORQB01000009.1,66109..170691,tr|A0A413KBZ0|A0A413KBZ0_9BIFI ATP-binding cassette domain-containing protein OS=Bifidobacterium pseudocatenulatum OX=28026 GN=DXA22_06815 PE=4 SV=1,121869..122177,lcl|121869|122177|3|1,1,tr|A0A413KBZ0|A0A413KBZ0_9BIFI,1.67e-46,tr|A0A413KBZ0|A0A413KBZ0_9BIFI ATP-binding cassette domain-containing protein OS=Bifidobacterium pseudocatenulatum OX=28026 GN=DXA22_06815 PE=4 SV=1,MLTSFFRLEDWRGPEIFDMNRFVRVHRLVGAVFRANQNVDCAHRVTVAGETAVAAVVSTPIGVVACLARGAGLGRPRFVDMLDCHAGLMGKQTLLSSTRPLR,160,405,91,87.912,80,11,83,0,0,91.21,89,/stor/scratch/Wilke/contig/database/metagenomic_contig_database/EMBL_EBI/EBI/or/ORQB01.fasta.gz
ENA|ORQB01000009|ORQB01000009.1,66109..170691,tr|A0A2K9ASD9|A0A2K9ASD9_BIFBR Transposase OS=Bifidobacterium breve OX=1685 GN=NRBB57_1233 PE=4 SV=1,123081..123656,lcl|123081|123656|3|1,1,tr|A0A2K9ASD9|A0A2K9ASD9_BIFBR,1.72e-98,tr|A0A2K9ASD9|A0A2K9ASD9_BIFBR Transposase OS=Bifidobacterium breve OX=1685 GN=NRBB57_1233 PE=4 SV=1,MRPATVGTGQADGYDGDPPCLVVLCSGAASHTPHYITWSIIMVMAENTHDWRTGRHVVYELHAHIVFVTKYRRKVMTPRVTKLLEDTFREVCERFECELEEFETDNDHAHLLVAYTPKTQLSTLIMSLKTNGSKRVREQDWPEVRQALWGDHFWSPSYCVVSCGGAPLEIVRKYIRDQQKPNRKYRRKTNR,291,744,148,91.892,136,12,141,0,0,95.27,77,/stor/scratch/Wilke/contig/database/metagenomic_contig_database/EMBL_EBI/EBI/or/ORQB01.fasta.gz
ENA|ORQB01000009|ORQB01000009.1,66109..170691,tr|A0A1X2Z2P5|A0A1X2Z2P5_BIFAD Plasmid encoded RepA protein OS=Bifidobacterium adolescentis OX=1680 GN=B0487_1585 PE=4 SV=1,124974..124069,lcl|124974|124069|1|-1,-1,tr|A0A1X2Z2P5|A0A1X2Z2P5_BIFAD,2.03e-166,tr|A0A1X2Z2P5|A0A1X2Z2P5_BIFAD Plasmid encoded RepA protein OS=Bifidobacterium adolescentis OX=1680 GN=B0487_1585 PE=4 SV=1,MNKDIISPSKKTITYAATLSSVVSLLPVEEPDVPYLNRSNGIVSITTTPRKGQWAYGKIPRLFLLYAQTLIKEVSPMVDFENRTIHLDETFNSFCKNTGIAANGQREQVTRMLENLGSTVFQVTNWFKDEQGRTVHDAINVLVADRTHICFDRNSDEYKEGSYIRFSELMWGILNENPVPLNREIVMNLGKSSRALDIYQWLARRTYYISKPVLIPWNGLQIQFDASNTPLRRFKERFKKALEMVRQNWPELHVEAVDEGLKVYPCRKSLESKQRAIGGVPMLESPTQPTKTSGKPDGNPF,473,1217,301,72.093,217,84,257,0,0,85.38,100,/stor/scratch/Wilke/contig/database/metagenomic_contig_database/EMBL_EBI/EBI/or/ORQB01.fasta.gz
ENA|ORQB01000009|ORQB01000009.1,66109..170691,tr|A0A1X2Z2P0|A0A1X2Z2P0_BIFAD Sortase protein OS=Bifidobacterium adolescentis OX=1680 GN=B0487_1584 PE=4 SV=1,125320..126708,lcl|125320|126708|1|1,1,tr|A0A1X2Z2P0|A0A1X2Z2P0_BIFAD,0.0,tr|A0A1X2Z2P0|A0A1X2Z2P0_BIFAD Sortase protein OS=Bifidobacterium adolescentis OX=1680 GN=B0487_1584 PE=4 SV=1,MIFYDFSPTRLNAFETRYFVCYSGIVYTRKRAFRQTIKNGFAQSPHPKKPAKLDMSATNQNCQRNESMENGSPNRLPDWTEIIDGKPPKPDNGPNHVGRHSKGSHARHGSQPANTTSTGEHVLQCSIGIIFTVVIILIAQIGWMFFGHDLDSIHTQVANSKRVSLNQNIDLDTTRIAKPQSGEVPVDGTPTHMQVIGWMYIPKIESGWKRAIQQGTDQIVLDNQGIGHYEQTVMPGAVGNSAYAGHRTGGDLGYIDRLQTGDAIVIQTAEHWYVYKMTEGWVTTPTDVSVLNNDGANPDSRELTLTTCHPMSVWADQSIKHRYIVRAQFSYWANVSDGIPAELSTANGNVVQKTAYKWQKTVRTVSAYAPASMMFAVILLVAWMVMNGLCWLLWRGERERKPVSWNVLVLSWRLQQGVLPLRLLNMLLFWGGLVLLFWWSVSPHFDSWFPFLQSVGLPNVTF,719,1855,395,93.418,369,26,374,0,0,94.68,85,/stor/scratch/Wilke/contig/database/metagenomic_contig_database/EMBL_EBI/EBI/or/ORQB01.fasta.gz
ENA|ORQB01000009|ORQB01000009.1,66109..170691,tr|A0A1X2Z2M3|A0A1X2Z2M3_BIFAD Uncharacterized protein OS=Bifidobacterium adolescentis OX=1680 GN=B0487_1583 PE=4 SV=1,126756..127265,lcl|126756|127265|3|1,1,tr|A0A1X2Z2M3|A0A1X2Z2M3_BIFAD,2.64e-121,tr|A0A1X2Z2M3|A0A1X2Z2M3_BIFAD Uncharacterized protein OS=Bifidobacterium adolescentis OX=1680 GN=B0487_1583 PE=4 SV=1,MRQTYLTSDNPTVVNRLRKDCREYARQRELEEWFENIHHVRLAWKEDADGKRTVEGVEAVMSKETLTIQGKGDLKGYWLMPMNGIYKPCKNNVEVWRMLRQFEWRPDPLPGIVSSYTYTPYVDMFIEDDKAYLSMPVESWDDSLWHKSTKGTFRKAEERFNDGASGDDR,348,892,169,97.041,164,5,167,0,0,98.82,100,/stor/scratch/Wilke/contig/database/metagenomic_contig_database/EMBL_EBI/EBI/or/ORQB01.fasta.gz
ENA|ORQB01000009|ORQB01000009.1,66109..170691,tr|A0A4R0TQD6|A0A4R0TQD6_BIFLN Transposase OS=Bifidobacterium longum subsp. longum OX=1679 GN=MCC10070_0863 PE=3 SV=1,127373..128830,lcl|127373|128830|2|1,1,tr|A0A4R0TQD6|A0A4R0TQD6_BIFLN,0.0,tr|A0A4R0TQD6|A0A4R0TQD6_BIFLN Transposase OS=Bifidobacterium longum subsp. longum OX=1679 GN=MCC10070_0863 PE=3 SV=1,MSQKVRIIKVRHAGASVYLGDDSCRNHCWTRNPERIMDWLCDGWRSRFNQHREHRTIRRYMEDMESHERMWVDVPLGGATVGEPFKDSEARIRCSWLACIPSAILASPMRVENSEWYAALKRKKINGGRVPGFKSRKRSPQYFVCWRNQNKTGNAIYHQVSRKRGVVVITGTVKKEFRKPDETGCRWTLSIHVRVSQPIRDYTSVAVNWTERTLAFTNEPSPIRRNTTGKQTGIDRGCVHTLALSNGTMLDMPQPSERERKEYLRLQRKLSRQDRTNEKRGGKTAKFQSKRRMLTLKRMNSLRRRINNRKDDWVAKTTTQLVEDYDLIALEALKTRQMTRRPKPKQDPNHQGCYLHNSATSKAGLNRSILNNRWTDIQNKLEYKTRLAGTQLILVDPAYTSQTCNRCGHVALENRESQAVFQCVNCGNKDNADVNAAKNILNRAIHTTGMDDAEGVEEHASYGTHVPQESSGETPTPATRMGRLL,932,2410,485,90.928,441,44,463,0,0,95.46,100,/stor/scratch/Wilke/contig/database/metagenomic_contig_database/EMBL_EBI/EBI/or/ORQB01.fasta.gz
ENA|ORQB01000009|ORQB01000009.1,66109..170691,tr|A0A1X2Z2M8|A0A1X2Z2M8_BIFAD Uncharacterized protein OS=Bifidobacterium adolescentis OX=1680 GN=B0487_1581 PE=4 SV=1,129051..129365,lcl|129051|129365|3|1,1,tr|A0A1X2Z2M8|A0A1X2Z2M8_BIFAD,2.04e-66,tr|A0A1X2Z2M8|A0A1X2Z2M8_BIFAD Uncharacterized protein OS=Bifidobacterium adolescentis OX=1680 GN=B0487_1581 PE=4 SV=1,MSEQGVFDVLTALYVVAFFLFVVGTIVWTGNRRRARKHPGKGYAPRWIRLGTIVCSLLVALLEICLFIGKWGFLDGLSCVLWIVVSALWIAEYRLERSRERKDG,204,518,104,97.115,101,3,103,0,0,99.04,100,/stor/scratch/Wilke/contig/database/metagenomic_contig_database/EMBL_EBI/EBI/or/ORQB01.fasta.gz
ENA|ORQB01000009|ORQB01000009.1,66109..170691,tr|A0A1X2Z3D5|A0A1X2Z3D5_BIFAD Uncharacterized protein OS=Bifidobacterium adolescentis OX=1680 GN=B0487_1580 PE=4 SV=1,129366..129740,lcl|129366|129740|3|1,1,tr|A0A1X2Z3D5|A0A1X2Z3D5_BIFAD,2.92e-58,tr|A0A1X2Z3D5|A0A1X2Z3D5_BIFAD Uncharacterized protein OS=Bifidobacterium adolescentis OX=1680 GN=B0487_1580 PE=4 SV=1,MLPFRRFKRDAYMLDQCVTMVEDTVHEIGEYVNKDEEMTDSMTQTLSHLLDVYNYLLDVLDDDEPTVNPRLHFRQYPRVRGYIRDSCNRCRSAVGQLTQLVDMQDELNDIECYANGELDFGGDF,185,469,124,70.161,87,37,105,0,0,84.68,100,/stor/scratch/Wilke/contig/database/metagenomic_contig_database/EMBL_EBI/EBI/or/ORQB01.fasta.gz
ENA|ORQB01000009|ORQB01000009.1,66109..170691,tr|A0A6I0V063|A0A6I0V063_BIFAD IS200/IS605 family element transposase accessory protein TnpB OS=Bifidobacterium adolescentis OX=1680 GN=GA602_07420 PE=4 SV=1,131968..130682,lcl|131968|130682|3|-1,-1,tr|A0A6I0V063|A0A6I0V063_BIFAD,0.0,tr|A0A6I0V063|A0A6I0V063_BIFAD IS200/IS605 family element transposase accessory protein TnpB OS=Bifidobacterium adolescentis OX=1680 GN=GA602_07420 PE=4 SV=1,MSSYRRYNYRAYPTQGQREALSRLYGACRYAYNWTLDQRELMRRRHGRMQSCTQLSNMFTQWKRDPGMEWLLGVSSTPLQQSIRHADMAYRNFLRLYKAGRTHIVTNHRTGKRHRTGPPRYKSRRDGEQSAEFTKSARFKVEHADGCKWAFLTLPKIGRVKLRWTRELPSTPNTVIIMLHADGSYEASLTVQVENKTDAPKPLYEACGIDMGLDSLMSIVYTDGTREKIPHPHTLKRKTRRLRKLDKQLAREKKGSANHAKTRLLKAKAYGRIRNQRRDMAYKLASKVAGENQAVALETLNVKGLARTRMAKSLLDANWTRIIDRIQQLGVQYGRTVVRIDRWYPSSQICSQCGRRDGQKPLNIREWECPQCGTRLDRDWNAALNILDAAGLAESLNARGGDVRRRLAQTDRNADAREAGTHRTAQLH,828,2138,428,93.692,401,27,410,0,0,95.79,100,/stor/scratch/Wilke/contig/database/metagenomic_contig_database/EMBL_EBI/EBI/or/ORQB01.fasta.gz
ENA|ORQB01000009|ORQB01000009.1,66109..170691,tr|A0A4R0VZB9|A0A4R0VZB9_BIFLN Transposase OS=Bifidobacterium longum subsp. longum OX=1679 GN=MCC10123_1194 PE=4 SV=1,131887..132408,lcl|131887|132408|1|1,1,tr|A0A4R0VZB9|A0A4R0VZB9_BIFLN,1.90e-102,tr|A0A4R0VZB9|A0A4R0VZB9_BIFLN Transposase OS=Bifidobacterium longum subsp. longum OX=1679 GN=MCC10123_1194 PE=4 SV=1,MRRTGVTMPRAALALGRRGSCIACRNSCLVLYLVFMDKTNDIRKGRHCVYDLHAHLVFITKYRHDVFTDEHLKALERIFSDVCASFDCRLEEFNGETNHVHLLVSFPPTVELSRLVNSLKGVSSRYLRRDYPELARHYWKAQRLWSPSYYAGTAGGAPLDTLKRYIENQNRPA,300,767,145,97.241,141,4,145,0,0,100.00,84,/stor/scratch/Wilke/contig/database/metagenomic_contig_database/EMBL_EBI/EBI/or/ORQB01.fasta.gz
ENA|ORQB01000009|ORQB01000009.1,66109..170691,tr|A0A6A2RCS1|A0A6A2RCS1_BIFAD Uncharacterized protein OS=Bifidobacterium adolescentis OX=1680 GN=GA631_08315 PE=4 SV=1,133285..133704,lcl|133285|133704|1|1,1,tr|A0A6A2RCS1|A0A6A2RCS1_BIFAD,9.63e-34,tr|A0A6A2RCS1|A0A6A2RCS1_BIFAD Uncharacterized protein OS=Bifidobacterium adolescentis OX=1680 GN=GA631_08315 PE=4 SV=1,MVEQNKKPVIKAVAFEVRHEPEDEFDFGYSETRYRLVNMDTGEIVDDAQGYGYKTAAGAHRAYGYKSMPKSGKKKLASVKSRVRRFREDNPKFVDDMEYGMLNACKDGVEYTFDDFRELLDEEKPDLKGLTPEQLFKYI,124,310,130,51.538,67,61,90,1,2,69.23,94,/stor/scratch/Wilke/contig/database/metagenomic_contig_database/EMBL_EBI/EBI/or/ORQB01.fasta.gz
ENA|ORQB01000009|ORQB01000009.1,66109..170691,tr|A0A1X2Z2P4|A0A1X2Z2P4_BIFAD Uncharacterized protein OS=Bifidobacterium adolescentis OX=1680 GN=B0487_1579 PE=4 SV=1,134585..135148,lcl|134585|135148|2|1,1,tr|A0A1X2Z2P4|A0A1X2Z2P4_BIFAD,8.90e-106,tr|A0A1X2Z2P4|A0A1X2Z2P4_BIFAD Uncharacterized protein OS=Bifidobacterium adolescentis OX=1680 GN=B0487_1579 PE=4 SV=1,MTPVAINHNQNWNAPTLSIEIYEQDKYATHVVTSKGEIKYECSARNVAEAIVKEHNKHNDGEPWHVGTTVTLVSAKNITWRAEALIDWDKVKTGKNTPNKCVKVTASETQTNLQESKPKVSATYLLSDGDKPENYMRWHATASDKDVAMVLAKQAAVKALEAYLEKIGKTVKTPAKPTVKPSGKAVK,310,793,171,89.474,153,18,159,0,0,92.98,91,/stor/scratch/Wilke/contig/database/metagenomic_contig_database/EMBL_EBI/EBI/or/ORQB01.fasta.gz
ENA|ORQB01000009|ORQB01000009.1,66109..170691,tr|A0A1X2Z2N0|A0A1X2Z2N0_BIFAD Uncharacterized protein OS=Bifidobacterium adolescentis OX=1680 GN=B0487_1578 PE=4 SV=1,135145..135702,lcl|135145|135702|1|1,1,tr|A0A1X2Z2N0|A0A1X2Z2N0_BIFAD,2.04e-124,tr|A0A1X2Z2N0|A0A1X2Z2N0_BIFAD Uncharacterized protein OS=Bifidobacterium adolescentis OX=1680 GN=B0487_1578 PE=4 SV=1,MSDRNKAEENPDDEYLLDALRNLGPTPIEELIDKSNMDDESKKRFHESLRVHDSNIAREQSVKIAVGEALRELDKLSERLDEISALTVWDSSRPLSDAIPSVEAIRVILKQIRGHDNGCVDSGSRIRYRLVCDVDGGVLPLPGQMSDGADGLEYLKNVLDACKSANIEGNLRIQYAYATGWRDLN,357,916,185,95.676,177,8,180,0,0,97.30,100,/stor/scratch/Wilke/contig/database/metagenomic_contig_database/EMBL_EBI/EBI/or/ORQB01.fasta.gz
ENA|ORQB01000009|ORQB01000009.1,66109..170691,tr|A0A1X2Z2L3|A0A1X2Z2L3_BIFAD Uncharacterized protein OS=Bifidobacterium adolescentis OX=1680 GN=B0487_1577 PE=4 SV=1,135704..136675,lcl|135704|136675|2|1,1,tr|A0A1X2Z2L3|A0A1X2Z2L3_BIFAD,0.0,tr|A0A1X2Z2L3|A0A1X2Z2L3_BIFAD Uncharacterized protein OS=Bifidobacterium adolescentis OX=1680 GN=B0487_1577 PE=4 SV=1,MSKFDKTAVYGRENPFIPSPETMDALKDALIEEADERSDMLIGMTTAPDGRKVLRRQSAGRNTGWRSLIGLRYRIQTKEEADELRLDYRRFFESYVERTDRSERRNLLGLEHRTVDGVYRYTVEGVVADCEETSVSNGYVSRLCLMFPHVVNSDGSQTLIDSHIWLATFVKNTVIRPDRIEPHNGSADRLMTIRLGDTLRVDAGLCAYTDKRGRHRFGLADWTPLDSHLRYLQLRSDGTTTPRVVSERLCGREYDICWLERDGRPGFRSVMLDGLNARVEAGWSSYDWRHRPFLSDGDGFPSVCLDQYLTLDPYKGEAHVVSR,658,1697,323,98.762,319,4,321,0,0,99.38,100,/stor/scratch/Wilke/contig/database/metagenomic_contig_database/EMBL_EBI/EBI/or/ORQB01.fasta.gz
ENA|ORQB01000009|ORQB01000009.1,66109..170691,tr|A0A6I6QYU5|A0A6I6QYU5_BIFAD DUF5052 family protein OS=Bifidobacterium adolescentis OX=1680 GN=F3K97_04670 PE=4 SV=1,136758..137339,lcl|136758|137339|3|1,1,tr|A0A6I6QYU5|A0A6I6QYU5_BIFAD,1.64e-67,tr|A0A6I6QYU5|A0A6I6QYU5_BIFAD DUF5052 family protein OS=Bifidobacterium adolescentis OX=1680 GN=F3K97_04670 PE=4 SV=1,MCSLGGCSDSESGWLEGRAFTMNAYSNTGELTLTSHAEKIGLDGNVTTDSRYYGIGTNGSVSSGSTDSLSSVITVTLDGRELDSCGDTLIFSEDGLEPVKDFAADALKSQDTERTTGTGSTSQLLNRYKDSFAKKHVVVIKSQMGTPIEVFNGDTIKWDIDDNLPKTTRLMVDGKTLYIHRANFQILDKDSLQ,214,545,196,56.122,110,67,138,3,19,70.41,98,/stor/scratch/Wilke/contig/database/metagenomic_contig_database/EMBL_EBI/EBI/or/ORQB01.fasta.gz
ENA|ORQB01000009|ORQB01000009.1,66109..170691,tr|A0A1X2Z2M0|A0A1X2Z2M0_BIFAD Clp_N domain-containing protein OS=Bifidobacterium adolescentis OX=1680 GN=B0487_1573 PE=4 SV=1,138022..138537,lcl|138022|138537|1|1,1,tr|A0A1X2Z2M0|A0A1X2Z2M0_BIFAD,1.45e-113,tr|A0A1X2Z2M0|A0A1X2Z2M0_BIFAD Clp_N domain-containing protein OS=Bifidobacterium adolescentis OX=1680 GN=B0487_1573 PE=4 SV=1,MDTSTTLEEQIQALMDSLADTALSAAESRHQSQAGEAHLLYALYRNDGLVGSILRGHGLESSEIRLLMSDIPNRPLKMGEDPVLSASSRRILHDAHDAVEVLRHVQRDSHVELLLRAHGIELPERQPTREQVEAASRTGVNLAQTVSPNRGRQVGVDYLSYTRLMLEAALN,328,842,171,97.076,166,5,166,0,0,97.08,100,/stor/scratch/Wilke/contig/database/metagenomic_contig_database/EMBL_EBI/EBI/or/ORQB01.fasta.gz
ENA|ORQB01000009|ORQB01000009.1,66109..170691,tr|A0A564W193|A0A564W193_BIFLI Uncharacterized protein OS=Bifidobacterium longum subsp. infantis OX=1682 GN=BLJG463_02377 PE=4 SV=1,138563..138949,lcl|138563|138949|2|1,1,tr|A0A564W193|A0A564W193_BIFLI,1.22e-62,tr|A0A564W193|A0A564W193_BIFLI Uncharacterized protein OS=Bifidobacterium longum subsp. infantis OX=1682 GN=BLJG463_02377 PE=4 SV=1,MENTEMKNGETDAVVSIIAWLDEWIDRTEKTMSAGEDDFSWLADREYLQAYRNARSHMTALRGTDECTVRHLSEWCGIRKREAKNSLQRLLESNIPYGDDSITCADSRRFAYQTIIDRCEEEDKEVRK,196,499,121,80.165,97,24,105,0,0,86.78,95,/stor/scratch/Wilke/contig/database/metagenomic_contig_database/EMBL_EBI/EBI/or/ORQB01.fasta.gz
ENA|ORQB01000009|ORQB01000009.1,66109..170691,tr|A0A1X2Z2M1|A0A1X2Z2M1_BIFAD Uncharacterized protein OS=Bifidobacterium adolescentis OX=1680 GN=B0487_1571 PE=4 SV=1,139018..139506,lcl|139018|139506|1|1,1,tr|A0A1X2Z2M1|A0A1X2Z2M1_BIFAD,2.31e-62,tr|A0A1X2Z2M1|A0A1X2Z2M1_BIFAD Uncharacterized protein OS=Bifidobacterium adolescentis OX=1680 GN=B0487_1571 PE=4 SV=1,MDTTILLKSLLWSASEAYRILQRGGLGYSEDNPDYLARFDRELVRFDNEPLEEGEKPRFTPVALRLVEHANSPLALLRAMQHTDCEGNLILKEHWIWPPEHEPTDKQVERAAEAGYFLSARSYFSYGNLKPWDKVKQASKEKWREWARLMLEATLNGTEEPC,199,505,160,65.625,105,48,116,1,7,72.50,99,/stor/scratch/Wilke/contig/database/metagenomic_contig_database/EMBL_EBI/EBI/or/ORQB01.fasta.gz
ENA|ORQB01000009|ORQB01000009.1,66109..170691,tr|A0A1X2Z3C5|A0A1X2Z3C5_BIFAD Uncharacterized protein OS=Bifidobacterium adolescentis OX=1680 GN=B0487_1570 PE=4 SV=1,139410..140102,lcl|139410|140102|3|1,1,tr|A0A1X2Z3C5|A0A1X2Z3C5_BIFAD,2.75e-131,tr|A0A1X2Z3C5|A0A1X2Z3C5_BIFAD Uncharacterized protein OS=Bifidobacterium adolescentis OX=1680 GN=B0487_1570 PE=4 SV=1,MGQGEASVQGEMAGMGAAHARSHTQRNGRTMLNINGVNIEYQYDGAHDARPAEHTLHGLDGLNLSGLDWMRLSHVCRLMAARDRKPERAFVRVSGWTADRPNMRLIVDVLQDDDGTVSVPLPLTSDYLLVDSAECDDRCQYGWLSVLEQLSEHVDYGRLNETGMRVVDWLNGMADPSPEIFEDWEAISLIRQNVYEDEPTELADLLRSTTRTERDECFDMLEQVETGRPL,377,968,200,92.000,184,15,190,1,1,95.00,87,/stor/scratch/Wilke/contig/database/metagenomic_contig_database/EMBL_EBI/EBI/or/ORQB01.fasta.gz
ENA|ORQB01000009|ORQB01000009.1,66109..170691,tr|A0A1X2Z2P2|A0A1X2Z2P2_BIFAD Uncharacterized protein OS=Bifidobacterium adolescentis OX=1680 GN=B0487_1569 PE=4 SV=1,140057..140464,lcl|140057|140464|2|1,1,tr|A0A1X2Z2P2|A0A1X2Z2P2_BIFAD,3.27e-80,tr|A0A1X2Z2P2|A0A1X2Z2P2_BIFAD Uncharacterized protein OS=Bifidobacterium adolescentis OX=1680 GN=B0487_1569 PE=4 SV=1,MLRHAGTGGNGEAIVMNDWLRVTAIGGGDYECRMTILKTDGTTITVTRPWHHHWTDGWDWKTIIRQWLSDAPETFEPYDGLAEWLSDADSERIDCWHCLSWLANHQRSAVEFLSDEEKKRLASRLGFERIAGQER,241,614,120,96.667,116,4,117,0,0,97.50,89,/stor/scratch/Wilke/contig/database/metagenomic_contig_database/EMBL_EBI/EBI/or/ORQB01.fasta.gz
ENA|ORQB01000009|ORQB01000009.1,66109..170691,tr|A0A1X2Z2L7|A0A1X2Z2L7_BIFAD Uncharacterized protein OS=Bifidobacterium adolescentis OX=1680 GN=B0487_1568 PE=4 SV=1,140629..141126,lcl|140629|141126|1|1,1,tr|A0A1X2Z2L7|A0A1X2Z2L7_BIFAD,1.17e-110,tr|A0A1X2Z2L7|A0A1X2Z2L7_BIFAD Uncharacterized protein OS=Bifidobacterium adolescentis OX=1680 GN=B0487_1568 PE=4 SV=1,MSVFLLVALTMFDHAKDSRESRKCVPYLTVSLLLPVVGLWAACKLADQPSTGNGVGLLLGIALGVLLFEQVWPWLSPAWVSNYLTLEERYSEPSDWKPKDGLLPPYWMRAYKIAYPTVQGTNDTRPHPEWVEQHADDLRFLRDHHADMYWKLEDAIWWIEKADKS,323,827,165,95.758,158,7,159,0,0,96.36,100,/stor/scratch/Wilke/contig/database/metagenomic_contig_database/EMBL_EBI/EBI/or/ORQB01.fasta.gz
ENA|ORQB01000009|ORQB01000009.1,66109..170691,tr|A0A1X2Z2K9|A0A1X2Z2K9_BIFAD Uncharacterized protein OS=Bifidobacterium adolescentis OX=1680 GN=B0487_1567 PE=4 SV=1,141237..141740,lcl|141237|141740|3|1,1,tr|A0A1X2Z2K9|A0A1X2Z2K9_BIFAD,7.38e-112,tr|A0A1X2Z2K9|A0A1X2Z2K9_BIFAD Uncharacterized protein OS=Bifidobacterium adolescentis OX=1680 GN=B0487_1567 PE=4 SV=1,MNKQPTIGEVYKRPEYFDAVWSKSIECYGVTKQSIVCMEECAELIEAYDVRRRDGLTDGTRSHMVEEMADVLICLWLLEHMYDIKGCDNRTRHPSSVGAGAALIKAVSKILRYNTEKERLDGLADAAEDVRRWVMLLETENGITDEELGEWVERKTVRQQRRIEGDK,324,830,167,94.611,158,9,162,0,0,97.01,100,/stor/scratch/Wilke/contig/database/metagenomic_contig_database/EMBL_EBI/EBI/or/ORQB01.fasta.gz
ENA|ORQB01000009|ORQB01000009.1,66109..170691,tr|A0A1X2Z2N9|A0A1X2Z2N9_BIFAD Uncharacterized protein OS=Bifidobacterium adolescentis OX=1680 GN=B0487_1566 PE=4 SV=1,141884..142117,lcl|141884|142117|2|1,1,tr|A0A1X2Z2N9|A0A1X2Z2N9_BIFAD,2.98e-38,tr|A0A1X2Z2N9|A0A1X2Z2N9_BIFAD Uncharacterized protein OS=Bifidobacterium adolescentis OX=1680 GN=B0487_1566 PE=4 SV=1,MIVEEEASSGEHAEIALLKHLADTFDRQLREAERAKDEGRDYTYNDGRSDAFGWAATYCRLMLERERQHEGKERNDA,132,332,77,83.117,64,13,72,0,0,93.51,100,/stor/scratch/Wilke/contig/database/metagenomic_contig_database/EMBL_EBI/EBI/or/ORQB01.fasta.gz
ENA|ORQB01000009|ORQB01000009.1,66109..170691,tr|A0A6I6QY58|A0A6I6QY58_BIFAD Uncharacterized protein OS=Bifidobacterium adolescentis OX=1680 GN=F3K97_04625 PE=4 SV=1,142110..142505,lcl|142110|142505|3|1,1,tr|A0A6I6QY58|A0A6I6QY58_BIFAD,1.15e-82,tr|A0A6I6QY58|A0A6I6QY58_BIFAD Uncharacterized protein OS=Bifidobacterium adolescentis OX=1680 GN=F3K97_04625 PE=4 SV=1,MHDFSQWLQSAGGMDEKVCVLLVFGALFSAIVAFTIESVTPLLFAVGCLCLSEGLSSPNLESEIKQIWGLQEVSSECDLPDHDLPTKNMKCYVTNGKGHKELVEIRVSKDGTKLGLYDTDGKALKPVGKGE,247,631,129,93.798,121,8,121,0,0,93.80,98,/stor/scratch/Wilke/contig/database/metagenomic_contig_database/EMBL_EBI/EBI/or/ORQB01.fasta.gz
ENA|ORQB01000009|ORQB01000009.1,66109..170691,tr|A0A6A2R8X8|A0A6A2R8X8_BIFAD Uncharacterized protein OS=Bifidobacterium adolescentis OX=1680 GN=GA631_08405 PE=4 SV=1,142502..143065,lcl|142502|143065|2|1,1,tr|A0A6A2R8X8|A0A6A2R8X8_BIFAD,2.56e-102,tr|A0A6A2R8X8|A0A6A2R8X8_BIFAD Uncharacterized protein OS=Bifidobacterium adolescentis OX=1680 GN=GA631_08405 PE=4 SV=1,MMVDFSKWVEAWNSYSPSHKITPGSPAYICNEIGVTLAMVAAVLALAVTVYAYATGEDIEHGKTSHIIMCMFSLAIVGVILMFMSEQLPSHSTSSTKPPTLSQQIERTWNLDALDDCKRTGGEDDFPVFGWLNDGEDLPDSRLKDGNWDCVAFTDEHIQHVLVHIKGDKLGLYKADGKALAANGKNE,301,771,180,82.222,148,25,157,1,7,87.22,96,/stor/scratch/Wilke/contig/database/metagenomic_contig_database/EMBL_EBI/EBI/or/ORQB01.fasta.gz
ENA|ORQB01000009|ORQB01000009.1,66109..170691,tr|A0A6I0VAW4|A0A6I0VAW4_BIFAD Uncharacterized protein OS=Bifidobacterium adolescentis OX=1680 GN=GA528_10185 PE=4 SV=1,143069..143497,lcl|143069|143497|2|1,1,tr|A0A6I0VAW4|A0A6I0VAW4_BIFAD,9.96e-86,tr|A0A6I0VAW4|A0A6I0VAW4_BIFAD Uncharacterized protein OS=Bifidobacterium adolescentis OX=1680 GN=GA528_10185 PE=4 SV=1,MAALSTVLVFAVLGVVWRAGRRLALRATHRIPRDAQPLLEDTKFVICLALVGGFGLLLTLNPGLLVLPKDTTFTEQVVRQAGLEALSCPTILDSKYMPGQGRYECEYVDAKGKAHDMSLLVTSGNKVWLYDHNGKPMKVTTR,256,655,142,94.366,134,8,138,0,0,97.18,100,/stor/scratch/Wilke/contig/database/metagenomic_contig_database/EMBL_EBI/EBI/or/ORQB01.fasta.gz
ENA|ORQB01000009|ORQB01000009.1,66109..170691,tr|A0A6I0V7U2|A0A6I0V7U2_BIFAD Uncharacterized protein OS=Bifidobacterium adolescentis OX=1680 GN=GA528_10190 PE=4 SV=1,143206..143700,lcl|143206|143700|1|1,1,tr|A0A6I0V7U2|A0A6I0V7U2_BIFAD,8.55e-41,tr|A0A6I0V7U2|A0A6I0V7U2_BIFAD Uncharacterized protein OS=Bifidobacterium adolescentis OX=1680 GN=GA528_10190 PE=4 SV=1,MSGPCGRLRTAPDVEPRSSRSPEGHHVHRTGGATGRIGGVVLPDHPRLQVHARSGQVRMRVRGRERKGPRHEPAGHVRQQGMALRPQRQTDEGDDEMNPEANPMPLVSDCDPVDACECPCCSTVFRVRTLMTDGAGRLMRDEYETVPMFCPMCGGRLEQSERKE,140,354,68,97.059,66,2,67,0,0,98.53,41,/stor/scratch/Wilke/contig/database/metagenomic_contig_database/EMBL_EBI/EBI/or/ORQB01.fasta.gz
ENA|ORQB01000009|ORQB01000009.1,66109..170691,tr|A0A1E7XXT0|A0A1E7XXT0_BIFAD Uncharacterized protein OS=Bifidobacterium adolescentis OX=1680 GN=B0487_1563 PE=4 SV=1,143705..143971,lcl|143705|143971|2|1,1,tr|A0A1E7XXT0|A0A1E7XXT0_BIFAD,5.85e-58,tr|A0A1E7XXT0|A0A1E7XXT0_BIFAD Uncharacterized protein OS=Bifidobacterium adolescentis OX=1680 GN=B0487_1563 PE=4 SV=1,MADPKYMRKIQGMCRCQDCGLMADNADIDVELDCDEIVFEWSDADDSQTCNLPPCYGGHRLQTDMTAYDLLLELGIIDDPYARNKERD,181,460,88,98.864,87,1,88,0,0,100.00,100,/stor/scratch/Wilke/contig/database/metagenomic_contig_database/EMBL_EBI/EBI/or/ORQB01.fasta.gz
ENA|ORQB01000009|ORQB01000009.1,66109..170691,tr|A0A6I1DJR1|A0A6I1DJR1_BIFLN Transposase OS=Bifidobacterium longum OX=216816 GN=GBB58_05865 PE=4 SV=1,145691..144273,lcl|145691|144273|2|-1,-1,tr|A0A6I1DJR1|A0A6I1DJR1_BIFLN,0.0,tr|A0A6I1DJR1|A0A6I1DJR1_BIFLN Transposase OS=Bifidobacterium longum OX=216816 GN=GBB58_05865 PE=4 SV=1,MSQKVRILKVRHTGCSVFLGLDSYGNRMWTRNPERIMDWLCDGWRSRYNQHRAHRPQRRLVEDVETRERIWVDVPLGGADVKPAVKDSQARLDCLWLACIPSPILSSCERVENTGWFAGLKRKKTNGGRVPGFRSRHKAPQYFVCWRNQSKTGNALYRRTGKRTGVVVITGSVPRQYRREGENEARWRIAIHVRVSQPIREYTSVAVNWTNGTLVFTNSPLPISRTDTGMMVGLDRGCVHTLATSDNIFLDIPQPSVKEMDEYKRLQRKLARQDRTNEKRGGRNAKFTSKNRKRTLQAIRSIQRRIDNRKDDWIAKTTTMLVREYDFIAMERLNVKAMSRSVRPKPDPDNPGHYLHNGRKRKSGLNRSILANRWTDILHCLEYKTKLAGTRLVQVPAYDTSRICNVCGYCDKNNRESQAVFHCHNCGHETNADVNASKNILDRALGTNGMDDAEEWRQQASTLVKTSGKQRR,907,2345,468,93.162,436,32,447,0,0,95.51,99,/stor/scratch/Wilke/contig/database/metagenomic_contig_database/EMBL_EBI/EBI/or/ORQB01.fasta.gz
ENA|ORQB01000009|ORQB01000009.1,66109..170691,tr|A0A6I6R0A7|A0A6I6R0A7_BIFAD Uncharacterized protein OS=Bifidobacterium adolescentis OX=1680 GN=F3K97_05695 PE=4 SV=1,146111..146737,lcl|146111|146737|2|1,1,tr|A0A6I6R0A7|A0A6I6R0A7_BIFAD,3.65e-34,tr|A0A6I6R0A7|A0A6I6R0A7_BIFAD Uncharacterized protein OS=Bifidobacterium adolescentis OX=1680 GN=F3K97_05695 PE=4 SV=1,MPAILVYILGVLTLPFLWLVYCLLVDLFHRSAWYCPWCSEWAVKSKDNPNRTAYLPNIIVWFARIGHRLSKRHRKWKRVYETYDFHPCKPSNVLRDGHMDEVIPLDDFDYGYQTIRYKSHGIGRDGKELVTTVDVPSELPYITCIRDGEQTEGDVYRNPDGSLSLIPWENNPSGKRFPLFDKDGNPAPLISPKEKETNTGRETLRQKE,129,325,198,35.859,71,119,103,3,8,52.02,94,/stor/scratch/Wilke/contig/database/metagenomic_contig_database/EMBL_EBI/EBI/or/ORQB01.fasta.gz
ENA|ORQB01000009|ORQB01000009.1,66109..170691,tr|A0A1X2Z2N2|A0A1X2Z2N2_BIFAD Uncharacterized protein OS=Bifidobacterium adolescentis OX=1680 GN=B0487_1559 PE=4 SV=1,146933..147589,lcl|146933|147589|2|1,1,tr|A0A1X2Z2N2|A0A1X2Z2N2_BIFAD,6.78e-149,tr|A0A1X2Z2N2|A0A1X2Z2N2_BIFAD Uncharacterized protein OS=Bifidobacterium adolescentis OX=1680 GN=B0487_1559 PE=4 SV=1,MQSSNEGANMADIETHPVYDLEHLPGHREIRRPKYAVKYWTQSETCQRNPRKYTLIAKSDSQRTIRNIMRRIDTQNGNHQYSSFRVRSLVDSEEYPEGVFSTEIRQDDDGNFLLYVAYIPAEDEPEPNPRNEDVVKTIRYGTECTLAGDMKAALRGNGNKPKDIVQVTGTVEQWKCRFDDPNVAFHSEQLHLWTEDRVYGFMQSDGCAMVVDMPRYPM,421,1083,208,94.712,197,11,203,0,0,97.60,95,/stor/scratch/Wilke/contig/database/metagenomic_contig_database/EMBL_EBI/EBI/or/ORQB01.fasta.gz
ENA|ORQB01000009|ORQB01000009.1,66109..170691,tr|A0A1X2Z2K7|A0A1X2Z2K7_BIFAD Cell surface protein OS=Bifidobacterium adolescentis OX=1680 GN=B0487_1558 PE=4 SV=1,150978..147688,lcl|150978|147688|1|-1,-1,tr|A0A1X2Z2K7|A0A1X2Z2K7_BIFAD,0.0,tr|A0A1X2Z2K7|A0A1X2Z2K7_BIFAD Cell surface protein OS=Bifidobacterium adolescentis OX=1680 GN=B0487_1558 PE=4 SV=1,MEHNTDSEAVTKQLETVTVSAAPRWNIELASLKRIQSGTYDFGESKDDDAINKTAGKVTGVLSHLTINVANTSTDHAKGVKGLEATNEPVTFDVKISNQWRRQGASTPIANQPNSLQPLAWSIANGSNSWMAIFHKYPSDRSNTKEAETFNSRKKNDNASEWKMTQETKNGYIILHLTVSHLDQYYDPYNKDQQNGILNWASAGIDLVNPTKINNKNLADQYGSDLNLQQDVWDMNLQASSVSGIKAKSAPSDSSNQSIISDDETGVSIPLYVSGMDSKYNQSIEYGCAGWEWQDSHTKDSSCIVFRQEGSSVHDGSDVAVRGQKVMLASHISYSQNKTNLPVIRTRLMKIDSTVLEPYENASTWNRASLGDGKNIFSESTLAYGVKKDGKAWSSDIEQAKAGISDLNYYNSISEAKKHGEIVAILATSYNAAPYNSTWMEGNEGIGRDFFGLDIQVKTGREIINKTAQYTVQSLMWTRKDLAAKAGLDANNASNKDWANWISKNKLDPAELSKQVNPSGRVDSTPYQKAKWDDVQGYVGGDTADQHYGDSLHIVAEIAQVSKSTDQSDGNKGFKQTYDIDNGQRYVDWNLNVSMASNPYGRDAVDAKTDVTVTDTLPAKLHYLPSTAYLGGDYKEHTPSQGSVANGTRIEPNATLNADGTTTLVWHLDNIDTSKQYTIHYSTSVGDATDPDNDVVNAEQLTNKVSVSTYRSPVRPKMDLTHSEYTIKISRLKLTTLAIKADPLVNDVNSALHWKSIKTNNLETPLSNPIATAIMPNTANKLSSYQGDWVLTGLKVSVRNGAQLGDGHLVYSTDSKYLTTDPSAIKTADVKGWKTLPFNTATGIASISQNLRPTAWAWVGDKPLSGGASVIFDITVQPSDNRPANLYEVRWGDGFNKTDADATVVQRVVSGIAWYDKNGNGIREDSDALASNVTVTLTDSNGKTVMGYDGKALTTVTGKDGTYRLVGVPAGTGYQVRFSPDRRDSWLKLKTTVKNAKGSVKATNSSADPISDSAGMKSAYIKLSDFPSPSQMASPVYEDVYENCGIIRTVMPYFETPITSMPFTGGQLLLILVTVSSLSLIFGLVLLRPKKTGRKH,2021,5237,1098,89.982,988,108,1045,1,2,95.17,100,/stor/scratch/Wilke/contig/database/metagenomic_contig_database/EMBL_EBI/EBI/or/ORQB01.fasta.gz
ENA|ORQB01000009|ORQB01000009.1,66109..170691,tr|A0A1X2Z2K7|A0A1X2Z2K7_BIFAD Cell surface protein OS=Bifidobacterium adolescentis OX=1680 GN=B0487_1558 PE=4 SV=1,151291..151076,lcl|151291|151076|3|-1,-1,tr|A0A1X2Z2K7|A0A1X2Z2K7_BIFAD,6.13e-37,tr|A0A1X2Z2K7|A0A1X2Z2K7_BIFAD Cell surface protein OS=Bifidobacterium adolescentis OX=1680 GN=B0487_1558 PE=4 SV=1,MASKNSKDYYKDARIKFKFSMPFNTSVAEFSTKEMLWMDTAAGYGYKVGYEDVKGAKYQTLTCWRHQWDKG,140,352,66,96.970,64,2,65,0,0,98.48,93,/stor/scratch/Wilke/contig/database/metagenomic_contig_database/EMBL_EBI/EBI/or/ORQB01.fasta.gz
ENA|ORQB01000009|ORQB01000009.1,66109..170691,tr|A0A1X2Z2K0|A0A1X2Z2K0_BIFAD Thymidylate synthase OS=Bifidobacterium adolescentis OX=1680 GN=thyA PE=3 SV=1,152688..151846,lcl|152688|151846|1|-1,-1,tr|A0A1X2Z2K0|A0A1X2Z2K0_BIFAD,0.0,tr|A0A1X2Z2K0|A0A1X2Z2K0_BIFAD Thymidylate synthase OS=Bifidobacterium adolescentis OX=1680 GN=thyA PE=3 SV=1,MTPKEAKNYVAGTLEREQPYERLLRQVVLDGELTHDRTGVGTLSTFGTRMEFNLQDGFPLVTTKKVFLRGIIAELLWFIAGDNKVSTLQKQNVHIWDEWVLPDGTIGKGYPIQWRSWSKTDGTTVDQLSNALDLIRHNPSSRRIIVSAWNAGELDEMALPPCHALFQFHVRGNKFLDCQLYQRSADMFLGVPFNIASYSLLTMMMSQQAGLEPGRFIWVGGDTHVYLNHLEQVCEQLSREPRPWPHMEIDKADSLFDYKPDMFHLIGYTPWPSIKAPVAV,566,1460,280,96.429,270,10,275,0,0,98.21,100,/stor/scratch/Wilke/contig/database/metagenomic_contig_database/EMBL_EBI/EBI/or/ORQB01.fasta.gz
ENA|ORQB01000009|ORQB01000009.1,66109..170691,tr|A0A1X2Z2M7|A0A1X2Z2M7_BIFAD RNA ligase OS=Bifidobacterium adolescentis OX=1680 GN=B0487_1556 PE=4 SV=1,154742..153039,lcl|154742|153039|2|-1,-1,tr|A0A1X2Z2M7|A0A1X2Z2M7_BIFAD,0.0,tr|A0A1X2Z2M7|A0A1X2Z2M7_BIFAD RNA ligase OS=Bifidobacterium adolescentis OX=1680 GN=B0487_1556 PE=4 SV=1,MTTLTILRGLPGSGKSTWARKHVDSNTVIVSLDGLREMMAGGRQAWHEIMNPQLNRILVRQAHAIISDLLSKGVNVISDSQHANPRFCVDEVQIAVRHKAHVETFTFNTPLDVLLERNQTRPENDRVPEEYLRTQYETWHENLDHESRWVNIHVRKVDGTYHMNPSGDPALVDVGLLWNDKTRVPDNAEFGYTAVPAKGRDLTGVIQLDTPPLRDGRKWTLDRYLKWLEQGAHKANDRFADFSTDGRNLLELMRDSDNVNVRPVKGENDVYACNFSRDAFKNRRWDEYSSKARGLFLDRNGKVVARGFEKFFNLGENEQTTRENIDRRLKFPVRVERKENGFLGLVSACEDGSWRFWSKSGQTDYSYLIEHLFKQTLDIGQEEALWNIAHDANVTLAFEVIDQDSDRHIIKYDTSRLVFLHAIKNTVDFHIDYDADDLIDTDRFFARPEVLAVFQTEEQRESLWHMLDEERRWSDREGVVVYDADGYMFKLKSDYYLEVKSLRNLLERAVLRNKPIADNDHSERAELARWVLSHANMNRLVYTRKAFNERGVDMEYVGDLLSRGCML,1108,2867,567,94.533,536,31,549,0,0,96.83,100,/stor/scratch/Wilke/contig/database/metagenomic_contig_database/EMBL_EBI/EBI/or/ORQB01.fasta.gz
ENA|ORQB01000009|ORQB01000009.1,66109..170691,tr|A0A1X2Z2L6|A0A1X2Z2L6_BIFAD Uncharacterized protein OS=Bifidobacterium adolescentis OX=1680 GN=B0487_1555 PE=4 SV=1,155065..154775,lcl|155065|154775|3|-1,-1,tr|A0A1X2Z2L6|A0A1X2Z2L6_BIFAD,1.19e-49,tr|A0A1X2Z2L6|A0A1X2Z2L6_BIFAD Uncharacterized protein OS=Bifidobacterium adolescentis OX=1680 GN=B0487_1555 PE=4 SV=1,MNSYQKQYADALRMAIKRKTKKDADEWLDQQKVSDGKTRIAMKKAYIEGRLSNLTDESIVSLYEIMDSIYMSDRTEYRGEESTEEILEKLYDVQVK,160,406,83,97.590,81,2,81,0,0,97.59,86,/stor/scratch/Wilke/contig/database/metagenomic_contig_database/EMBL_EBI/EBI/or/ORQB01.fasta.gz
ENA|ORQB01000009|ORQB01000009.1,66109..170691,tr|A0A1X2Z2K5|A0A1X2Z2K5_BIFAD Metallophos domain-containing protein OS=Bifidobacterium adolescentis OX=1680 GN=B0487_1554 PE=4 SV=1,155906..155208,lcl|155906|155208|2|-1,-1,tr|A0A1X2Z2K5|A0A1X2Z2K5_BIFAD,3.73e-169,tr|A0A1X2Z2K5|A0A1X2Z2K5_BIFAD Metallophos domain-containing protein OS=Bifidobacterium adolescentis OX=1680 GN=B0487_1554 PE=4 SV=1,MTKYFTSDTHFAHPFVSALRGYAKPGFTSDNTIKQQANEAHMQVKDCVNWYRHDMDVTDRINEIVGPNDELYILGDLCSGGAWSLHQALMHIKSLRCPRNNRHLILGNHDDVLYGKSKGFKDLTEAFGEIGRIGMTDITDGETVMPVFLCHFQWREDFDLPALDGVASNWAKPELRQYAIPQVGENMRLLHGHTHAGTPHEFENRNEINVGLDAWGMSPVSEVELVSMFREG,474,1220,232,95.690,222,10,228,0,0,98.28,100,/stor/scratch/Wilke/contig/database/metagenomic_contig_database/EMBL_EBI/EBI/or/ORQB01.fasta.gz
ENA|ORQB01000009|ORQB01000009.1,66109..170691,tr|A0A1X2Z2K1|A0A1X2Z2K1_BIFAD Uncharacterized protein OS=Bifidobacterium adolescentis OX=1680 GN=B0487_1553 PE=4 SV=1,156379..155966,lcl|156379|155966|3|-1,-1,tr|A0A1X2Z2K1|A0A1X2Z2K1_BIFAD,1.05e-94,tr|A0A1X2Z2K1|A0A1X2Z2K1_BIFAD Uncharacterized protein OS=Bifidobacterium adolescentis OX=1680 GN=B0487_1553 PE=4 SV=1,MSDKQETIEILVIKQDDKPIRKTIPNTLEAKQHEVGGYIEPYGLKNGATIYCNEEGKIGSWSLNRAIRAYDLDDMAGSQIVEMMAGTFFISGFDPESGEDTSLTEEQFNHWAKRFHSPEILVQNANNELLAVPVPIK,278,711,137,96.350,132,5,136,0,0,99.27,100,/stor/scratch/Wilke/contig/database/metagenomic_contig_database/EMBL_EBI/EBI/or/ORQB01.fasta.gz
ENA|ORQB01000009|ORQB01000009.1,66109..170691,tr|A0A1X2Z2J6|A0A1X2Z2J6_BIFAD Uncharacterized protein OS=Bifidobacterium adolescentis OX=1680 GN=B0487_1548 PE=4 SV=1,158948..158472,lcl|158948|158472|2|-1,-1,tr|A0A1X2Z2J6|A0A1X2Z2J6_BIFAD,7.35e-100,tr|A0A1X2Z2J6|A0A1X2Z2J6_BIFAD Uncharacterized protein OS=Bifidobacterium adolescentis OX=1680 GN=B0487_1548 PE=4 SV=1,MGPNRGVSSNMVINGRLVCGYCSAPITRLYGGIIGKQQSYPCPNCGCMNYVTPKITYSASTFGSQVKDALLDLIERHGGSHWDCNGDVENISMPYRGVHAELRTYDDYCYGILDGLHVNVGSTSIPVLDLKDLTPEQAATRILLRVFRECRKQREESV,292,748,148,93.919,139,9,142,0,0,95.95,94,/stor/scratch/Wilke/contig/database/metagenomic_contig_database/EMBL_EBI/EBI/or/ORQB01.fasta.gz
ENA|ORQB01000009|ORQB01000009.1,66109..170691,tr|A0A1X2Z2I9|A0A1X2Z2I9_BIFAD Uncharacterized protein OS=Bifidobacterium adolescentis OX=1680 GN=B0487_1547 PE=4 SV=1,160221..159631,lcl|160221|159631|1|-1,-1,tr|A0A1X2Z2I9|A0A1X2Z2I9_BIFAD,3.76e-141,tr|A0A1X2Z2I9|A0A1X2Z2I9_BIFAD Uncharacterized protein OS=Bifidobacterium adolescentis OX=1680 GN=B0487_1547 PE=4 SV=1,MSNITADEYSLLEFISSRDKQEDNSRILLEQTKKILKSLVRKGFGKIEHYSNIGDWFIPDMDAINEFVETHVGQYKLERKYLQYDMFNILEEISRKGYGWNYVSQPTAKASMERLRHYGCVTYVKRGDKYIATGTPEGIAFAKNMMATATRTCAECGRKYPYYSGMKAYDICSKECYYKRFGTPEERRAKRLQKKN,400,1028,196,96.939,190,6,194,0,0,98.98,100,/stor/scratch/Wilke/contig/database/metagenomic_contig_database/EMBL_EBI/EBI/or/ORQB01.fasta.gz
ENA|ORQB01000009|ORQB01000009.1,66109..170691,tr|A0A6A2RGH8|A0A6A2RGH8_BIFAD Pentapeptide repeat-containing protein OS=Bifidobacterium adolescentis OX=1680 GN=GA631_06935 PE=4 SV=1,162170..160416,lcl|162170|160416|2|-1,-1,tr|A0A6A2RGH8|A0A6A2RGH8_BIFAD,0.0,tr|A0A6A2RGH8|A0A6A2RGH8_BIFAD Pentapeptide repeat-containing protein OS=Bifidobacterium adolescentis OX=1680 GN=GA631_06935 PE=4 SV=1,MRITDGTETMEVSVREYGDHSDREITDQTLPSLVEWAETPGIVENVRRTAQRLVELFANDGKNARTILGYIPDGAKLGLNIRLYAPDIRDDGRGLPDDIRLTRYMRVGRPSPGVVVETELYRLGNVLRGRDLSGLDLRYLDFSGVDLCDVDMSGADLRGSLIDSGTPLGHTVSRDADMRRMRFLGTLKAGRPVYLENADLREADFSHANVSWFQFNGADMSDAILRNAVFECTNMERVNLAGADLTGANMGGIDLRKANLTGATMDRAFLDRTVMSDATISGASVQSLRSRNSNVRRVDFGQTYGTGSMFFENTKTKGSTLPRGFVNHYRDNSLIAQGDGWKLNYRLGALTYVLTFDWRDGCPEPRTLAHNPKWADIGNRNRIEGIRFVPGSKAPEDMSVFFEDMWALRRVDFTNLDMSKTVSLAWMFNNAGDGDVEIVNLKAPNARDCERLFRLGPDVTSLKVPGLDASGAEVAREMFGTWNRITELDLSELRLPQAKDINRMFTFCERLRKLDISNLELPPDVKMDDGTPTMFSNCVALEHVDMPVRGALSDRYGEMMKRLNAGDRAVLKARPYPRVTILAL,1075,2781,584,90.240,527,57,548,0,0,93.84,100,/stor/scratch/Wilke/contig/database/metagenomic_contig_database/EMBL_EBI/EBI/or/ORQB01.fasta.gz
ENA|ORQB01000009|ORQB01000009.1,66109..170691,tr|A0A1X2Z2L9|A0A1X2Z2L9_BIFAD Uncharacterized protein OS=Bifidobacterium adolescentis OX=1680 GN=B0487_1546 PE=4 SV=1,163962..162382,lcl|163962|162382|1|-1,-1,tr|A0A1X2Z2L9|A0A1X2Z2L9_BIFAD,0.0,tr|A0A1X2Z2L9|A0A1X2Z2L9_BIFAD Uncharacterized protein OS=Bifidobacterium adolescentis OX=1680 GN=B0487_1546 PE=4 SV=1,MLDALDMIDKGNEIRRNLGLPEWTVNDADTADAQLAADYNTYSQNTGHVFTGTAQNLAWGYDNPYDGWYTEEKAVFDQYAGKNPELRNMTAVEIYMKYPDIYEQTGHYLNIIDPDCDTTGFAITGSLTAAQNFSQKYLYSSGVSVDEYRQQILSYKNALDSAADVYQKALDKANEAKKAAQQAQQELAELQERSQSAQQTADEAAKTAKAKDEAYQKALDAYNAAVKAGKTADGTYAQAKDEADAKQTVYEQKQSATKNAQSEFDSANQQVKTAQSNVDKAQAAVDEAKKQVKEAQAKLDGYTDANAKLAEARKKLAEAEKTLSKAQDEQKTAQANLDKAKAAKADADKTLADANAKLDKAKADKKQTEAALTDAKNALDGIAAKPGEGDIIDPGFSVDDDSSKPSTPDTPSTPDDSGKPNDSNSTGTSKGDTGKTDATKDDSSSLTATTVSTKKNESKAETADEKAYKTTTYKVDADNKTVTATGEDNLATTGVDVAGIAAVSIVALMMGVGFVGVERSISRNDA,787,2033,525,83.810,440,63,461,3,22,87.81,99,/stor/scratch/Wilke/contig/database/metagenomic_contig_database/EMBL_EBI/EBI/or/ORQB01.fasta.gz
ENA|ORQB01000009|ORQB01000009.1,66109..170691,tr|A0A1X2YSI7|A0A1X2YSI7_BIFAD Uncharacterized protein OS=Bifidobacterium adolescentis OX=1680 GN=B0487_2082 PE=4 SV=1,165934..165287,lcl|165934|165287|3|-1,-1,tr|A0A1X2YSI7|A0A1X2YSI7_BIFAD,9.10e-102,tr|A0A1X2YSI7|A0A1X2YSI7_BIFAD Uncharacterized protein OS=Bifidobacterium adolescentis OX=1680 GN=B0487_2082 PE=4 SV=1,MMLFRGILCSRVLVGRVCWWLVVSVCWRSWLGLRWSWLRWVDLPQYCVILKLFTQKQKIKKEQTMNKQTTLEEFEKGMTENLSYLQRNTKEGKYVWTKSHVCNPERSFSRSWKMTLCMWGEEGYVKEATFSLTYDLSLQYAGDNGSAAGIPTETARIPMYRDGVPITTFKAVDKSAKILLDKVEQVLGLAEKFERGFWELNQTSKGLTSLERAMF,300,767,151,95.364,144,7,147,0,0,97.35,70,/stor/scratch/Wilke/contig/database/metagenomic_contig_database/EMBL_EBI/EBI/or/ORQB01.fasta.gz
ENA|ORQB01000009|ORQB01000009.1,66109..170691,tr|A0A1X2YRN0|A0A1X2YRN0_BIFAD Uncharacterized protein OS=Bifidobacterium adolescentis OX=1680 GN=B0487_2081 PE=4 SV=1,166487..165810,lcl|166487|165810|2|-1,-1,tr|A0A1X2YRN0|A0A1X2YRN0_BIFAD,8.73e-157,tr|A0A1X2YRN0|A0A1X2YRN0_BIFAD Uncharacterized protein OS=Bifidobacterium adolescentis OX=1680 GN=B0487_2081 PE=4 SV=1,MSTVTPVDPIEKLFVNTRGQISDQFRLRKLKMRLGTVGDITAMTAEQFTGLFGSDYMRVVRNRLRKNGLNFRPVEDSALYREGVDDPDFRIRLYSIGVGSLAKLSKISLAQFLHYLARLRESRRLQYSSGVTVPQFGALNIAHLERVMFENGFRFRDGSLNTADLTMLGNNRDGSPTGKNMVNAHDVVSGHPVFSGARRKSLLVARRKRLLEELAGIEVELASLG,442,1137,225,97.778,220,5,222,0,0,98.67,100,/stor/scratch/Wilke/contig/database/metagenomic_contig_database/EMBL_EBI/EBI/or/ORQB01.fasta.gz
ENA|ORQB01000009|ORQB01000009.1,66109..170691,tr|A0A1X2YRP1|A0A1X2YRP1_BIFAD Uncharacterized protein OS=Bifidobacterium adolescentis OX=1680 GN=B0487_2080 PE=4 SV=1,166873..166505,lcl|166873|166505|3|-1,-1,tr|A0A1X2YRP1|A0A1X2YRP1_BIFAD,3.13e-82,tr|A0A1X2YRP1|A0A1X2YRP1_BIFAD Uncharacterized protein OS=Bifidobacterium adolescentis OX=1680 GN=B0487_2080 PE=4 SV=1,MWKIIHLNSGHTLITEDNIDLTKPVITANVLDHETSIALHAISGELLENVFYPMTYRPPIRRTEYRVANPERIQAFLSATNRVSIPLGSVDYVEDYVPTAVEDEGKDGYGGAYRNAIHGEGC,245,626,122,96.721,118,4,120,0,0,98.36,100,/stor/scratch/Wilke/contig/database/metagenomic_contig_database/EMBL_EBI/EBI/or/ORQB01.fasta.gz
ENA|ORQB01000009|ORQB01000009.1,66109..170691,tr|A0A1X2YRN7|A0A1X2YRN7_BIFAD Restriction endonuclease OS=Bifidobacterium adolescentis OX=1680 GN=B0487_2079 PE=4 SV=1,167379..170522,lcl|167379|170522|3|1,1,tr|A0A1X2YRN7|A0A1X2YRN7_BIFAD,0.0,tr|A0A1X2YRN7|A0A1X2YRN7_BIFAD Restriction endonuclease OS=Bifidobacterium adolescentis OX=1680 GN=B0487_2079 PE=4 SV=1,MAGIARRTRNMRKRRRHRLNQLDRQLYQLGYPVDEVPETEHGLYEYWNVRSALATAYVSDKDKRDRMMVMAIRHIARHRGWRNSYSRVETLFEDVEPSDQYKDLKQRVETRLGVKLDEDMTPAQLVALTLNERDKNFMRVRTSTKYGEGILPNRLMQSDNARELRRIFTVQQVPEDVWKPILRTVFHCASPKGSAEKHVGTDPLDQTQKRALKASIAFQKYRILNVITNLRIRRKSEAPRPLTVNEKQDVYELLTTAKEDLEWLDVCAVLDIERNELKGVGILTHDGEERIGNKPPVLDTVIRLHGIKNTKLRKMMDAWWNSATEDERAAMIRLLSNTVDLDKVRDLIEYASPIEFIDGLDEELLTPLDSISLPVGRAAYSEKTLDRLSKRMLETEDDLHYAIRHEFDVPADWKPPVPPVQEPTGNPAVDRVLKAFNRFLSQCEQEYGIPESIAIETTKESFSSIALGRTLDYERRQRRDKDNQTRAAIREDMRKQLSNGGSFKVHDYDIRRWEIVQSQNNTCLYCGSTSPRFSFDKSELDHIVPRRGVGSDSKRTNMAAVCPECNANKSNIPFAVWVHSDYAKAHGITMNDVIARVNQLMFPPSMNRKQVGQVKKTIIGRLKQTEQDEPLDNRSIESVGWMADELHRRLDGRYANKTVKVSTFPGSITYEARRASGIDGQIHFIGAQWKTRLDRRHHAVDASVIAMMNQSVALRLAERHYLRESQRLCGTPFGQADWKQYPNENTPGYDQYQQWSGQMKNLLHLLNKGLDEDTIPVVRSRRLRLGNSTAHDATVKPLQYVRLGDAMPTSLIDHALTPQVWKALTGLSDYDPQNGLPANPKRVITALGEVCHAKDEIGFLPGNNAQLFVNGGAADIGGTIHHARIYRCEQVLKNGKRKTFYGMVRVFQCDLMKRRKNTDLFRTPLHPADVSIRYADGKVRDAIRQGHATCIARLTINDEIKLTPEMMRDMCPEYANMFHTDSGVERRFIVAGFPSPIQFRLVPSVIAGEGLSKMVEQGLEVPPKVEKMFKLHTFVPVVNKIGHVLEQ,1168,3021,597,95.477,570,27,590,0,0,98.83,57,/stor/scratch/Wilke/contig/database/metagenomic_contig_database/EMBL_EBI/EBI/or/ORQB01.fasta.gz
ENA|ORQB01000009|ORQB01000009.1,66109..170691,CRISPR array,118841..118904,,,,,"Copies: 2, Repeat: 18, Spacer: 27",CCATGCCACAACAGCCTA,,,,,,,,,,,,/stor/scratch/Wilke/contig/database/metagenomic_contig_database/EMBL_EBI/EBI/or/ORQB01.fasta.gz
