Ga0169702_100279,15410..40890,tr|A0A2N8HRP9|A0A2N8HRP9_9BACT Type I-C CRISPR-associated protein Cas5 OS=Akkermansia muciniphila OX=239935 GN=cas5c PE=4 SV=1,17609..18322,lcl|17609|18322|2|1,1,tr|A0A2N8HRP9|A0A2N8HRP9_9BACT,4.21e-177,tr|A0A2N8HRP9|A0A2N8HRP9_9BACT Type I-C CRISPR-associated protein Cas5 OS=Akkermansia muciniphila OX=239935 GN=cas5c PE=4 SV=1,MTETGILLHVWGEWACFTRPELKAERYSYEVMTPSAAIGILSAIYWKPEIRWHIDKIHVLKPIKLVSIRRNEVSAKATAPKSDVIKNGGEARLGLLVEDTRQQRSSTILQDVEYLIEAHFSVLKAQGNINDQAKHHEMFKRRAMKGQSFHQPYFGTREFPVSFEWWNQQTPPPSSLPPDQQNRNLGMMLHEIEFVPDRKGKIISSHDGKKLSAVPHFFPAELNSGILHVPSLNRTNS,494,1273,237,100.000,237,0,237,0,0,100.00,100,/stor/scratch/Wilke/contig/database/metagenomic_contig_database/EMBL_EBI/EBI2/zz/assembly/59/IMG_3300029020/IMG_Data/195573.assembled.fna.gz
Ga0169702_100279,15410..40890,tr|A0A2N8HRT1|A0A2N8HRT1_9BACT Type I-C CRISPR-associated protein Cas8c/Csd1 OS=Akkermansia muciniphila OX=239935 GN=cas8c PE=4 SV=1,18324..20183,lcl|18324|20183|3|1,1,tr|A0A2N8HRT1|A0A2N8HRT1_9BACT,0.0,tr|A0A2N8HRT1|A0A2N8HRT1_9BACT Type I-C CRISPR-associated protein Cas8c/Csd1 OS=Akkermansia muciniphila OX=239935 GN=cas8c PE=4 SV=1,MIIPALSELYDRLSQDPDVTAKGDLPTIGKSRQKISFRIILKPDGTLVGMDDIRAMDAPEGKKAAKLHSIPILVLGSSKPSGSGLNPCFLWDNCGYLLGYKGETGEKEQKRIREAFSSFRDKHLSVESSVNHPHFSAVCRFLEQWDPGQTPSHLASPDLWISNGIFRIAGEMKHVHETPEIQDWWFHGGEEQWQGSKKEKEKGICLVSGKEEPLALLHEPAIKGVLGAQVSGAKIVSFNCSSFTSYGKDQSLNAPVGENTAFAYCNALNYLLSHSQYNTRIGDASVVFWADAPKETMDMEAFLFGAVTTGKTLPPAMDQAAVDQLSKITELLRNGELSKGKLDHADVPFFILGISPNASRLSIRFWYQSTFGELIENIQTHYRDISLARQWTEKNSNYPDPELPKPFDILKETVRDMKELPSLYSGVLMKSILFHLPYPDIIAQAIIRRIRIDKKVNYIRCSLLKGWLYRKTNNHDLTTMQTINPDNHNIGYLLGRLFAVYVKTQEDALGKDLNRTVRDSYFSSMCAHPRSVYSTVNKLYQYHLKQLVKQKHGEGTKINREKLVQEIKSHIPDNVPVHMGLEQQAYFDLGFYHQMNDFFTEKEISQTTKTQTTDNNEQN,1293,3347,619,99.677,617,2,618,0,0,99.84,100,/stor/scratch/Wilke/contig/database/metagenomic_contig_database/EMBL_EBI/EBI2/zz/assembly/59/IMG_3300029020/IMG_Data/195573.assembled.fna.gz
Ga0169702_100279,15410..40890,tr|A0A2N8HRQ6|A0A2N8HRQ6_9BACT Type I-C CRISPR-associated protein Cas7/Csd2 OS=Akkermansia muciniphila OX=239935 GN=cas7c PE=4 SV=1,20170..21030,lcl|20170|21030|1|1,1,tr|A0A2N8HRQ6|A0A2N8HRQ6_9BACT,0.0,tr|A0A2N8HRQ6|A0A2N8HRQ6_9BACT Type I-C CRISPR-associated protein Cas7/Csd2 OS=Akkermansia muciniphila OX=239935 GN=cas7c PE=4 SV=1,MNKIDFLILFDVTDANPNGDPDAGNLPRMDAESGHGLITDVCLKRKVRNFIQLTKDGEPGYEIYVKEKAILNNQQNRAYVALEINQKDAKQADYDKAKSWMCQTFFDIRTFGAVMTTGVNCGQVRGPIQISFARTIDPVSTSEFAVTRCAVTTEAESIKQKGDNRTMGRKFTLPYALYKTQGCLNPFLAKQTGFSENDWKVFQNALVHLFDFDASAARPSGSMAIRKIVLFKHDSELGNAPAHKLFDAVSVVKHENVEFPRSIQDYDITIHHDLIPAGVTVEEIDC,600,1546,286,100.000,286,0,286,0,0,100.00,100,/stor/scratch/Wilke/contig/database/metagenomic_contig_database/EMBL_EBI/EBI2/zz/assembly/59/IMG_3300029020/IMG_Data/195573.assembled.fna.gz
Ga0169702_100279,15410..40890,tr|A0A2N8HRP4|A0A2N8HRP4_9BACT GNAT family N-acetyltransferase OS=Akkermansia muciniphila OX=239935 GN=CXU17_10100 PE=4 SV=1,21629..21117,lcl|21629|21117|2|-1,-1,tr|A0A2N8HRP4|A0A2N8HRP4_9BACT,4.41e-121,tr|A0A2N8HRP4|A0A2N8HRP4_9BACT GNAT family N-acetyltransferase OS=Akkermansia muciniphila OX=239935 GN=CXU17_10100 PE=4 SV=1,MIRKCLESELETIYEIINDSAVVYKDRIPTDRWKEPYMPVDELKEQIRDGVVFYCFEDKGCLLGVMGIQDRDDVKLIRHAYVRTCARRGGIGVQLLNYLRKDQEKPVLIGTWADAIWAIDFYQKNGFHLVGPEERKLLLKKYWTVPERQIETSVVLADEKYIRSQRGLVE,347,891,170,100.000,170,0,170,0,0,100.00,100,/stor/scratch/Wilke/contig/database/metagenomic_contig_database/EMBL_EBI/EBI2/zz/assembly/59/IMG_3300029020/IMG_Data/195573.assembled.fna.gz
Ga0169702_100279,15410..40890,tr|A0A2N8HRQ2|A0A2N8HRQ2_9BACT Uncharacterized protein OS=Akkermansia muciniphila OX=239935 GN=CXU17_10095 PE=4 SV=1,21656..21862,lcl|21656|21862|2|1,1,tr|A0A2N8HRQ2|A0A2N8HRQ2_9BACT,1.76e-40,tr|A0A2N8HRQ2|A0A2N8HRQ2_9BACT Uncharacterized protein OS=Akkermansia muciniphila OX=239935 GN=CXU17_10095 PE=4 SV=1,MQRKPNILLPYFNNKFFLKRRFIYITNYLFKDASFTIIFLYYSKKVGSKSILPQQPILNEMPFSKAGV,135,341,68,100.000,68,0,68,0,0,100.00,100,/stor/scratch/Wilke/contig/database/metagenomic_contig_database/EMBL_EBI/EBI2/zz/assembly/59/IMG_3300029020/IMG_Data/195573.assembled.fna.gz
Ga0169702_100279,15410..40890,tr|A0A2N8HRR8|A0A2N8HRR8_9BACT Glycine--tRNA ligase OS=Akkermansia muciniphila OX=239935 GN=CXU17_10090 PE=3 SV=1,25600..24023,lcl|25600|24023|3|-1,-1,tr|A0A2N8HRR8|A0A2N8HRR8_9BACT,0.0,tr|A0A2N8HRR8|A0A2N8HRR8_9BACT Glycine--tRNA ligase OS=Akkermansia muciniphila OX=239935 GN=CXU17_10090 PE=3 SV=1,MADRTNTDPARMEKIVSLCKRRGFIFQAAEIYGGLNGCWDYGPMGVELKRNLKEYWWRKNVQERDDMVGMDGSILTHNSVLVASGHVGGFSDPMCDCLLTKERLRADQIPAQSGTGFFYTGASRKDGSWSVEKEYSVLVDSEKQADRARKTAAQYYAQLAGKDVSHKEMELKGERMEPITDSTMYNPANGSLVTEAREFNLMFKTTIGATSDENDPNATGWLRPETAQSIFCQYKNILDSSRVKLPFGIAQIGKSFRNEINPRNFTFRSREFEQMEIEYFCRPEDGLRLVDEWLEHRLSFYDEVGVPREHIHLLDVPDGERAFYSKKTYDLEYEFPFGIQELEGIAYRTDYDLSCHQKGSGRPLEYFDEETREKFIPHVVEPSAGCDRTILAIICEAFDEEELVDDKGKKDVRTVLRFVPRMAPIKAAIFPLLKKNEEQVRIAREIEKTLQPWMPVFYDETGAVGRRYRRQDEVGTPFCITVDFETLGENDASLKDTVTIRHRDSMEQERVAIKDLLHWLIARVR,1095,2833,525,100.000,525,0,525,0,0,100.00,100,/stor/scratch/Wilke/contig/database/metagenomic_contig_database/EMBL_EBI/EBI2/zz/assembly/59/IMG_3300029020/IMG_Data/195573.assembled.fna.gz
Ga0169702_100279,15410..40890,tr|A0A2N8HRR4|A0A2N8HRR4_9BACT DUF218 domain-containing protein OS=Akkermansia muciniphila OX=239935 GN=CXU17_10085 PE=4 SV=1,26455..25652,lcl|26455|25652|3|-1,-1,tr|A0A2N8HRR4|A0A2N8HRR4_9BACT,4.36e-152,tr|A0A2N8HRR4|A0A2N8HRR4_9BACT DUF218 domain-containing protein OS=Akkermansia muciniphila OX=239935 GN=CXU17_10085 PE=4 SV=1,MRWRMRCWDGPRWNGANTDCGESGVYRKELLGYIGPMTPEEAIEILWEYHHVKQELRPADLIFILGSNDVRVAEYAAELYARKLAPLLLFSGGMGRFTGEWAVPEAELFAEAAMKKGVPEDRILIENKSTNTGENVRFSRTILKKAGIPDPASLIALQKPYMERRTLATLQAQWPEPGVAVSSPPVSFREYLTPELPRELVVSAMVGDFQRILEYPRQGFSTEQPVTPEAMQAFRTLVEAGYDSQLLKGVPLPWNSREDTLFAFTGR,432,1110,220,97.273,214,6,217,0,0,98.64,82,/stor/scratch/Wilke/contig/database/metagenomic_contig_database/EMBL_EBI/EBI2/zz/assembly/59/IMG_3300029020/IMG_Data/195573.assembled.fna.gz
Ga0169702_100279,15410..40890,tr|A0A2N8HRN3|A0A2N8HRN3_9BACT Uncharacterized protein OS=Akkermansia muciniphila OX=239935 GN=CXU17_10080 PE=4 SV=1,27170..26391,lcl|27170|26391|2|-1,-1,tr|A0A2N8HRN3|A0A2N8HRN3_9BACT,0.0,tr|A0A2N8HRN3|A0A2N8HRN3_9BACT Uncharacterized protein OS=Akkermansia muciniphila OX=239935 GN=CXU17_10080 PE=4 SV=1,MNSVPEALKTRAYVAPFAVFMGFTLLWQLGGSFLEWNHPAAAWWRRAPEQWLYPVQAIVCFVLVLWWRKAIDWDWKWKPAAWGILFGVLGILCWLAPTMAADRLPGGPDAWFGHPSWPWYRYLLGIDMRPEGFDPGVVFAPDSWSWLAALVLRFFRAVVVVALVEELFWRGYLMRLMVNLDHPWKIPFGTHSWKAYWVTTLCFMAVHQPVDYCGAFIYGSLVYLLAVWQKNLCSVIVMHAVANALLGWAALEWGKYGLW,511,1317,259,98.456,255,4,257,0,0,99.23,100,/stor/scratch/Wilke/contig/database/metagenomic_contig_database/EMBL_EBI/EBI2/zz/assembly/59/IMG_3300029020/IMG_Data/195573.assembled.fna.gz
Ga0169702_100279,15410..40890,tr|A0A2N8HRP6|A0A2N8HRP6_9BACT Aminotransferase OS=Akkermansia muciniphila OX=239935 GN=CXU17_10075 PE=3 SV=1,28353..27184,lcl|28353|27184|1|-1,-1,tr|A0A2N8HRP6|A0A2N8HRP6_9BACT,0.0,tr|A0A2N8HRP6|A0A2N8HRP6_9BACT Aminotransferase OS=Akkermansia muciniphila OX=239935 GN=CXU17_10075 PE=3 SV=1,MNWQNKIAEQVSSIPRSGIREFFDLVTGRTDIISLGVGEPDFVTPWNIREAAIYSLEKGHTSYTSNYGLESLRRSIVKYVDGFFHVKYDPLHEVLVTVGVSEAIDLALRAILNPGDEVLYHEPCYVSYAPSVNMAYGVATAVPTSKQDLFALNPAVLEAAITPRTKVLMLNFPTNPTGAVAPVETLQEIARICIKHDLVVLTDEIYSELRYDGKPHVSIASLPGMRERTLLLHGFSKAFAMTGFRLGYACGPEPLISAMMKIHQYSMLCAPITSQEAAIEALQNGTSAMMKMRESYRQRRDFLVKRFNEIGLDCHLPGGAFYVFPDVSKFGLTSKEFATRLLMEEQVAAVPGTAFGASGEGFLRCCYATAFDQIKEACNRMERFVKTLS,810,2092,389,99.743,388,1,389,0,0,100.00,100,/stor/scratch/Wilke/contig/database/metagenomic_contig_database/EMBL_EBI/EBI2/zz/assembly/59/IMG_3300029020/IMG_Data/195573.assembled.fna.gz
Ga0169702_100279,15410..40890,tr|R7DYJ1|R7DYJ1_9BACT Transcriptional regulator AsnC family OS=Akkermansia sp. CAG:344 OX=1262691 GN=BN616_02188 PE=4 SV=1,28866..28381,lcl|28866|28381|1|-1,-1,tr|R7DYJ1|R7DYJ1_9BACT,1.08e-114,tr|R7DYJ1|R7DYJ1_9BACT Transcriptional regulator AsnC family OS=Akkermansia sp. CAG:344 OX=1262691 GN=BN616_02188 PE=4 SV=1,MSTASLLQLLATQARLSDGELAERLDMTEEAVRAQREQWEKEGVILGYQAVVNEEYEHDSRVAAFIEVKMTPERDGGFDRLAMRISRFDEVSSCYLASGGFDLLVLVEGKSMRDIARFVAEKLSTLEGVLSTSTHFHLKTYKKNGCVFEAPAQNERLAVAP,330,847,161,100.000,161,0,161,0,0,100.00,100,/stor/scratch/Wilke/contig/database/metagenomic_contig_database/EMBL_EBI/EBI2/zz/assembly/59/IMG_3300029020/IMG_Data/195573.assembled.fna.gz
Ga0169702_100279,15410..40890,tr|R7E0Y4|R7E0Y4_9BACT Non-specific serine/threonine protein kinase OS=Akkermansia sp. CAG:344 OX=1262691 GN=BN616_02189 PE=4 SV=1,29170..32685,lcl|29170|32685|1|1,1,tr|R7E0Y4|R7E0Y4_9BACT,0.0,tr|R7E0Y4|R7E0Y4_9BACT Non-specific serine/threonine protein kinase OS=Akkermansia sp. CAG:344 OX=1262691 GN=BN616_02189 PE=4 SV=1,MSMALNPDRATLNFLNAFPEEIRLRGEKLQKDGAVTQIFGNHLYIQGRVEDAHGVHRVNLRLQGNRWFGACSTEDEDLAGAAMYAAMLERMYRGQDLPESPNELNDVPLLDILEEKLGRELDDKEADYVSKLEKRYRRFAIEQEIHDHDMVRLNPRWEIVSYDPLELWPVPPTNILEFWNYIAYAFNKRRLPYPEFMESITDLEKVQRKIHEWERSREVGTWYDRIQSVNERPPQPPRGELFMRLVSTINEGHFEYRHSLKQDWIPVREKQDLEHLENLHERAAVRMDAQTEILLVSLSDYARAEDALTLDLDQEAACALMNKLFHQPALKGYLVNLDENYFKVVDEPLKWICQDDPIEPDCYALQLATSTGINVSHSVRQLPGQQELYQSDETVFPGPPRWLESTEVEPRYSIPKQVIDSLEGVEFLRKIGASLPPSMEDRVVDIDLRGTFDMKIVRGLTSAETEHVLCEVSARDASGYRTEKLGKDGWDVAHQEPMKNKALLRFIREHLYPIPGLLEEMGFSYDPQVGAFKARVTRQFPEKFAEWAKQLPEELTVNMDDKLKTLLADPVAAAVRFEVVNQEIDWFDLRIVIDVEGVQLSKEQIRALVAARGGYVRMDDGGWMRLEIKLDNDQRDAVTRLGLDPFDLSGETHRMHAMQLADPKAAEVFDPKAWKRIKDRTAEIKIDVKPDVPSQLQATLRPYQVDGFHFLAYLATNGFGGILADDMGLGKTIQSITYVLWLREEFARKNKSKKKIAVPPVLIVCPKSVLDVWAGETEKFAPGVRVLVIRSKDQANLDDIRKNYDMVVVNYAQLRVCGETLNQIKWLTVILDEGQQIKNPDSKAAKAAREIVSYNRLVLSGTPIENRLLDMWSLMAFSMPGVLGSRSYFKKRFDKRKDPQSQNRLAARLKPFLLRRTKSQVAKDLPPRTEEEVYAKMEGIQSQLYKAELRRIQQALLGLDSDESVKKNSFAILQGLMRLRQICCHPGLVDPKYAKEDSAKMTALFYLLDQLREEGHKVLVFSQFVSMLEIIKNRLEAENRPLNYLTGQTKDRRGEIEKFQTTKDPSVFLLSLKAGGAGLNLTSASYVVLYDPWWNPAVESQAIDRTHRIGQKNKVIAYRLLTKDSVEEKIRILQHQKNQLVANVLGDEGFTSSLGIDDLNFILNHGDDEEG,2416,6261,1171,100.000,1171,0,1171,0,0,100.00,100,/stor/scratch/Wilke/contig/database/metagenomic_contig_database/EMBL_EBI/EBI2/zz/assembly/59/IMG_3300029020/IMG_Data/195573.assembled.fna.gz
Ga0169702_100279,15410..40890,tr|A0A2N8HJJ6|A0A2N8HJJ6_9BACT ApaG domain-containing protein OS=Akkermansia muciniphila OX=239935 GN=CXU19_09580 PE=4 SV=1,33210..32833,lcl|33210|32833|1|-1,-1,tr|A0A2N8HJJ6|A0A2N8HJJ6_9BACT,7.15e-86,tr|A0A2N8HJJ6|A0A2N8HJJ6_9BACT ApaG domain-containing protein OS=Akkermansia muciniphila OX=239935 GN=CXU19_09580 PE=4 SV=1,MVLPLLTSLEVRLTPRSLYSRDEKLERMVRDDGRIPVPYNVSIRNTGEGAVRIIGKKWTVRSHEDGTQVIEGDELFGSRPLLCQGQIFAFNGLQMLRLPARIQLTLLVRDEAGILYHTDPVSLKW,254,650,125,100.000,125,0,125,0,0,100.00,100,/stor/scratch/Wilke/contig/database/metagenomic_contig_database/EMBL_EBI/EBI2/zz/assembly/59/IMG_3300029020/IMG_Data/195573.assembled.fna.gz
Ga0169702_100279,15410..40890,tr|R7DYU5|R7DYU5_9BACT Uncharacterized protein OS=Akkermansia sp. CAG:344 OX=1262691 GN=BN616_02191 PE=4 SV=1,34128..33229,lcl|34128|33229|1|-1,-1,tr|R7DYU5|R7DYU5_9BACT,0.0,tr|R7DYU5|R7DYU5_9BACT Uncharacterized protein OS=Akkermansia sp. CAG:344 OX=1262691 GN=BN616_02191 PE=4 SV=1,MKRLYVLAAAVSVTGGMAFAAPKENAPEKEEAVLDVQTPPPGKQDRQGQPAIPERLLDDSHMNEELGINEFTAPSIRKIFEDLEGLPEIPENVALRARPERPPMDRCSLALQLGGMMADGFVIVQCGKMNEVKPIALDLSSYAKAIGAGERVNRHAASLLKNAEDGDLSSFKNNLALIQSDVEQELASLRDSDMANLIGLGGWIRALDAATAALDNKFAEDKAKVIFQPDVPEYFHYILDGVEPEMKERRDIAKIMNLLTTLQEQMTLAPDAKPTKAGVEAIRKTTLELMKAALAPVES,604,1557,299,99.666,298,1,298,0,0,99.67,100,/stor/scratch/Wilke/contig/database/metagenomic_contig_database/EMBL_EBI/EBI2/zz/assembly/59/IMG_3300029020/IMG_Data/195573.assembled.fna.gz
Ga0169702_100279,15410..40890,tr|R7DXL9|R7DXL9_9BACT Glycosyl transferase family 2 OS=Akkermansia sp. CAG:344 OX=1262691 GN=BN616_02192 PE=4 SV=1,34264..35781,lcl|34264|35781|1|1,1,tr|R7DXL9|R7DXL9_9BACT,0.0,tr|R7DXL9|R7DXL9_9BACT Glycosyl transferase family 2 OS=Akkermansia sp. CAG:344 OX=1262691 GN=BN616_02192 PE=4 SV=1,MSLNYNFIWLLCYLLVLVGLAGYGFHRLSIVYLYWKNRNNKPQPKSRFQELPVVTVQLPMFNEKFVVDRLLESVAALDYPQDKLEIQILDDSTDDTTEQCYRKVEELKARGFDAVCIHRTDRTGFKAGALEAATKVAKGEFLLILDADFVPEPDLLQKTIHFFTDEGVGLVQTRWGHINREYNLLTRVQGMYLDGHFAMEQTARNRSGRFFTFNGTAGMWRKCVIGDAGGWSHDTLTEDMDLSYRVQLKGWRFIYLNDVVTPAELPVDMDGFKSQQHRWTKGSIQVCQKILLDIWRSKAPLKAKVEATTHLTCNYSYLLLALLCFLVYPICTQRIPENETVFMWFVNVALFFMTSVAVCIFYMSAQIVVRPKSWWKELPYLPLLLTLSVGMAVNNAKAVLEAIFGHQSAFVRTPKYGVDQKENRQHVSQLKRNGYRAIKSVVIPVLEIACGTFFLNLIIIMIRQGHYLSPILMIPFLGFYYTGFCSLGRMISNLLPAKQTAKAKN,1055,2728,505,100.000,505,0,505,0,0,100.00,100,/stor/scratch/Wilke/contig/database/metagenomic_contig_database/EMBL_EBI/EBI2/zz/assembly/59/IMG_3300029020/IMG_Data/195573.assembled.fna.gz
Ga0169702_100279,15410..40890,"tr|A0A2N8HJH9|A0A2N8HJH9_9BACT Murein L,D-transpeptidase OS=Akkermansia muciniphila OX=239935 GN=CXU19_09595 PE=4 SV=1",35792..36649,lcl|35792|36649|2|1,1,tr|A0A2N8HJH9|A0A2N8HJH9_9BACT,0.0,"tr|A0A2N8HJH9|A0A2N8HJH9_9BACT Murein L,D-transpeptidase OS=Akkermansia muciniphila OX=239935 GN=CXU19_09595 PE=4 SV=1",MPAPLSQAVRLIQLAGAAFAVFGALVSCSRPDYQPTAIVKDGAVVSVRDQKMAVMRNGHVVKTYPISTSKFGLGDRKGSCRTPLGAHRIASKIGTGQPKGMVFKSRKPTGECVAPNSPGRDPIVTRIMWLEGLEGRNRNAHSRLIYIHGTAEERTIGTPASYGCVRMKSNDVYEAFNLLRTGDPVVIERCSIDASLKALAQAEKTQDSSLLVMASAPSLMENANTASIISHRRRASRPPAVALSRKQTAAAGKKASPHKQTAVRKTVKSSKASARSARGTRYTLG,580,1496,285,99.298,283,2,285,0,0,100.00,100,/stor/scratch/Wilke/contig/database/metagenomic_contig_database/EMBL_EBI/EBI2/zz/assembly/59/IMG_3300029020/IMG_Data/195573.assembled.fna.gz
Ga0169702_100279,15410..40890,tr|R7DXM7|R7DXM7_9BACT Uncharacterized protein OS=Akkermansia sp. CAG:344 OX=1262691 GN=BN616_02194 PE=3 SV=1,36756..37319,lcl|36756|37319|3|1,1,tr|R7DXM7|R7DXM7_9BACT,4.69e-136,tr|R7DXM7|R7DXM7_9BACT Uncharacterized protein OS=Akkermansia sp. CAG:344 OX=1262691 GN=BN616_02194 PE=3 SV=1,MAMMEHEDISNENLAGHLLVSAPYLDGGGFYHSVIFLSRVEEEFVIGHILNHPAGMNVGEVARHTDIPESLYPVPIFKGGPVERNQLIFAAFVRTEDKLRVQFHLQEEQALEYIEDPHAILRAYVGHSAWTPSQLRRELNDRAWYVSPTVPDICLEPDSSKVWAMAMRRLSPLHHIMSHAPAQPSLN,387,993,187,100.000,187,0,187,0,0,100.00,100,/stor/scratch/Wilke/contig/database/metagenomic_contig_database/EMBL_EBI/EBI2/zz/assembly/59/IMG_3300029020/IMG_Data/195573.assembled.fna.gz
Ga0169702_100279,15410..40890,tr|R7E115|R7E115_9BACT Pyridoxal phosphate homeostasis protein OS=Akkermansia sp. CAG:344 OX=1262691 GN=BN616_02195 PE=3 SV=1,37330..38025,lcl|37330|38025|1|1,1,tr|R7E115|R7E115_9BACT,6.76e-168,tr|R7E115|R7E115_9BACT Pyridoxal phosphate homeostasis protein OS=Akkermansia sp. CAG:344 OX=1262691 GN=BN616_02195 PE=3 SV=1,MSIQQNLEHILSRIRSAELRAGRPAGSARLVAVSKTFPADDVKACYDAGQRIFGENRVQEALGKIPALPPDTEWHLIGPLQRNKVRKALEHFTLIHAVDSLRLAQFMDAVAQETGKRPRILLEVNVGDEDSKFGFSPETLEREWPELAALDHLEIAGLMCIPPPVENPDEARPYFRRLRELKETLSGKGGAPLRELSMGMSHDFETAVEEGATLVRVGTAIFGGRSYAPAP,471,1211,231,100.000,231,0,231,0,0,100.00,100,/stor/scratch/Wilke/contig/database/metagenomic_contig_database/EMBL_EBI/EBI2/zz/assembly/59/IMG_3300029020/IMG_Data/195573.assembled.fna.gz
Ga0169702_100279,15410..40890,tr|R7DYV6|R7DYV6_9BACT Miro domain protein OS=Akkermansia sp. CAG:344 OX=1262691 GN=BN616_02196 PE=4 SV=1,38112..39779,lcl|38112|39779|3|1,1,tr|R7DYV6|R7DYV6_9BACT,0.0,tr|R7DYV6|R7DYV6_9BACT Miro domain protein OS=Akkermansia sp. CAG:344 OX=1262691 GN=BN616_02196 PE=4 SV=1,MLTGGKNVIPHAVRDVADAAAAFSARIGPDRHFDSQENVEEALAECCSPQNVTVIGMTGSGKSSTLDALAGERFCSRVSSEATLVRWQYRPHPAPHTHEWVLDLFYPSDALLNLEFWDTIGLEQEDAPRKLKHIVPKSDAILVVISARDGNQLPLWDYLRTLEERLHSRMVLVITHAELLSFDQLQSLKEELRSTSRERLGVQLPLYPVTTAGEQAGEGVEALRTCVQEVLKRSPLTDKRVERLLLATDRLLEEQGKVLNELHRLSKMDSGFLTSIDREIDRIQLQMEDEMPARLKAYAQYVQDCVPRLGKKSARQMGRFLSIRRTMILHKLPPVIDEWFYELVKSGIEERHAYYNKEFLNICQTHWNHVRPRVKEQWDCDIGDFPAARLQADLEVYKERLGRSIYMPLKDFGIKPCLSKLFLDQEDVMRTEIKLMLILVILGALLGCFGEHAAGFACVAAALAVWVGGNLGLAWMQFRLSRQIVAAAAEMHIAVECGLRTPLYEAMVSGLSDYRKLYADIRGQVAGGVEHLQPLLNARYDLFYKLTVQKHRFRI,1145,2962,555,100.000,555,0,555,0,0,100.00,100,/stor/scratch/Wilke/contig/database/metagenomic_contig_database/EMBL_EBI/EBI2/zz/assembly/59/IMG_3300029020/IMG_Data/195573.assembled.fna.gz
Ga0169702_100279,15410..40890,tr|A0A2N8HRN6|A0A2N8HRN6_9BACT 5-formyltetrahydrofolate cyclo-ligase OS=Akkermansia muciniphila OX=239935 GN=CXU17_10025 PE=3 SV=1,40506..39853,lcl|40506|39853|1|-1,-1,tr|A0A2N8HRN6|A0A2N8HRN6_9BACT,5.84e-154,tr|A0A2N8HRN6|A0A2N8HRN6_9BACT 5-formyltetrahydrofolate cyclo-ligase OS=Akkermansia muciniphila OX=239935 GN=CXU17_10025 PE=3 SV=1,MAGSRTPAQLIGKRIFKEPVGMEGKAPQSGTVSGPAASKREVRRMIRERIGGLDAASREAMSRSICRRVAALVREKNFWRVAVFAARPGEVDLLPLLDMLPDREWYFPLVHEGRTLSFHRVCHHGEFVTGCWDIREPGPGCPELHAGEMELIVLPGAAFTRDGKRLGYGGGFYDTLLAGPAAGVSLAGVCFPCQLLDDLPMEAHDRHVDMVITPDAE,434,1117,217,99.078,215,2,216,0,0,99.54,100,/stor/scratch/Wilke/contig/database/metagenomic_contig_database/EMBL_EBI/EBI2/zz/assembly/59/IMG_3300029020/IMG_Data/195573.assembled.fna.gz
Ga0169702_100279,15410..40890,tr|A0A2N8HJL0|A0A2N8HJL0_9BACT ABC transporter ATP-binding protein OS=Akkermansia muciniphila OX=239935 GN=CXU17_10020 PE=4 SV=1,40853..40410,lcl|40853|40410|2|-1,-1,tr|A0A2N8HJL0|A0A2N8HJL0_9BACT,7.76e-100,tr|A0A2N8HJL0|A0A2N8HJL0_9BACT ABC transporter ATP-binding protein OS=Akkermansia muciniphila OX=239935 GN=CXU17_10020 PE=4 SV=1,MLQRVGMAQALVQSPRLLVLDEPTAGVDPLGSRDIRNIIENLKARGLTVFLCSHLLEQVQEVCDRVGVIFKGLLIAEGSVNELTRDSDKQEILLEHASPELLEQLKELVREDGRAAWLEAGHPRNSLESVFLKSLLEWKEKHPNPEP,297,761,147,100.000,147,0,147,0,0,100.00,100,/stor/scratch/Wilke/contig/database/metagenomic_contig_database/EMBL_EBI/EBI2/zz/assembly/59/IMG_3300029020/IMG_Data/195573.assembled.fna.gz
Ga0169702_100279,15410..40890,CRISPR array,21981..23643,,,,,"Copies: 26, Repeat: 31, Spacer: 34",GTTTCAATTCACGCACCTGTGAAGGTGCGAC,,,,,,,,,,,,/stor/scratch/Wilke/contig/database/metagenomic_contig_database/EMBL_EBI/EBI2/zz/assembly/59/IMG_3300029020/IMG_Data/195573.assembled.fna.gz
