NZ_ALAN01000009.1,9071..38815,tr|W1SNQ8|W1SNQ8_9BACI Uncharacterized protein OS=Bacillus vireti LMG 21834 OX=1131730 GN=BAVI_00875 PE=4 SV=1,10340..10978,lcl|10340|10978|2|1,1,tr|W1SNQ8|W1SNQ8_9BACI,9.55e-158,tr|W1SNQ8|W1SNQ8_9BACI Uncharacterized protein OS=Bacillus vireti LMG 21834 OX=1131730 GN=BAVI_00875 PE=4 SV=1,MGGEKLSYQIPTYQALKGIVESIYWKPTLLMVVDEVRVMNAIRMESKGIRPIEYGGGNTLANYTYLKDVRYQVRAHFMFNPYRPEMAFDRNENKHHNILKRSLNAGGRRDIFLGTRECQAYVEPCVFGGGKGFYDNYGDIHMGTIIHGINYPDETGRNEMEVRIWNPVMKDGVIKFIRPDQCTQIRKITDMEMKQFNNTNVESADNLLKQLE,444,1143,212,100.000,212,0,212,0,0,100.00,100,/stor/scratch/Wilke/contig/database/metagenomic_contig_database/NCBI/GCF_000508325.2_BAVI_1_genomic.fna.gz
NZ_ALAN01000009.1,9071..38815,tr|W1SN03|W1SN03_9BACI Uncharacterized protein OS=Bacillus vireti LMG 21834 OX=1131730 GN=BAVI_00880 PE=4 SV=1,10990..12879,lcl|10990|12879|1|1,1,tr|W1SN03|W1SN03_9BACI,0.00e+00,tr|W1SN03|W1SN03_9BACI Uncharacterized protein OS=Bacillus vireti LMG 21834 OX=1131730 GN=BAVI_00880 PE=4 SV=1,MSWLLNLYETYESNLDRVGEIEKKHNDQEFTLLPISHTTQNAHIEVEITEDGEFHSARVIDKLDFSTLIPCTEGSASRAGAKIAPYPLHDKLSYVAGDFVAFGGKIKGEAPFTYYLEQLEKWAKSPFATNKVISIYKYVNKKQLIKDLVEAGILYVDADNHLIDTWDKKYEGLYGDKPAIFGAVAGGQESAFIRFNVYSPNKILKKVWKDKEIYDSFIRYYQGLLGDEDLCFVTGEKKPSTDKHANKIRNAADKAKLISANDTSGFTFRGRFNKSNEVASISYEVSQKAHNALKWLINRQGKTIDQRVFLVWGNDYLSIPDPIEDTFAINPIPIDIRERKTYTNQEFANEVAKALEGYKNNLSSKSNVNIMILDSATTGRMAVLYYRNMDKELYLDRLAKWHSTCVWVHRYRKNDQGEHVQFFGVPATKDIAFAAYGTKANDKVVKGLMERMLPCIVDDKKIPLDIVKSAFHRASNPVSMEKWEWEKTLSVTCALINKREGYNVALDIENNDRDYLFGRLLAVADVLERRALGSEETRSSNAIRYMNSFSKSPARTWKTIQESLQPYQARLGTKARYLSSLIDEVASRIDVDDFNNKPLSGKYLLGFYSQRHDLYQKKEKNNATEEASN,1306,3379,629,100.000,629,0,629,0,0,100.00,100,/stor/scratch/Wilke/contig/database/metagenomic_contig_database/NCBI/GCF_000508325.2_BAVI_1_genomic.fna.gz
NZ_ALAN01000009.1,9071..38815,tr|W1SNB5|W1SNB5_9BACI Uncharacterized protein OS=Bacillus vireti LMG 21834 OX=1131730 GN=BAVI_00885 PE=4 SV=1,12889..13758,lcl|12889|13758|1|1,1,tr|W1SNB5|W1SNB5_9BACI,0.00e+00,tr|W1SNB5|W1SNB5_9BACI Uncharacterized protein OS=Bacillus vireti LMG 21834 OX=1131730 GN=BAVI_00885 PE=4 SV=1,MNMTILDHKIDFAVILSVTKANPNGDPLNGNRPRQNYDGHGEISDVAIKRKIRNRLQDMGDSIFVQSNDRNIDDLKSLRERAESNLALQKILKSKNSSSDEFAGIACEQWIDVRSFGQVFAFKGSGNGAGVSVGVRGPVSIHTATSVHPIDITSMQITKSVNSEPGKEKGSDTMGMKHRVDFGVYVFYGSINTQLAEKTRFTNEDAEKIKQALVTLFENDTSAARPDGSLEVHKVYWWEHNSKLGQYSSAKVHRLVNIKHNVDEPKTFDDYSITLNELEGLNVDVIDGL,593,1529,287,100.000,287,0,287,0,0,100.00,99,/stor/scratch/Wilke/contig/database/metagenomic_contig_database/NCBI/GCF_000508325.2_BAVI_1_genomic.fna.gz
NZ_ALAN01000009.1,9071..38815,tr|W1SUD0|W1SUD0_9BACI CRISPR-associated exonuclease Cas4 OS=Bacillus vireti LMG 21834 OX=1131730 GN=BAVI_00890 PE=3 SV=1,13733..14407,lcl|13733|14407|2|1,1,tr|W1SUD0|W1SUD0_9BACI,3.47e-166,tr|W1SUD0|W1SUD0_9BACI CRISPR-associated exonuclease Cas4 OS=Bacillus vireti LMG 21834 OX=1131730 GN=BAVI_00890 PE=3 SV=1,MLMSLMDYNEDDSYLMLSGIQHFQFCKRQWALIHIEQQWQEDVRTVEGQHLHQKADQPFIREKRGDKLIVRAMPVKSNELRITGICDVVEFVQDNSGVEINGSQGKYAAYPIEYKRGKPKKDDSDILQLTAQAMCLEEMLLCEINKGYMFYNEIKHRVEVQLTKDIKMRVRSIVEEMNDYYNRRYTPKVKTGSYCKSCSLQHICLPELMTKRTVKSYIDGKIAE,466,1198,222,100.000,222,0,222,0,0,100.00,99,/stor/scratch/Wilke/contig/database/metagenomic_contig_database/NCBI/GCF_000508325.2_BAVI_1_genomic.fna.gz
NZ_ALAN01000009.1,9071..38815,tr|W1SRQ4|W1SRQ4_9BACI CRISPR-associated endonuclease Cas1 OS=Bacillus vireti LMG 21834 OX=1131730 GN=cas1 PE=3 SV=1,14404..15435,lcl|14404|15435|1|1,1,tr|W1SRQ4|W1SRQ4_9BACI,0.00e+00,tr|W1SRQ4|W1SRQ4_9BACI CRISPR-associated endonuclease Cas1 OS=Bacillus vireti LMG 21834 OX=1131730 GN=cas1 PE=3 SV=1,MKKLLNTLFINQTDVYLSLDGDNIVLLKDQETLGRLPLHNLESVVSFGYTGASPALMGYCAEKNISLVFFTMNGRFLARVIGQSRGNVVLRKKQYRVSDDEFMSAKVARNFIVGKIYNNKWIIERMTRDYPLRVDVAQFKEVSQHLSSIILEVRKCEDLERLRGLEGQAAISYNKLFNQMILQQKEDFYFKVRSRRPPLDNVNAMLSFAYTLLANDMASALEGVGLDAYVGFLHRDRPGRVSLALDVMEELRGTYADRFVLSLINKKVVNKDDFLKKENGAVIMTDDARKKFLASWQTKKQEKITHPYLGEKIPWGLVPHAQALLLARFLRNDLDEYPPFLWK,706,1821,343,100.000,343,0,343,0,0,100.00,100,/stor/scratch/Wilke/contig/database/metagenomic_contig_database/NCBI/GCF_000508325.2_BAVI_1_genomic.fna.gz
NZ_ALAN01000009.1,9071..38815,tr|W1SUD7|W1SUD7_9BACI Uncharacterized protein OS=Bacillus vireti LMG 21834 OX=1131730 GN=BAVI_00915 PE=4 SV=1,16775..16993,lcl|16775|16993|2|1,1,tr|W1SUD7|W1SUD7_9BACI,3.92e-44,tr|W1SUD7|W1SUD7_9BACI Uncharacterized protein OS=Bacillus vireti LMG 21834 OX=1131730 GN=BAVI_00915 PE=4 SV=1,MGAWIEIEETLTEIPDGAVAPYMGAWIEIKILTVASMPSAVAPYMGAWIEMPMYTTSYYPNRSHPTWVRGLK,145,366,72,100.000,72,0,72,0,0,100.00,100,/stor/scratch/Wilke/contig/database/metagenomic_contig_database/NCBI/GCF_000508325.2_BAVI_1_genomic.fna.gz
NZ_ALAN01000009.1,9071..38815,tr|W1SRR0|W1SRR0_9BACI DNA-binding protein OS=Bacillus vireti LMG 21834 OX=1131730 GN=BAVI_00920 PE=4 SV=1,18875..17655,lcl|18875|17655|3|-1,-1,tr|W1SRR0|W1SRR0_9BACI,0.00e+00,tr|W1SRR0|W1SRR0_9BACI DNA-binding protein OS=Bacillus vireti LMG 21834 OX=1131730 GN=BAVI_00920 PE=4 SV=1,MLGERIREIRKKKKMTLEELAGEELTKGMLSLIENNKANPSMESLTYIAKRLDVEVTDLLEEISMHELRETLDKAEELFNVDVEKMTDKYKQLILLIEPFVPNLTQGYESARLLDIYSRSLFREKITGWEVLSNKAAKMYDQMNLTAKRASIGIFWAMVKFIEHDYSQSLQILVSERQKIESNHAYIDPMTRVDFDYHEAILHFAVGDSEAAARVMEEGIHFSKEHRIFYRIDDLYRLAAVHAEMTHNKHEKSHYLLKLKQYGEFADDLQSILAHDLFHVLSLISEKREYVNAIEISDKYLASPTTLEIYCHLFRLEKGKALYCLSRFQEAIDCLENVSIPPYIHHPIDLSLLYVKDSYIALSHFELGNVDTALQIASIAVESFNPLPPTPYKDFAKEAQKKINAK,833,2152,406,100.000,406,0,406,0,0,100.00,100,/stor/scratch/Wilke/contig/database/metagenomic_contig_database/NCBI/GCF_000508325.2_BAVI_1_genomic.fna.gz
NZ_ALAN01000009.1,9071..38815,tr|W1SNR8|W1SNR8_9BACI Multidrug resistance protein OS=Bacillus vireti LMG 21834 OX=1131730 GN=BAVI_00925 PE=4 SV=1,19204..20301,lcl|19204|20301|1|1,1,tr|W1SNR8|W1SNR8_9BACI,0.00e+00,tr|W1SNR8|W1SNR8_9BACI Multidrug resistance protein OS=Bacillus vireti LMG 21834 OX=1131730 GN=BAVI_00925 PE=4 SV=1,MADKYSRKMIVVIAQIATTMAIGVLLVVSFTSGLSLAAIYTTSCILSLTSMFSGVTFTSSITGLVDKERVQRAMSLNQMSISFAAIASPAVGGLLYGAVSMPVFLIMYMSASITAVILESTMNFKLFANRKKHATGEPKESMWQSIKAGISYLKLQPLLMAIIWISLLINFLFGAFEVGYSFILIEKLKMVSQHFGFTQGAFAVGMLLLSIFFSVRKEVKFPFLVSKRGIIGMGFIMGSIAVPLMVKMTYGWIFSFYVIMMFTLGALVIIVNTPIQVMMQKQIDDDYKGRVFSILETMATALMPLGMVLYGFLYDVFAPQWVLLITAGVFLVVILVLARPSVIRAAHPELERTRSFNYSYKKGSA,729,1883,365,100.000,365,0,365,0,0,100.00,100,/stor/scratch/Wilke/contig/database/metagenomic_contig_database/NCBI/GCF_000508325.2_BAVI_1_genomic.fna.gz
NZ_ALAN01000009.1,9071..38815,tr|W1SN13|W1SN13_9BACI Cytochrome c oxidase subunit II OS=Bacillus vireti LMG 21834 OX=1131730 GN=coxB PE=4 SV=1,20728..21189,lcl|20728|21189|1|1,1,tr|W1SN13|W1SN13_9BACI,1.69e-110,tr|W1SN13|W1SN13_9BACI Cytochrome c oxidase subunit II OS=Bacillus vireti LMG 21834 OX=1131730 GN=coxB PE=4 SV=1,MHREEKIWLTLSFGMIMIFMFITGYQAFAQGMAPPSNKEIIDPQKVDQQASFDKPGITKIGDKEYEVVMTLQVFSFNPGNIEVPAGSTVHFTLTSKDVVHGFEVAGTNLNAMVPPGHIQKITQKFDKAGTYLVLCNEYCGAGHQMMSTTITVK,319,818,153,100.000,153,0,153,0,0,100.00,100,/stor/scratch/Wilke/contig/database/metagenomic_contig_database/NCBI/GCF_000508325.2_BAVI_1_genomic.fna.gz
NZ_ALAN01000009.1,9071..38815,tr|W1SNC6|W1SNC6_9BACI Cytochrome c oxidase subunit I OS=Bacillus vireti LMG 21834 OX=1131730 GN=coxA PE=4 SV=1,21204..22880,lcl|21204|22880|3|1,1,tr|W1SNC6|W1SNC6_9BACI,0.00e+00,tr|W1SNC6|W1SNC6_9BACI Cytochrome c oxidase subunit I OS=Bacillus vireti LMG 21834 OX=1131730 GN=coxA PE=4 SV=1,MAIPKTLKEKANKEMGISTEDARITKTYLFVAFMALLIGGLLGLLQGLNRAGLLELPSWLNYYQVLTAHGLLLVVVLTAFFTIGYFYAGLSHTLGGLLPKVRKMAWIGFGLKIVGFVFAVIPILMGNASVMYTFYPPMAASPWFYIGLALIVVGVWMCAFGAFIQVANWRKNNKGKHVPILSFFATGVFILLFFGSLPVAIEVIVMIIPWSFGWVKTINVMVARTLFWAFGHTLVNIWYLTAVSAWYVIVPKIIGGKRWSDLLTRIVIIALVIMNITGGFHHQIIDPGISESVKFMHVFMSLAIGFPSLMTAWAMFAVFERTARKNGGKGIVGWYKKMPWGDVRFLAPFIAMLAFIPAGAGGIVQSTNQLNQVVHNTMWIAGHFHLTLGMSVVMTFFGISYWLVPYVSKRVLTPAINKLGVIQTIIWTVGMVIMSGAMHTVGLLGSPRRTSYTTYGDNATALGWNPYLLLLAVGGTLLIIGVLLQVYAVINMMFFAPKGETEFPIAEEEEGASKTPYWTERWGLWIVIMLIFVGMAYVIPLTEFIVNAPPGSPPFKTW,1107,2863,558,100.000,558,0,558,0,0,100.00,100,/stor/scratch/Wilke/contig/database/metagenomic_contig_database/NCBI/GCF_000508325.2_BAVI_1_genomic.fna.gz
NZ_ALAN01000009.1,9071..38815,tr|W1SUE3|W1SUE3_9BACI Electron transporter SCO1/SenC OS=Bacillus vireti LMG 21834 OX=1131730 GN=senC PE=3 SV=1,23228..23599,lcl|23228|23599|2|1,1,tr|W1SUE3|W1SUE3_9BACI,2.26e-84,tr|W1SUE3|W1SUE3_9BACI Electron transporter SCO1/SenC OS=Bacillus vireti LMG 21834 OX=1131730 GN=senC PE=3 SV=1,MNMSKVYDLLPNKYIGKDIVFLSISFDAKRDDPATLEKYRGYFNSDGETWRMARISNQAELDSLLNAFGVIVIPDENGNFAHNSAFYLVDKQGTLIDVMDYKKIDEAGQKLVSILKKDGGSKQ,254,649,123,100.000,123,0,123,0,0,100.00,100,/stor/scratch/Wilke/contig/database/metagenomic_contig_database/NCBI/GCF_000508325.2_BAVI_1_genomic.fna.gz
NZ_ALAN01000009.1,9071..38815,tr|W1SRR6|W1SRR6_9BACI Uncharacterized protein OS=Bacillus vireti LMG 21834 OX=1131730 GN=BAVI_00945 PE=4 SV=1,23596..24153,lcl|23596|24153|1|1,1,tr|W1SRR6|W1SRR6_9BACI,1.58e-130,tr|W1SRR6|W1SRR6_9BACI Uncharacterized protein OS=Bacillus vireti LMG 21834 OX=1131730 GN=BAVI_00945 PE=4 SV=1,MNQFFSGFLLVIFLALPPVAHLLESIMIVHMHMQMPLLVIAGFLMARLFQLRFPRFFEKWNGNGIPGILLFLIIIVFWTIPRSMDEALNFQSMEIFKFFSLSILAGIPLRDSWKKLSSFGKNAVIIIFTIKYFGMGLLYIKAPVQLCNNYLIMDQLTLGWGFLTTAICLVIYLLYVTFTDPTKYQ,372,956,185,100.000,185,0,185,0,0,100.00,100,/stor/scratch/Wilke/contig/database/metagenomic_contig_database/NCBI/GCF_000508325.2_BAVI_1_genomic.fna.gz
NZ_ALAN01000009.1,9071..38815,tr|W1SNS2|W1SNS2_9BACI Putative phosphotransferase system glucose-specific enzyme IIA OS=Bacillus vireti LMG 21834 OX=1131730 GN=BAVI_00950 PE=4 SV=1,24514..25002,lcl|24514|25002|1|1,1,tr|W1SNS2|W1SNS2_9BACI,3.63e-112,tr|W1SNS2|W1SNS2_9BACI Putative phosphotransferase system glucose-specific enzyme IIA OS=Bacillus vireti LMG 21834 OX=1131730 GN=BAVI_00950 PE=4 SV=1,MRFNFFKKEPVDFYTPVSGKIITLEEVPDPVFSQKMMGDGLAVVPSAGDIVSPVKGTVILVAATKHAVGLRADDGTEILIHVGLETVALDGKGFNVAVKDGDKVSAGQLLIEVDWEYISTNAKSTVTPVVITNSEEGKKHYAFTEEKEGTAGKTVLFTASAK,324,831,162,100.000,162,0,162,0,0,100.00,100,/stor/scratch/Wilke/contig/database/metagenomic_contig_database/NCBI/GCF_000508325.2_BAVI_1_genomic.fna.gz
NZ_ALAN01000009.1,9071..38815,tr|W1SN19|W1SN19_9BACI PTS system N-acetylglucosamine-specific transporter subunit IIBC OS=Bacillus vireti LMG 21834 OX=1131730 GN=BAVI_00955 PE=4 SV=1,25201..26646,lcl|25201|26646|1|1,1,tr|W1SN19|W1SN19_9BACI,0.00e+00,tr|W1SN19|W1SN19_9BACI PTS system N-acetylglucosamine-specific transporter subunit IIBC OS=Bacillus vireti LMG 21834 OX=1131730 GN=BAVI_00955 PE=4 SV=1,MKKYFQRLGRSLMLPVAVLPAAAILMGIGYWIDPSGWGADSPVASFLIKAGGSIIDNIPILFAVGVALGMAKERDGSAALSGLVAFLVVTTLLSKDSVAMLQGIDVAKVDPAFGKIGNAFVGILSGIVASMMYNRFSQVKLPDFLAFFSGKRLVPIMTAVSMIVASVVLFFVWPAIFTGLVSFGTGMSKLGAFGAGLYGFFNRLLIPTGLHHALNSVFWFDVAGIDDIKNFWASKGEKGVTGMYQAGFFPVMMFGLPAAALAMIHTAKTRKKKQVASLMLAAGFASFFTGVTEPIEFAFMFVAPMLYLVHAVLTGLSLAIAAMFHWTAGFGFSAGFIDWFLSLKIPIANQPYMLIVQGLVFAVIYYFLFRFIITKFNLMTPGREEDDEDDEVSLAKGDSKFAVMAAQIYEGLGGDANVTAVDNCVTRLRMEVKDMKAVDQKKIKATGVPGINIVGPESIQVIVGTNVQFVADEIMKIRKKR,960,2481,481,100.000,481,0,481,0,0,100.00,100,/stor/scratch/Wilke/contig/database/metagenomic_contig_database/NCBI/GCF_000508325.2_BAVI_1_genomic.fna.gz
NZ_ALAN01000009.1,9071..38815,tr|W1SND2|W1SND2_9BACI Transcriptional antiterminator BglG OS=Bacillus vireti LMG 21834 OX=1131730 GN=BAVI_00960 PE=4 SV=1,27370..26696,lcl|27370|26696|1|-1,-1,tr|W1SND2|W1SND2_9BACI,3.08e-162,tr|W1SND2|W1SND2_9BACI Transcriptional antiterminator BglG OS=Bacillus vireti LMG 21834 OX=1131730 GN=BAVI_00960 PE=4 SV=1,MKENEKFQKLLLQIPEEHFALSEEIITHAEESLGAKLNDHIHIALTDHLSFAIERVRDGIKLKNKLLHEIKILYKREFDIGMWAIQHIEKKTNIKMPADEAAFIALHLHTANLQGGDMKHTLRQTAIIGSMVETIKDSLNLEIDDDDLSYQRLITHLRFAISRISSPEPNTIDDEMLKMITNKFPAAYNCARKVANVLLKNHGMLLPDHELGYLTLHIERLRKR,458,1178,224,100.000,224,0,224,0,0,100.00,100,/stor/scratch/Wilke/contig/database/metagenomic_contig_database/NCBI/GCF_000508325.2_BAVI_1_genomic.fna.gz
NZ_ALAN01000009.1,9071..38815,tr|W1SUE8|W1SUE8_9BACI Methyltransferase OS=Bacillus vireti LMG 21834 OX=1131730 GN=BAVI_00965 PE=4 SV=1,27750..28361,lcl|27750|28361|3|1,1,tr|W1SUE8|W1SUE8_9BACI,1.88e-148,tr|W1SUE8|W1SUE8_9BACI Methyltransferase OS=Bacillus vireti LMG 21834 OX=1131730 GN=BAVI_00965 PE=4 SV=1,MKEHSYDKLLNIKTRGDLHGGPSSQSLHYHPYEPTPYSALEELFRHYQVKCSDRVVDFGCGKGRLNFYIHYFFHASVTGVEMNETLYKAAVENLGSYVRRTKSSRDSIQFYCCLAEEFEIGADDNRFYFFNPFSIQVFRKIVNNILLSVENDERDVELVLYYPSADYIYFLENQTSFELKQEIILPHLIEHNPNERFLVYRLI,419,1078,203,100.000,203,0,203,0,0,100.00,100,/stor/scratch/Wilke/contig/database/metagenomic_contig_database/NCBI/GCF_000508325.2_BAVI_1_genomic.fna.gz
NZ_ALAN01000009.1,9071..38815,tr|W1SRS0|W1SRS0_9BACI DUF418 domain-containing protein OS=Bacillus vireti LMG 21834 OX=1131730 GN=BAVI_00970 PE=4 SV=1,28462..29460,lcl|28462|29460|1|1,1,tr|W1SRS0|W1SRS0_9BACI,0.00e+00,tr|W1SRS0|W1SRS0_9BACI DUF418 domain-containing protein OS=Bacillus vireti LMG 21834 OX=1131730 GN=BAVI_00970 PE=4 SV=1,MDFDKRIDTLDYLRGFALMGIILVNIIPMLSMPLPVPHTINASYWRFLYLFVEGRFYTIFTFLFGVGFYLFITRAEAKGRNGYVLFLRRMIALFIIGYVHVQYLPGEALTIYAVCGILIMPFYKANKMVNLIFGIAMLIVLGIFSFKLFMVLPLMLLGIAAGQFHVFEQLAKSRNQIAIFTSIMLVLSIIGVIYQYQYAPVVFGDGADANFQKTKRFLNIGITIGPLVSAFYAGLLIWLLQLTLIQKLLSPLKSYGRMALTNYVSQTAFVLLAGKVLHLFNTITYIQSLFLCLAILGVQLIFSQVWLQFFRFGPLEWIWRIVTYFEIPPLRK,661,1705,332,100.000,332,0,332,0,0,100.00,100,/stor/scratch/Wilke/contig/database/metagenomic_contig_database/NCBI/GCF_000508325.2_BAVI_1_genomic.fna.gz
NZ_ALAN01000009.1,9071..38815,tr|W1SNS9|W1SNS9_9BACI Lipoprotein OS=Bacillus vireti LMG 21834 OX=1131730 GN=BAVI_00975 PE=4 SV=1,30063..29611,lcl|30063|29611|2|-1,-1,tr|W1SNS9|W1SNS9_9BACI,1.76e-101,tr|W1SNS9|W1SNS9_9BACI Lipoprotein OS=Bacillus vireti LMG 21834 OX=1131730 GN=BAVI_00975 PE=4 SV=1,MIFLLAGCFGGDPVKDDLLNYVNKEMKQAVKLEAAAVSAYEGISGANFKDDQTMYDGLTKEVIPNYTKLISELNSVSIKTDEVKAIHEIFIKGADIQLKALEKVKQAIEDQDSALIEEANDMLADAEKLLLDYKNKLYKLAKEHDVKIKK,296,759,150,100.000,150,0,150,0,0,100.00,100,/stor/scratch/Wilke/contig/database/metagenomic_contig_database/NCBI/GCF_000508325.2_BAVI_1_genomic.fna.gz
NZ_ALAN01000009.1,9071..38815,tr|W1SN25|W1SN25_9BACI Putative N-deacylase involved in arginine and ornithine utilization OS=Bacillus vireti LMG 21834 OX=1131730 GN=BAVI_00980 PE=4 SV=1,31981..30227,lcl|31981|30227|1|-1,-1,tr|W1SN25|W1SN25_9BACI,0.00e+00,tr|W1SN25|W1SN25_9BACI Putative N-deacylase involved in arginine and ornithine utilization OS=Bacillus vireti LMG 21834 OX=1131730 GN=BAVI_00980 PE=4 SV=1,MMRNLFLFHNQNSGCLPSNFPLILKWINLVIRRNRMFSNLQFLEAAQQAEYLTKELIKLKSYNGTNGENLKAQYLLDVIHSFPYFQQNREHAWTKSIEHDEHQRKNVFAFVKAANESKKTIIFHAHIDTVGTEDFGSLQAISHDPDALQAYFAGYSADQEVQQDALSGEWLFGRGSLDMQSGIAVHLVNLLYFSRHPEELNGNLLVMFNPDEESQHAGMRSALTELKRLRDEHSLELTAAINDDFITNLYEGDENKYIYTGVAGKLLPCFYIFGREAHVGESVSTIDPTIIASALNLKIAQNLQLVEKIEGELILPPSCLFLRDDKKSYDVQTAISCKLYFNYFVYEKSPKQIINELLGITKQICTEQAERQKSTYLQFCHVNALPAKQLDWTIEVTSLEDYIHYLNKLNLHPEETIQETYKMYNRKDQDDRMLAFYIVEALQNLDPEKKPRVIVFFAPPFLPSNYMEEDNRIYSKVKAELEKEALLVNERFQLKKYFPFLSDGSFMTFNGAEAEMISLKNNFPAMDQLFPLPLEAMKELSIPSINIGVYGKNGHNWTERVYMPYSFGILPRLIRNITKSLLAD,1139,2947,549,100.000,549,0,549,0,0,100.00,94,/stor/scratch/Wilke/contig/database/metagenomic_contig_database/NCBI/GCF_000508325.2_BAVI_1_genomic.fna.gz
NZ_ALAN01000009.1,9071..38815,tr|W1SND8|W1SND8_9BACI ABC transporter permease OS=Bacillus vireti LMG 21834 OX=1131730 GN=BAVI_00985 PE=3 SV=1,32121..33131,lcl|32121|33131|3|1,1,tr|W1SND8|W1SND8_9BACI,0.00e+00,tr|W1SND8|W1SND8_9BACI ABC transporter permease OS=Bacillus vireti LMG 21834 OX=1131730 GN=BAVI_00985 PE=3 SV=1,MIMIFNFIYNAGKIEILETVMKKRYLLVVLLILSGISLFVGVSNLSPLDLLDLQSEETQIFLISRIPRLVAILLAGAGMSIAGLIMQQLSRNKFVSPTTAGTLDATRLGILVAMLLFANASMLEKMVVAFLFALGGTFLFMQILNRIKFKDAIFIPLVGLMFGNILSSVTTFFAYRADVIQNMSAWLQGDFSMIMKGRYELLYISIPILIMAYLYANRFTVAGMGEDFSKNLGLGYRRVVNIGLILVALITATVVLTVGIIPFLGLIIPNIISIFKGDHLQKTLPHTALAGAIFLLVCDILGRVIIYPYEISISLMVGVIGSGIFLILLFRRKAYA,619,1595,316,100.000,316,0,316,0,0,100.00,94,/stor/scratch/Wilke/contig/database/metagenomic_contig_database/NCBI/GCF_000508325.2_BAVI_1_genomic.fna.gz
NZ_ALAN01000009.1,9071..38815,tr|W1SUF4|W1SUF4_9BACI Ferric anguibactin transport system permease OS=Bacillus vireti LMG 21834 OX=1131730 GN=BAVI_00990 PE=3 SV=1,33124..34074,lcl|33124|34074|1|1,1,tr|W1SUF4|W1SUF4_9BACI,0.00e+00,tr|W1SUF4|W1SUF4_9BACI Ferric anguibactin transport system permease OS=Bacillus vireti LMG 21834 OX=1131730 GN=BAVI_00990 PE=3 SV=1,MRNSMKMASLALIAAGCCALYLFHDLNGSFDYALPRRAIKVMAMVITGFTIAYATVVFQTITHNRILTPSIMGLDSLYLLLQTLIIFFLGSGHMIIVNKQVNFLLSSAVMVVFALLLYRFLFKKGGQSIYFLLLVGIIVGTFFSSISTFFQVLIDPNEFQIVQDRMFASFNNINGDLVWLALVIIGLVTIYAWRYLKYLDVLSLGREMAINLGVPYDAIVKKMLVIVAIFISISTALVGPITFFGLIVANLSYQFFKTHKHRVLISGSVVMSIIALVGGQWVVERVFTFSTTLSVIINFIGGVYFIYLLLKERKTG,628,1620,316,100.000,316,0,316,0,0,100.00,100,/stor/scratch/Wilke/contig/database/metagenomic_contig_database/NCBI/GCF_000508325.2_BAVI_1_genomic.fna.gz
NZ_ALAN01000009.1,9071..38815,tr|W1SRS7|W1SRS7_9BACI Ferrichrome ABC transporter ATP-binding protein OS=Bacillus vireti LMG 21834 OX=1131730 GN=BAVI_00995 PE=4 SV=1,34071..34832,lcl|34071|34832|3|1,1,tr|W1SRS7|W1SRS7_9BACI,0.00e+00,tr|W1SRS7|W1SRS7_9BACI Ferrichrome ABC transporter ATP-binding protein OS=Bacillus vireti LMG 21834 OX=1131730 GN=BAVI_00995 PE=4 SV=1,MIQVRALSKFYGKKPVVEEVSVDIQPGKITSFIGPNGAGKSTLLSMVSRLLDADTGEVLVDNADVRKMKSQEFAKRVSILKQSNYMNVRLTIRELVSFGRFPYSKGRLTAEDERIVEQSLEYMHLTEMQDSFLDELSGGQRQRAFIAMVIAQDTDYILLDEPLNNLDMKHSVQIMKILRRLVDELGKTVVIVLHDINFASVYSDRIVAMKDGKVVKDGPTEEIIQSEALSEIYDMEIPIQEMNNCRICVYFNS,518,1333,253,100.000,253,0,253,0,0,100.00,100,/stor/scratch/Wilke/contig/database/metagenomic_contig_database/NCBI/GCF_000508325.2_BAVI_1_genomic.fna.gz
NZ_ALAN01000009.1,9071..38815,tr|W1SNT4|W1SNT4_9BACI Periplasmic-binding protein OS=Bacillus vireti LMG 21834 OX=1131730 GN=BAVI_01000 PE=4 SV=1,34849..35808,lcl|34849|35808|1|1,1,tr|W1SNT4|W1SNT4_9BACI,0.00e+00,tr|W1SNT4|W1SNT4_9BACI Periplasmic-binding protein OS=Bacillus vireti LMG 21834 OX=1131730 GN=BAVI_01000 PE=4 SV=1,MMRKWSLLGLIFSVIFVLAACGGASKEADQSKTTSADTKETAEKMTIKHKYGEAVVGKKPQKVVVFDFGILDTLDELGIDVTGVPQATVPAYLKKYADKKYTNVGSLKEPDFEAVHALKPDVIFISTRQAELYDQFAEIAPTVYVDIDYTNYMDSFEKNMKLVGEIFGKEDKVAGELEDIKASVEKVNKKATGLDQKGLILLANEGKVSAYGPSSRFGIIHDVFGFGAADKKIEVSTHGQSVTFEYIMEKNPDVLFVIDRATAVGGEVGAKEIIENELVKKTAAYKNDKIVYLDADAWYLSGGGLKSMKIMAKEIESAI,620,1598,310,99.677,309,1,310,0,0,100.00,97,/stor/scratch/Wilke/contig/database/metagenomic_contig_database/NCBI/GCF_000508325.2_BAVI_1_genomic.fna.gz
NZ_ALAN01000009.1,9071..38815,tr|W1SN32|W1SN32_9BACI Uncharacterized protein OS=Bacillus vireti LMG 21834 OX=1131730 GN=BAVI_01005 PE=4 SV=1,36400..35864,lcl|36400|35864|1|-1,-1,tr|W1SN32|W1SN32_9BACI,2.04e-130,tr|W1SN32|W1SN32_9BACI Uncharacterized protein OS=Bacillus vireti LMG 21834 OX=1131730 GN=BAVI_01005 PE=4 SV=1,MKKSQAYHHSFQNLQENRMSFDQVFTRIVEFMNIDPRGNFRLMVGTDSQVHKSQTTFITGIVIQNEGKGVWACIRKVIIPRKMTHLHDRISLELSLTEEVVSLFTEERKSELINIVLPHLYQGATFTMEGHIDIGAGKRNKTREFVKEMVTRIESMGVEPKIKPNAFVASSYANRYTK,372,954,178,100.000,178,0,178,0,0,100.00,100,/stor/scratch/Wilke/contig/database/metagenomic_contig_database/NCBI/GCF_000508325.2_BAVI_1_genomic.fna.gz
NZ_ALAN01000009.1,9071..38815,tr|W1SUG0|W1SUG0_9BACI Na+-dependent transporter OS=Bacillus vireti LMG 21834 OX=1131730 GN=BAVI_01015 PE=4 SV=1,38532..37027,lcl|38532|37027|2|-1,-1,tr|W1SUG0|W1SUG0_9BACI,0.00e+00,tr|W1SUG0|W1SUG0_9BACI Na+-dependent transporter OS=Bacillus vireti LMG 21834 OX=1131730 GN=BAVI_01015 PE=4 SV=1,MENRQQWGSRYGFIMAAVGSAVGLGNIWRFPAVAYENGGGAFYFPYLFALLTAGIPILILEFTIGHKYRGSAPLSFFRISKKAEWLGWWQVLISFVICTYYAVIIAWAVKYTIYSVGTQWGAKPDQFLYGKVLKLSETPGDIGSLVPGVVIPLLFVWAVTLFVLYRGVSKGIERLNKIFIPTLVIMFLIIVIRAVTLDGAAEGLNAFFKPNWDKMLDGKVWVAAYGQIFFSLSIGFAIMLTYSSYLPKKSDINNNAFITGFANSGFELLAGIGVFAALGFMAKQQGVPIDQVVSSGIGLAFVVFPSIINEFPGWNGLFGILFFLSLVFAGMTSLISIVETFVAGVQDKFNVSRTKAVLASGLTAAVISLLFATNGGLRLLDIVDYFINNFGVALAGLVEIILMAWFFKGLTGLQKHANEISDLRTGAWWKFCLAILTPLVLGYMMFDNIRQNLAKNYEGYPTSLILFAGVVVAAGVILVALLLSLKGWKANANVEEKEGVA,990,2559,501,100.000,501,0,501,0,0,100.00,100,/stor/scratch/Wilke/contig/database/metagenomic_contig_database/NCBI/GCF_000508325.2_BAVI_1_genomic.fna.gz
NZ_ALAN01000009.1,9071..38815,CRISPR array,15904..17520,,,,,"Copies: 25, Repeat: 33, Spacer: 33",GTCGCACCCTACATGGGTGCGTGGATTGAAAT,,,,,,,,,,,,/stor/scratch/Wilke/contig/database/metagenomic_contig_database/NCBI/GCF_000508325.2_BAVI_1_genomic.fna.gz
