NZ_NCWY01000007.1,91510..193035,tr|A0A269ZD84|A0A269ZD84_9MICO 5-hydroxyisourate hydrolase OS=Brevibacterium casei OX=33889 GN=B8X04_09340 PE=3 SV=1,91976..91653,lcl|91976|91653|2|-1,-1,tr|A0A269ZD84|A0A269ZD84_9MICO,2.24e-71,tr|A0A269ZD84|A0A269ZD84_9MICO 5-hydroxyisourate hydrolase OS=Brevibacterium casei OX=33889 GN=B8X04_09340 PE=3 SV=1,MSFITAHALDSTAGTPAVDLAVTLFDGDTEIVSARTDAGGRVSDFGPERLEPGTYRIVFGTGEYFEAQGMDHFHPQVTIDFTVKEGEAHYHIPLLFSPFAYSTYRGS,217,552,107,100.000,107,0,107,0,0,100.00,100,/stor/scratch/Wilke/contig/database/metagenomic_contig_database/NCBI/GCF_002276605.1_ASM227660v1_genomic.fna.gz
NZ_NCWY01000007.1,91510..193035,tr|A0A269ZCZ8|A0A269ZCZ8_9MICO OHCU decarboxylase OS=Brevibacterium casei OX=33889 GN=B8X04_09345 PE=4 SV=1,92485..91973,lcl|92485|91973|3|-1,-1,tr|A0A269ZCZ8|A0A269ZCZ8_9MICO,8.09e-114,tr|A0A269ZCZ8|A0A269ZCZ8_9MICO OHCU decarboxylase OS=Brevibacterium casei OX=33889 GN=B8X04_09345 PE=4 SV=1,MRNEVDVDLIEFDRLPEGEAREVVRPCLDVERWISGVVAGRPYADVEAALERARTVASPLRPEEISAALAHHPRIGEKAAGDSAEAAHSSREQAGLGALDGSVEERLRAGNAAYEERFDRVFLIRAAGRSPEEILAELDRRMTNTPEDELAEVGDQLIEIAVLRLSGILA,329,843,170,100.000,170,0,170,0,0,100.00,100,/stor/scratch/Wilke/contig/database/metagenomic_contig_database/NCBI/GCF_002276605.1_ASM227660v1_genomic.fna.gz
NZ_NCWY01000007.1,91510..193035,tr|K9AJ51|K9AJ51_9MICO Glycerate kinase family protein OS=Brevibacterium casei S18 OX=1229781 GN=C272_08887 PE=3 SV=1,92539..93855,lcl|92539|93855|1|1,1,tr|K9AJ51|K9AJ51_9MICO,0.00e+00,tr|K9AJ51|K9AJ51_9MICO Glycerate kinase family protein OS=Brevibacterium casei S18 OX=1229781 GN=C272_08887 PE=3 SV=1,MSNPPTAAMTPAVAPGKSSLSEIFFRMMNASAPVVSSGTVRLNVLMSEEAPVIVCAPDSFKGSAGAPAAAAALARGAAQAFPSARITQLPFADGGEGTLEALLAVWGTPARTVDVVDALGRPTTARYGLSADGRTAVIEAAQANGLPQVSDVPLEPERAGTYGVGLIASRVLEEGVDEILLCIGGSASTDGGAGIVTALGARFTDAAGEPIPPGGGGLASLSAIDDSGLDPRARAVRWRIAVDVDNPLTGPRGAAAVFGPQKGADAPAVERLDAGLTHVAEVLAGSAAEAESMAATPGFGAAGGIPLALTALLGAEVVPGSTMVAEAVGLSQSLADADLVLTGEGSFDSQSLGGKVVAAVRDHAPASASIIVVAGRVALTPAECREAGITAALSIAPGPADLSELSAQAEDLIESTAAHACALVAAGHQQAGHQPKGH,753,1943,395,99.241,392,3,393,0,0,99.49,90,/stor/scratch/Wilke/contig/database/metagenomic_contig_database/NCBI/GCF_002276605.1_ASM227660v1_genomic.fna.gz
NZ_NCWY01000007.1,91510..193035,tr|A0A163AFB4|A0A163AFB4_9MICO Peroxiredoxin OS=Brevibacterium casei OX=33889 GN=AVW13_10825 PE=4 SV=1,93798..94325,lcl|93798|94325|3|1,1,tr|A0A163AFB4|A0A163AFB4_9MICO,4.88e-108,tr|A0A163AFB4|A0A163AFB4_9MICO Peroxiredoxin OS=Brevibacterium casei OX=33889 GN=AVW13_10825 PE=4 SV=1,MRARGGRAPAGRTPTERALIMANTLTVGQQAPDFSLQDADGRTYSKEGLAGQRFILYFYPKAATPGCTTEACDFRDNLASLTAGGFAVLGVSPDSPEELQSFAADESLTFPLLSDPDSAVAKAYGSFGEKTIGDRTIEGTLRSTFVVDESGALQLAEYNVSPDGHVRRLRETLDV,314,804,155,100.000,155,0,155,0,0,100.00,89,/stor/scratch/Wilke/contig/database/metagenomic_contig_database/NCBI/GCF_002276605.1_ASM227660v1_genomic.fna.gz
NZ_NCWY01000007.1,91510..193035,tr|A0A269ZCF5|A0A269ZCF5_9MICO Allantoinase OS=Brevibacterium casei OX=33889 GN=B8X04_09360 PE=4 SV=1,95783..94407,lcl|95783|94407|2|-1,-1,tr|A0A269ZCF5|A0A269ZCF5_9MICO,0.00e+00,tr|A0A269ZCF5|A0A269ZCF5_9MICO Allantoinase OS=Brevibacterium casei OX=33889 GN=B8X04_09360 PE=4 SV=1,MSVDGAQTQTPTEADAGVDLIIRAKRAVLPEGIAAAEVAVRDGRIVEIATGEDRVSTTSAQVLDVDDTQVLLPGLVDTHVHVNDPGRSEWEGFASATKAAAAGGVTTILDMPLNSLPPTVDVDALETKRAVAAPKAFVDVGFWGGAIPGNTGELRPLHEAGVFGFKCFLEDSGVDEFPPLTPVEMETDLAEIAGFDGLLIVHAEDHAVMAEAPTASGRRFADFLASRPREAENVAIGRVIDAARATGGRAHILHLSSADALPQIAEAKAEGVRLTVETCPHYLVFSAEEIPDGATTHKCCPPIREEANREALWQGLIDGTIDCIVSDHSPSTAELKLLESGDFGAAWGGISSLQLGLPLVWTEAQRRGIELAEVVRWMSAAPAAIARVEGKGSIAVGNSADFALFAPEEEWTVSATELHHRNQITAYDQRTVRGAVRQTLLAGTPVDFDAPHGRLLTA,916,2368,458,100.000,458,0,458,0,0,100.00,100,/stor/scratch/Wilke/contig/database/metagenomic_contig_database/NCBI/GCF_002276605.1_ASM227660v1_genomic.fna.gz
NZ_NCWY01000007.1,91510..193035,tr|A0A2H1J1K3|A0A2H1J1K3_9MICO Tartronate-semialdehyde synthase OS=Brevibacterium casei CIP 102111 OX=1255625 GN=BC102111_01835 PE=3 SV=1,97649..95853,lcl|97649|95853|2|-1,-1,tr|A0A2H1J1K3|A0A2H1J1K3_9MICO,0.00e+00,tr|A0A2H1J1K3|A0A2H1J1K3_9MICO Tartronate-semialdehyde synthase OS=Brevibacterium casei CIP 102111 OX=1255625 GN=BC102111_01835 PE=3 SV=1,MTRMRAVDAIVLILEKEGATETFGLPGAAINPLYAAMRAHGGIRHTLARHVEGASHMADGFTRAAPGNIGVCLGTSGPAGTDMITGLYAAAADSQPILCITGQAPVAVLDKEDFQAVDIAAIAAPVTKMAKTVLEAGQVPGVFQKAFQLMRSARPGPVLIDLPIDVQQTEIDFDIDTYEPLPVDRPQATPAQAERILDLIAEAKHPLIIAGGGILGADASERLVEFAELTSIPVSPTLMGWGTIPDSHPLAAGMVGIQTHVRYGNASFLESDLVIGIGNRWANRHTGDLSVYRKGRRFVHIDIEPTQIGRVFAPDYGVVSDAGAALDALLDAARGRAAGRGLPDFTEWAHSCTQRKSTEHRKTNYTEKPIKPQRVYQEMNTAFGEDVTYVSTIGLSQIAGAQMLHVYRPRHWINAGQAGPLGWTGPAALGVAKGKPGQTVVALSGDYDFQFMIEELAVGAQHRIPYVHVVVNNSYLGLIRQSQRGFDMDYQVSLAFDNINSTGETAGYGVDHVAVAQGLGCKALRVEDPELIGEGLRVAKELMDEHQVPVVVEIILERITNISMGLALDAINEFDVLAQTPADAPTALTPLSELAAAK,1218,3151,598,100.000,598,0,598,0,0,100.00,100,/stor/scratch/Wilke/contig/database/metagenomic_contig_database/NCBI/GCF_002276605.1_ASM227660v1_genomic.fna.gz
NZ_NCWY01000007.1,91510..193035,tr|K5YPF3|K5YPF3_9PSED Uncharacterized protein OS=Pseudomonas sp. Chol1 OX=440512 GN=C211_04998 PE=4 SV=1,96570..97991,lcl|96570|97991|3|1,1,tr|K5YPF3|K5YPF3_9PSED,4.44e-70,tr|K5YPF3|K5YPF3_9PSED Uncharacterized protein OS=Pseudomonas sp. Chol1 OX=440512 GN=C211_04998 PE=4 SV=1,MLGRLPLRARVRPLREVGQATTGGPAAGGVEQRVEGGPGVGDDAVVGGEDAPDLGRLDVDVDEPPPLPVDGEVTGVTVGPTVADADDEVGFEEGRIAVAHVRLDPDHAGGQRVAVGDRAPPHERRRDGDRGEFGELDEPLTGIGTQDPAAGDDERMLRLGDEVEDPLRLRRGGLRPVDGQRLVGVDVEVDLRLLDVDGQVDEDGPRTRRAHELERLLEDTGHLPRFEDGLRHLRHGGGDRRDVDGLEVLLVEDGDRRLPGDAEDRLRVRGSRIETGDHVRARRSRGAEADPDVPRCRPRESVGHVRGALDMAGERVADPAVGPHRRIQRVDRGSRQAEGLGRAFLLEDEDDGVDCAHSRHHAAPSCASASSSSAEAVVPESCSTTVRRPEWSSPPLPWATVAATSWATAAPSGIVTPASRAAAVTMPMSLWWSASRNPGANSRSSIFCPFCSSTLEPASPPPRTSSAEAVSTP,234,596,285,52.281,149,136,175,0,0,61.40,60,/stor/scratch/Wilke/contig/database/metagenomic_contig_database/NCBI/GCF_002276605.1_ASM227660v1_genomic.fna.gz
NZ_NCWY01000007.1,91510..193035,tr|A0A1M5VYI1|A0A1M5VYI1_9ACTN Uncharacterized protein OS=Streptomyces sp. 3214.6 OX=1882757 GN=SAMN05444521_1989 PE=4 SV=1,97126..97389,lcl|97126|97389|1|1,1,tr|A0A1M5VYI1|A0A1M5VYI1_9ACTN,8.34e-32,tr|A0A1M5VYI1|A0A1M5VYI1_9ACTN Uncharacterized protein OS=Streptomyces sp. 3214.6 OX=1882757 GN=SAMN05444521_1989 PE=4 SV=1,MSKSISVCWTSMGRSMRTGPGRAERMSWNAFWKTPGTCPASRTVFAIFVTGAAIAAMSTAWKSSLSRTATGACPVMQRIGCESAAAA,117,294,85,74.118,63,22,66,0,0,77.65,98,/stor/scratch/Wilke/contig/database/metagenomic_contig_database/NCBI/GCF_002276605.1_ASM227660v1_genomic.fna.gz
NZ_NCWY01000007.1,91510..193035,tr|A0A269ZEU2|A0A269ZEU2_9MICO 2-hydroxy-3-oxopropionate reductase OS=Brevibacterium casei OX=33889 GN=B8X04_09370 PE=3 SV=1,98563..97649,lcl|98563|97649|3|-1,-1,tr|A0A269ZEU2|A0A269ZEU2_9MICO,0.00e+00,tr|A0A269ZEU2|A0A269ZEU2_9MICO 2-hydroxy-3-oxopropionate reductase OS=Brevibacterium casei OX=33889 GN=B8X04_09370 PE=3 SV=1,MTTIAFIGLGIMGLPMAKNLVDAGFTVRGFNRTPAKAEDLAAAGGQAASTIAEAVDGADVIATMVPDSPDVEAVLDGILAAAKPGAMWIDFSTIRPDVAKELAAQAKEAGLKPLDAPVSGGEPGAVDGVLSIMVGGDEADFAAASEVFEAVGKTIVHVGPSGAGQTVKAANQLIVAGNIGLLAEAVVFLEAYGVDTASALEVLGGGLAGSKVLEQKGQKMLDREFAPGFRLALHHKDMGIVTAAAREAGVTIPLGAAVAQLVAATVAQGNGGLDHSGLLTVVEQLSGTTASAEDEDADAQEGAA,586,1510,304,100.000,304,0,304,0,0,100.00,100,/stor/scratch/Wilke/contig/database/metagenomic_contig_database/NCBI/GCF_002276605.1_ASM227660v1_genomic.fna.gz
NZ_NCWY01000007.1,91510..193035,tr|A0A2H1J1K0|A0A2H1J1K0_9MICO Hydroxypyruvate isomerase OS=Brevibacterium casei CIP 102111 OX=1255625 GN=BC102111_01837 PE=3 SV=1,99511..98615,lcl|99511|98615|3|-1,-1,tr|A0A2H1J1K0|A0A2H1J1K0_9MICO,0.00e+00,tr|A0A2H1J1K0|A0A2H1J1K0_9MICO Hydroxypyruvate isomerase OS=Brevibacterium casei CIP 102111 OX=1255625 GN=BC102111_01837 PE=3 SV=1,MRMLFSSNGNELPQYGNFRKSQSREGDPMSTFDFTQADSYILNCSTLLTELPVLERAQAAKDAGFAKVEFWWPFDGDPTPSPAEVDAFIASLESAGVELKGLNFWAGDMAAGDRGMVSIPGSQADFTKNAEIVAGIGERTGCRAFNALYGLRVDDSTPEEQDAVALENLAVAARAVAGIGGTVLVEPVSGADAYPLKTAADAAAVVEAVRAGGAENIAVLADFFHMAVNGDDVAAAIESGAADFGHIQIADAEGRGAPGTGQLPLREWIDRSFALGYSGQIALEYKQDRETAFAWLAH,541,1393,270,100.000,270,0,270,0,0,100.00,91,/stor/scratch/Wilke/contig/database/metagenomic_contig_database/NCBI/GCF_002276605.1_ASM227660v1_genomic.fna.gz
NZ_NCWY01000007.1,91510..193035,tr|A0A269ZCF3|A0A269ZCF3_9MICO Guanine deaminase OS=Brevibacterium casei OX=33889 GN=guaD_3 PE=3 SV=1,100925..99639,lcl|100925|99639|2|-1,-1,tr|A0A269ZCF3|A0A269ZCF3_9MICO,0.00e+00,tr|A0A269ZCF3|A0A269ZCF3_9MICO Guanine deaminase OS=Brevibacterium casei OX=33889 GN=guaD_3 PE=3 SV=1,MQIFRARVFDTPTDPFAGGTLRSESDTALVVDSGRIVARTDFSTARDRHPYAEVVDLRCGVLLPGFVDTHVHFPQIRAIGHLGRPLLDWLDQCALPEEAKLGDDAYARALAGEFLTGLTSAGTTSAMVFGSHFASAVDILFAQAAEVGLRITTGLVTSDRNLPDILLTDVDRSVRESQELIDRWHGKGRLRFAVTPRFSFSAGPELLAAGGQLVADNPGIWVTSHLNENRDEVAGVAEIHPEASDYLDTYDRAGLLGRQTILAHNVHPTDRELGRMGEAGAAAAHCPTSNSALASGFFPLRRHLDAGVRVALGSDVGAGTGFSLLKEGVQAYFMQQLDPAGGVPLTSTHLLHLATSAGAGALGLDETVGDLSVGKRFDAVFVDPAAGQPLDVGLAHAESDEDALAKIFALGTPADLTRVWVDGDLVKG,852,2201,428,100.000,428,0,428,0,0,100.00,100,/stor/scratch/Wilke/contig/database/metagenomic_contig_database/NCBI/GCF_002276605.1_ASM227660v1_genomic.fna.gz
NZ_NCWY01000007.1,91510..193035,tr|A0A449DC96|A0A449DC96_9MICO Xanthine dehydrogenase accessory protein XdhC OS=Brevibacterium casei OX=33889 GN=NCTC12391_03350 PE=4 SV=1,101765..100959,lcl|101765|100959|2|-1,-1,tr|A0A449DC96|A0A449DC96_9MICO,0.00e+00,tr|A0A449DC96|A0A449DC96_9MICO Xanthine dehydrogenase accessory protein XdhC OS=Brevibacterium casei OX=33889 GN=NCTC12391_03350 PE=4 SV=1,MTWMDAAAELRSARVPAVLITLASVRGHAPREAGAKMIVTADDLYGTIGGGNLEMTAVTRAREMLTGDSGDAGDRLFEPEMLTLRLNDKAPAKYGRQCCGGEVALLLEPLPVPATVAIFGAGNIGLELTRILARHEIDLHVTDSRPEHLGELDRLEPPVAELSRHFAVVGEEVLTSLPPGSHVYIMTHDHAEDLHLCQAALSRGDLGTIGLIGSSAKWQRFRKALIADGHAPEVVDTISCPIGLPALTGKQPATIALSVAADLLTRLR,530,1366,268,99.254,266,2,267,0,0,99.63,100,/stor/scratch/Wilke/contig/database/metagenomic_contig_database/NCBI/GCF_002276605.1_ASM227660v1_genomic.fna.gz
NZ_NCWY01000007.1,91510..193035,tr|A0A269ZD93|A0A269ZD93_9MICO Xanthine dehydrogenase molybdopterin binding subunit OS=Brevibacterium casei OX=33889 GN=B8X04_09390 PE=4 SV=1,104119..101762,lcl|104119|101762|3|-1,-1,tr|A0A269ZD93|A0A269ZD93_9MICO,0.00e+00,tr|A0A269ZD93|A0A269ZD93_9MICO Xanthine dehydrogenase molybdopterin binding subunit OS=Brevibacterium casei OX=33889 GN=B8X04_09390 PE=4 SV=1,MSHLSQRPADPVVGESHHHESAFGHVTGAALYTDDLVGRLTGVLHAYPVQSEHAHASLDRVDAAPAYEVPGVVRVITAADVPGVNDQGVKHDEPMLPTDEVMFFGQPVAWVLGEDLEAAKAGAAAVVVDATPLPSLITVRDAIAAGSYHGVQPVIDKGDVDGAFADAAHVFSGEFEFAGQEHFYLETQASLAHVDESGQVFIQCSTQHPTETQDIVSHVLGIPANEVTVQCLRMGGGFGGKEMQPHGYAALAALGAKLTGRPVRLRLSRTQDMTMTGKRHGFHSTWRIGLTEDGRILALDATLTADGGWSLDLSEPVLTRAMCHIDNAYWVPNIRVHGRVAKCHKTSQTAFRGFGGPQGMLVMEDILGRIAPQLGLSARELRRRNFYQAGQDTPYYQPVRHPDRMEACWDEVVTSAEVAEREAEIARFNATHDHVKRGIAITPVKFGISFNLTAFNQGGALVLVYKDGSVLVTHGGTEMGQGLHMKMLQVAATTLGVPLSTVRLAPTRTDKVPNTSATAASSGSDLNGGAVKDACEQILGRLRQVAAGLLGAPAHEVEISRGIVSALSSPKTITWEELINTAYFQRIQLSASGFYRTEGLHWDLSTMRGEPFKYFAYGAAASEVEVNRFDGSYVLRRVDIVHDVGDSLSPLIDIGQIEGGFVQGAGWLTLEDLRWDTSDKPSRGRLATQAASTYKLPSFSEMPEVFNIALLDKAHEEGAVYGSKAVGEPPLMLAFSVREALREAIAGFGPAGTSVELASPATPEAVFWALEAVRDATPDRQPVPS,1606,4159,785,100.000,785,0,785,0,0,100.00,100,/stor/scratch/Wilke/contig/database/metagenomic_contig_database/NCBI/GCF_002276605.1_ASM227660v1_genomic.fna.gz
NZ_NCWY01000007.1,91510..193035,tr|A0A269ZCY2|A0A269ZCY2_9MICO Xanthine dehydrogenase small subunit OS=Brevibacterium casei OX=33889 GN=B8X04_09395 PE=4 SV=1,105600..104116,lcl|105600|104116|1|-1,-1,tr|A0A269ZCY2|A0A269ZCY2_9MICO,0.00e+00,tr|A0A269ZCY2|A0A269ZCY2_9MICO Xanthine dehydrogenase small subunit OS=Brevibacterium casei OX=33889 GN=B8X04_09395 PE=4 SV=1,MSASTTERSSCRISVNGTDHDFDGPTHTNALDFLRGQGLTAAKEGCAEGECGACAILIARPDGETGTRWTSVNACLLPAAALDGQEVITAEGLGSVDDVHPVQEEMAVRGGSQCGYCTPGFICSMAAEYYRPERPTDSDHGPNGFDIHALSGNLCRCTGYRPIRDAAYALGDPTDDDALAARRSAPAPASAATDLHRPDTPTGELGRYRRPTRLAEAVEILSLEPDVLVVAGATDWGVEVNIKGARAKSLLAIDRLPELRGVRWTETHVEIGAANTLSEIERELAGSVPLLGKLFPQFASRLIRNGATIGGNLGTGSPIGDTPPALLALEAELVLTSAGGERVVPLADYFTGYRQTVREPGELITAIRIPLPLSPLTSFQKITKRRFDDISSVAIGYAVDVSDGIVDKARIGLGGVAATPLRALATEAAIEGRPWTLETVHDAAETLAAEGTPMDDHRASSRYRTAMLRSSLERFFAEQLGASGPGMIRTEAGR,993,2566,494,100.000,494,0,494,0,0,100.00,100,/stor/scratch/Wilke/contig/database/metagenomic_contig_database/NCBI/GCF_002276605.1_ASM227660v1_genomic.fna.gz
NZ_NCWY01000007.1,91510..193035,"tr|A0A2H1J1P9|A0A2H1J1P9_9MICO Putative MFS transporter, AGZA family, xanthine/uracil permease OS=Brevibacterium casei CIP 102111 OX=1255625 GN=BC102111_01842 PE=4 SV=1",107321..105807,lcl|107321|105807|2|-1,-1,tr|A0A2H1J1P9|A0A2H1J1P9_9MICO,0.00e+00,"tr|A0A2H1J1P9|A0A2H1J1P9_9MICO Putative MFS transporter, AGZA family, xanthine/uracil permease OS=Brevibacterium casei CIP 102111 OX=1255625 GN=BC102111_01842 PE=4 SV=1",MSRPTKSNSLRWSMKMADNDSGRDTAPVEHGSPSALDRFFEITQRGSSVRQEIRGGIVAFVAMAYIVVLNPLILGGSADVTGGTLDFAQLTAVTGLVAGLITILFGVVARLPFALAAGLGMNSFLAVSVVQEVTWAEAMGLVIINGVIIVVLGATGIRTAIFNAVPHALKVAITVGIGLFIAFIGFVNSGFVTRTPAGPPVQLGQDGSIASLPTVVFIGALILIGVLVARKIPGGILIGMIVATIAAIIIQAFAKLGTVGDPVNPDPQGWNLSAPQLPSQIVALPDFSLIGAFDLFGSFERIGVLAATMLVFTLVFTNFFDAMGTMTGLARSAGLQTKDGMFPRIRGAFIIEGLGAVAGGGASASSNTVFVDSAAGIAEGARTGLAACVTGVLFLLSMFFAPLIGVIPMEAGAAALVVVGAMMVSQIREIDLSDFRTSLPVFLTMVTMPLTYSIANGIGVGFISWALIHAFSRRGQHVHWLLWVVSVGFVLYFVRGPISAILGG,942,2436,489,100.000,489,0,489,0,0,100.00,97,/stor/scratch/Wilke/contig/database/metagenomic_contig_database/NCBI/GCF_002276605.1_ASM227660v1_genomic.fna.gz
NZ_NCWY01000007.1,91510..193035,tr|K9AXP9|K9AXP9_9MICO tRNA-specific adenosine deaminase OS=Brevibacterium casei S18 OX=1229781 GN=tadA PE=3 SV=1,108347..107742,lcl|108347|107742|2|-1,-1,tr|K9AXP9|K9AXP9_9MICO,1.06e-94,tr|K9AXP9|K9AXP9_9MICO tRNA-specific adenosine deaminase OS=Brevibacterium casei S18 OX=1229781 GN=tadA PE=3 SV=1,MGRGRRHLRRPGAPGGRPHRAGRAAPVRPGPRRRPRRRDRRLRRSARGRTLNRFPEWMDLALAEAARATAHDDVPVGAVVVDEDGRVIGSGHNRREVDEDPLGHAELIALRAAAEATGRWRLDGCTLVVTLEPCVMCAGALVGSRIARLVYGAFDEKAGGVGSVWDIPRDRAALHHPEVYAGVRAEESAALLREFFTARRG,281,719,144,100.000,144,0,144,0,0,100.00,72,/stor/scratch/Wilke/contig/database/metagenomic_contig_database/NCBI/GCF_002276605.1_ASM227660v1_genomic.fna.gz
NZ_NCWY01000007.1,91510..193035,tr|A0A449DC95|A0A449DC95_9MICO Putative tRNA adenosine deaminase-associated protein OS=Brevibacterium casei OX=33889 GN=NCTC12391_03344 PE=4 SV=1,108829..108194,lcl|108829|108194|3|-1,-1,tr|A0A449DC95|A0A449DC95_9MICO,5.89e-134,tr|A0A449DC95|A0A449DC95_9MICO Putative tRNA adenosine deaminase-associated protein OS=Brevibacterium casei OX=33889 GN=NCTC12391_03344 PE=4 SV=1,MVRRNTGGERADPVVKGLRRVHNGDMSYFSEILAESSDGFRALDVDVRDAEDLDGLVDMMRTAGSDDGEAIAVIEHEDEWFGLVRLCRDNEVKVFLSDLRAVELSPFAAIFADYLDSRPDAYEAEPEEEFGLDEETQTSEDEDEDDNDDEIEMLDFDGDAEWGGDADIYADRGLPAADLIEQVEQHRSDPARVVAHVGETVGFADQLEAAR,383,983,197,98.477,194,3,196,0,0,99.49,93,/stor/scratch/Wilke/contig/database/metagenomic_contig_database/NCBI/GCF_002276605.1_ASM227660v1_genomic.fna.gz
NZ_NCWY01000007.1,91510..193035,tr|K9B0L1|K9B0L1_9MICO Uracil phosphoribosyltransferase OS=Brevibacterium casei S18 OX=1229781 GN=upp PE=3 SV=1,108753..109475,lcl|108753|109475|3|1,1,tr|K9B0L1|K9B0L1_9MICO,1.11e-148,tr|K9B0L1|K9B0L1_9MICO Uracil phosphoribosyltransferase OS=Brevibacterium casei S18 OX=1229781 GN=upp PE=3 SV=1,MSPLWTLLSPFTTGSALSPPVFRRTISCMRLHVADHPLIAHKLSVLRDESTDSARFRQLTEELVMLLAYEATRSVAVEDREVSTPVSTFTGTRLAEPRPVVVPILRAGLGMLDGMLRILPTAEVGFLGMVRDETTFEPTAYADRLPDDLSGRQIFVVDPMLATGGTLAMAIDFLLARGARDVTAVCLVSAPEGVKRIEQSYGESAHVEIYTAALDERLNEQGYIVPGLGDAGDRMYGIVD,422,1084,212,100.000,212,0,212,0,0,100.00,88,/stor/scratch/Wilke/contig/database/metagenomic_contig_database/NCBI/GCF_002276605.1_ASM227660v1_genomic.fna.gz
NZ_NCWY01000007.1,91510..193035,tr|A0A3D9U878|A0A3D9U878_9MICO tRNA-specific adenosine deaminase OS=Microbacterium trichothecenolyticum OX=69370 GN=tadA PE=3 SV=1,109490..108843,lcl|109490|108843|2|-1,-1,tr|A0A3D9U878|A0A3D9U878_9MICO,4.23e-34,tr|A0A3D9U878|A0A3D9U878_9MICO tRNA-specific adenosine deaminase OS=Microbacterium trichothecenolyticum OX=69370 GN=tadA PE=3 SV=1,MTPSLSVDDAVHPVPGVAEPGDDVPLLVEAFVEGRGVDLDVRRLPVRLFDALDALGGGDEADGGDVAGTAGQEEIDGHGQGAAGGEHRIDDEDLTTAEVIGQPVGVGGGFERRLVADHAEESHLGGGEDAQHSVEHAEARAEDGDDDGTGFGQAGAGERRDRGGHLAVLDGDRARGLVGEKHDELLGELPEPRGIGALVTEDAELVGDERVIGYV,139,349,206,48.544,100,105,123,1,1,59.71,96,/stor/scratch/Wilke/contig/database/metagenomic_contig_database/NCBI/GCF_002276605.1_ASM227660v1_genomic.fna.gz
NZ_NCWY01000007.1,91510..193035,tr|K9AJ77|K9AJ77_9MICO Response regulator OS=Brevibacterium casei S18 OX=1229781 GN=C272_08817 PE=4 SV=1,109713..110516,lcl|109713|110516|3|1,1,tr|K9AJ77|K9AJ77_9MICO,0.00e+00,tr|K9AJ77|K9AJ77_9MICO Response regulator OS=Brevibacterium casei S18 OX=1229781 GN=C272_08817 PE=4 SV=1,MPNPEPNYVHPRSAVAVRRAGARLSAVDPQNPPHTYGPSGVVPSPKAARGIIVYIGLDESKAAADGTNLSAIAGELQAYAKELASQAETQAVIALAPEGRGSDIDAVRAVANGSPAASGTPAGTHGPVRSRIPNRIHPPALRDDAAAGGYGAHPGEAFGEKAAERLRIDIPRREVRIDGDLVDVTTKEFDLLATLVSHPDETLPRDALIAAVWSGSEEPDERTVDVHIRRLRRRLGEHSSVIRTMRGAGYRYDTHPDVTVWSATAHR,528,1360,267,100.000,267,0,267,0,0,100.00,100,/stor/scratch/Wilke/contig/database/metagenomic_contig_database/NCBI/GCF_002276605.1_ASM227660v1_genomic.fna.gz
NZ_NCWY01000007.1,91510..193035,tr|K9AJ27|K9AJ27_9MICO Endonuclease/exonuclease/phosphatase OS=Brevibacterium casei S18 OX=1229781 GN=C272_08812 PE=4 SV=1,110576..111517,lcl|110576|111517|2|1,1,tr|K9AJ27|K9AJ27_9MICO,0.00e+00,tr|K9AJ27|K9AJ27_9MICO Endonuclease/exonuclease/phosphatase OS=Brevibacterium casei S18 OX=1229781 GN=C272_08812 PE=4 SV=1,MNQAYPRTRSARRSAKGVTALVFGILYAAFLLLHHLLPSRAGIALLVESILPWTGVIVGLVALMALFRFSVLSVIGVLVPSIVWLTMFGTALLPGKDAGTADLTVATQNVGARLPQPTATAKNLIDAEPDILTIQELESLSGQIIRKELDSAFENSQVVGTVGVWSKWPMSAPEAVDLGLPWERAFATTVSTDHGDVRFYAVHMPSVRPGHEAMRNAALRRLATIVSADEAERVIVAGDFNTATTDRNFSELVPPLEDSRVEAHGGFGFTWPSVFPVTRLDHILYRGFDATSDRVLGRGTSDHRAVIAGLDLS,627,1617,313,100.000,313,0,313,0,0,100.00,100,/stor/scratch/Wilke/contig/database/metagenomic_contig_database/NCBI/GCF_002276605.1_ASM227660v1_genomic.fna.gz
NZ_NCWY01000007.1,91510..193035,tr|K9AXP2|K9AXP2_9MICO Putative serine protease OS=Brevibacterium casei S18 OX=1229781 GN=C272_08807 PE=4 SV=1,112546..111527,lcl|112546|111527|3|-1,-1,tr|K9AXP2|K9AXP2_9MICO,0.00e+00,tr|K9AXP2|K9AXP2_9MICO Putative serine protease OS=Brevibacterium casei S18 OX=1229781 GN=C272_08807 PE=4 SV=1,MENPGVIALLAAMPLVLSVLFAFAGNGIGIAIRRAMDSELGQGIDSIGGTVTAGIVYVLVLWLAAGFVRASPLVEPNRWVADSAVIAAIDRTIPYSSQVALGDLASTLRATGFPQVFSGQTEEIRGVGEPDSGMVEVGRSVEESVVKVTTTTTRCAAGSEGTGFVYSDGLVATNAHVVAGSTSLAVQVGGTGRPYSAEVVEFDPEADVAVLRVPELDAPALEFGSPAGPGDDSVVVGFPANGPYTISPSRVREKINARGLDIYDESSVVREVYSVRGIVREGNSGGPLLDSDGNVIGMVFARSATDEETGYALTRAEIRDELQAGASSSTPQPTGQCTK,669,1725,339,100.000,339,0,339,0,0,100.00,100,/stor/scratch/Wilke/contig/database/metagenomic_contig_database/NCBI/GCF_002276605.1_ASM227660v1_genomic.fna.gz
NZ_NCWY01000007.1,91510..193035,tr|K9AMQ6|K9AMQ6_9MICO Uncharacterized protein OS=Brevibacterium casei S18 OX=1229781 GN=C272_08802 PE=4 SV=1,114231..112711,lcl|114231|112711|1|-1,-1,tr|K9AMQ6|K9AMQ6_9MICO,0.00e+00,tr|K9AMQ6|K9AMQ6_9MICO Uncharacterized protein OS=Brevibacterium casei S18 OX=1229781 GN=C272_08802 PE=4 SV=1,MSEHAGPPHGPGPNHGGQHPGPVVDPRRSDDRFRPRPQNPQRTATPPPMRRQAPGPGPNLGLRIPPPGQMTRPGHQSHPGQPMQARVYEQPRFAPTVTQEMRVRAQMQPPQHRVAETPWTGAVRRTPEPAEPGSPGNVVRLVLAILAVCALVFGLLVMAIFGGFSFGARLFGLIGLSAIPLIGIIAYVLWLDRWKPQPKLLLGLCLLWGAVASVVLTLFVSLVGEVALYFAGVGAVPDVFKTVVEAPVVEETTKTALLVVIVLLARRHFEGPLDGLVYGALIGAGFAFTENVLYLGAAWEESTSGLWVTFVLRCLCSPLLHTAFSSWAGVTIGFAARKWPWWAVILMWLPGLFVGMCLHAIWNGSMTGLQLISPIAQIIGLIVLSFILTTCWVVAGLILRRSERLHTRNMLGDYANSGWLSHAEVDMLGTWKGRKQGKRWAKTFPGGKQEMRTMIRLAGQLATTRMRLLAGLGGPKERTIENYELREFAGARDRLLSASRGEARPA,1012,2616,506,100.000,506,0,506,0,0,100.00,100,/stor/scratch/Wilke/contig/database/metagenomic_contig_database/NCBI/GCF_002276605.1_ASM227660v1_genomic.fna.gz
NZ_NCWY01000007.1,91510..193035,tr|K9B0K5|K9B0K5_9MICO Collagen adhesion protein OS=Brevibacterium casei S18 OX=1229781 GN=C272_08797 PE=4 SV=1,114598..116493,lcl|114598|116493|1|1,1,tr|K9B0K5|K9B0K5_9MICO,0.00e+00,tr|K9B0K5|K9B0K5_9MICO Collagen adhesion protein OS=Brevibacterium casei S18 OX=1229781 GN=C272_08797 PE=4 SV=1,MSTHRPLTCPSVLLVVLALLLSLGSSPASAKSNLGEVPLSAASELYGPGLWHEAAEGRTWYGAYRTFDDRYAYCIDAGRQSPQPANFDGAQPRTVTSAQTAWALHTYGTSDSADVQAALSTMARLDERIDHDHAVPPQEPGELGADFAGAAQQYAAITKEAKRLAGPYTLDVSLERSLDMPVLEPYGSTEEDAAPSTADVPPTSGAVTLTVSLTSASGAFVPDVPIELTIKGAEGPTRVTSGTAEITEMLRATEPGTVSVTATATVAPETVRLYEPTSGTRVQRVITADEPVTVTDEVSLDVDSQPRVTTEISEERPQPGDTVTDAFTVSGLIGDHRVDVVHELWTTSSKPAIGTRNDDAEVIGTVTSKDIGNGTHTSAGIRIPEDVRGWVYFTETIAADEKTSEWKGIHGQPKETGFVPWTPTADTRAEIEGSQVTDEVAVTGLRPGAEAKLTVTAYRTDSEPQQSTEASGTELASQDITVVADQEGTATVSTELIDMPVGWVTFVTTIHADDVHEGWTSDWGIPSETVSRPPAETPSTPPAPPTSTPPSPEQPSTPPAPEQPSPPPAPEQPSTPPPVEPVAEEPEAPRAPDELPRTGAQGHTMLIGVGIVLIGLGGAILFVTGRRTRDE,1245,3222,631,100.000,631,0,631,0,0,100.00,100,/stor/scratch/Wilke/contig/database/metagenomic_contig_database/NCBI/GCF_002276605.1_ASM227660v1_genomic.fna.gz
NZ_NCWY01000007.1,91510..193035,tr|K9AJ71|K9AJ71_9MICO MerR family transcriptional regulator OS=Brevibacterium casei S18 OX=1229781 GN=C272_08792 PE=4 SV=1,117199..116510,lcl|117199|116510|3|-1,-1,tr|K9AJ71|K9AJ71_9MICO,2.59e-155,tr|K9AJ71|K9AJ71_9MICO MerR family transcriptional regulator OS=Brevibacterium casei S18 OX=1229781 GN=C272_08792 PE=4 SV=1,MATTMTTAEAARAAGCSVQQVRRLETLGAIPAAERLANGHRRFTETHVRALIAYRRLASAIGPVAALDTFISRSERSPADTAAVLGGFAAGLDAERTRALAVREMLVGLDAETDDGAESMTMSQLTHALGVPASTLRFWEDEGLVSPDRVARGATRARIYRPAAIREARITAELRAAGYRIPAVREFIDALRVHGEVDQARAALESRIEALTGRLLDLFRAAATIVEGG,439,1128,229,99.563,228,1,228,0,0,99.56,100,/stor/scratch/Wilke/contig/database/metagenomic_contig_database/NCBI/GCF_002276605.1_ASM227660v1_genomic.fna.gz
NZ_NCWY01000007.1,91510..193035,tr|A0A165E6Q4|A0A165E6Q4_9MICO Uncharacterized protein OS=Brevibacterium casei OX=33889 GN=AVW13_10925 PE=4 SV=1,117233..117694,lcl|117233|117694|2|1,1,tr|A0A165E6Q4|A0A165E6Q4_9MICO,4.00e-107,tr|A0A165E6Q4|A0A165E6Q4_9MICO Uncharacterized protein OS=Brevibacterium casei OX=33889 GN=AVW13_10925 PE=4 SV=1,MSMNDILDAVRRFDGVLELAPTPGSEYPEVAWGDHFLYFAPDGEVPQRVQPYATIITKDYPDDTLSRLSETGRWRVNIHVGRHRFADLLGEEPTAPGAETGWDFAAADTLLPHPLYRTQGWVAIVAPGPNTMGLALDLLAVAHADAARRWHRR,311,796,153,100.000,153,0,153,0,0,100.00,100,/stor/scratch/Wilke/contig/database/metagenomic_contig_database/NCBI/GCF_002276605.1_ASM227660v1_genomic.fna.gz
NZ_NCWY01000007.1,91510..193035,"tr|K9AXN6|K9AXN6_9MICO 2,4-dihydroxyhept-2-ene-1,7-dioic acid aldolase OS=Brevibacterium casei S18 OX=1229781 GN=C272_08782 PE=4 SV=1",118493..117702,lcl|118493|117702|2|-1,-1,tr|K9AXN6|K9AXN6_9MICO,0.00e+00,"tr|K9AXN6|K9AXN6_9MICO 2,4-dihydroxyhept-2-ene-1,7-dioic acid aldolase OS=Brevibacterium casei S18 OX=1229781 GN=C272_08782 PE=4 SV=1",MSFRLDLPPTFADRLAELDDGGHLAGMWVSSGSPVSAEIAAGSGLDWVLLDAEHSPLGLETTTRLLQAMNGYPATPVVRVPACDRVLIKQHLDLGAQNILVPMVDTAADAEEAARSVRYPPHGVRGVGSALARASRWNTVPDYLGRADELVSLTIQIESVTAVENAEAIASVEGIDAVFVGPSDLAASMGLLGQQTHERVTAAVLETFDAVRAAGKPVGVNAFDPVQARRYLDAGASFVLVGADVGLLANGSRAWAKEWASGV,523,1348,263,100.000,263,0,263,0,0,100.00,100,/stor/scratch/Wilke/contig/database/metagenomic_contig_database/NCBI/GCF_002276605.1_ASM227660v1_genomic.fna.gz
NZ_NCWY01000007.1,91510..193035,"tr|K9AMQ1|K9AMQ1_9MICO 2-oxo-hepta-3-ene-1,7-dioic acid hydratase OS=Brevibacterium casei S18 OX=1229781 GN=C272_08777 PE=4 SV=1",119263..118478,lcl|119263|118478|3|-1,-1,tr|K9AMQ1|K9AMQ1_9MICO,0.00e+00,"tr|K9AMQ1|K9AMQ1_9MICO 2-oxo-hepta-3-ene-1,7-dioic acid hydratase OS=Brevibacterium casei S18 OX=1229781 GN=C272_08777 PE=4 SV=1",MLDETVIAGIADDLAAAERSREKIGLLTAAHPDMTVEDSYAVQAEWRRRGEAEGRRVVGHKIGLTSKPMQQATGITEPDYGTIFSDQVYETGAVIDHSQYSGVRVEVELAFVLGEDLAGPGVGLVDVLRATEYVVPALEILSSRIEMEGRTIVDTISDNAALGAMVLGGRPVTVDSVDLRWVAALLYRNETIEDSGVAAAVLDHPGRGIAWLANKLADHGETLRAGETVLAGSFTRPMWVHPGDTVHADYGDLGVITCRFA,522,1344,261,100.000,261,0,261,0,0,100.00,100,/stor/scratch/Wilke/contig/database/metagenomic_contig_database/NCBI/GCF_002276605.1_ASM227660v1_genomic.fna.gz
NZ_NCWY01000007.1,91510..193035,"tr|A0A163AFM7|A0A163AFM7_9MICO 3,4-dihydroxyphenylacetate 2,3-dioxygenase OS=Brevibacterium casei OX=33889 GN=AVW13_10940 PE=3 SV=1",120412..119300,lcl|120412|119300|3|-1,-1,tr|A0A163AFM7|A0A163AFM7_9MICO,0.00e+00,"tr|A0A163AFM7|A0A163AFM7_9MICO 3,4-dihydroxyphenylacetate 2,3-dioxygenase OS=Brevibacterium casei OX=33889 GN=AVW13_10940 PE=3 SV=1",MTESIITPTVAAPDVVRCAYMELVVTDLQKSRDFYVDVLDLQVTWEDENTVYLRSMEEFIHHNLVLRKGPEAAVAAFSFRVRTPEDVDAAEAFYRELGCPVERRSEGFVRGIGDSVRVQDPLGFPYEFFYDVDHVERLAWRYDLYSPGALVRLDHFNQVTPDVPKAVGYMEDLGFRVTEDIQDDEGTVYAAWMRRKPTVHDTAMTGGDGPRMHHVAFATHEKHNILAICDKLGALRLSDMIERGPGRHGVSNAFYLYLRDPDGHRIEIYTQDYYTGDPDNPRVTWDVHDNQRRDWWGNPVVPSWYTDASTVLDLEGNPVPLTKRTDDSEMEVTIGADGFSYTRREDAESDTAAHSGADDGEEEFKLGHQL,762,1968,370,100.000,370,0,370,0,0,100.00,100,/stor/scratch/Wilke/contig/database/metagenomic_contig_database/NCBI/GCF_002276605.1_ASM227660v1_genomic.fna.gz
NZ_NCWY01000007.1,91510..193035,"tr|A0A509ACK0|A0A509ACK0_GLUNI Catechol 2,3-dioxygenase (Fragment) OS=Glutamicibacter nicotianae OX=37929 GN=Catechol 2,3-dioxygenase PE=4 SV=1",119753..120469,lcl|119753|120469|2|1,1,tr|A0A509ACK0|A0A509ACK0_GLUNI,5.94e-45,"tr|A0A509ACK0|A0A509ACK0_GLUNI Catechol 2,3-dioxygenase (Fragment) OS=Glutamicibacter nicotianae OX=37929 GN=Catechol 2,3-dioxygenase PE=4 SV=1",MRGECDVVHARSVAAGHRGVVDGGLAPHPRCVHGALVVLDVLGDAEAEVLHVAHGLRDVRGDLVEVVEADECTGGVEVVAPGEALDVVDVVEELVREAERILHAHGVADAADEALGPPLYGTSELTVERLGGIDVLRGADPERERGHGGLRALPEDEVVVDELLHRAEVDGVLVLPRDLEVEDVDVEVPGLLQVGDDEFHVRAAHDIGRGDGGGDDRFGHDGVPLTASRRRGCGPRRG,159,401,207,52.657,109,98,132,0,0,63.77,87,/stor/scratch/Wilke/contig/database/metagenomic_contig_database/NCBI/GCF_002276605.1_ASM227660v1_genomic.fna.gz
NZ_NCWY01000007.1,91510..193035,tr|A0A165E6R9|A0A165E6R9_9MICO 2-hydroxymuconic semialdehyde dehydrogenase OS=Brevibacterium casei OX=33889 GN=puuC_2 PE=3 SV=1,122138..120426,lcl|122138|120426|2|-1,-1,tr|A0A165E6R9|A0A165E6R9_9MICO,0.00e+00,tr|A0A165E6R9|A0A165E6R9_9MICO 2-hydroxymuconic semialdehyde dehydrogenase OS=Brevibacterium casei OX=33889 GN=puuC_2 PE=3 SV=1,MGSARAPAELDVRVRARTGTRLRRRALPDHRTHPGGRLGGRGRTGRSRPPHRHTAQLPGSHHRTREGQVMTESTTAPANLPEKIRHYIGGEFVDSLDGDEFDVINPVTNEPYIKAASGKKADIDRAVAAAKKAFEEGPWPTMLPRERARVLNRIADIVESREHELAEMESYDSGLPITQAKGQARRAAENFRFFADLIVAQVDDAYKVPGRQANYVNRKPIGVAGLITPWNTPFMLESWKLAPAIATGNTVVLKPAEFTPLSASLWPGIFEEAGLPTGVFNMVNGFGEEGFAGDSLVKHPDVPLISFTGESKTGQTIFANAAPWLKGLSMELGGKSPAVVFADADLDAAINATIFGVFSLNGERCTAGSRILVEESIYDEFVERYAAQAKRVKVGLPSDPATEVAALVHPEHYEKVMSYVEIGKGEARLVAGGGRPEGFETGNFVEPTVFADVMPDARIFQEEIFGPVVAITPFSTDEEALALANDTKYGLAAYIWTSDLKRAHNFSEAVESGMVWLNSNNVRDLRTPFGGVKASGLGHEGGYRSIDFYTDQQAVHINLGEVHNPVFGKQ,1022,2642,501,100.000,501,0,501,0,0,100.00,88,/stor/scratch/Wilke/contig/database/metagenomic_contig_database/NCBI/GCF_002276605.1_ASM227660v1_genomic.fna.gz
NZ_NCWY01000007.1,91510..193035,tr|A0A239VK46|A0A239VK46_9MICO Uncharacterized protein OS=Dermatophilus congolensis OX=1863 GN=SAMEA4475696_01578 PE=4 SV=1,121027..121497,lcl|121027|121497|1|1,1,tr|A0A239VK46|A0A239VK46_9MICO,2.73e-79,tr|A0A239VK46|A0A239VK46_9MICO Uncharacterized protein OS=Dermatophilus congolensis OX=1863 GN=SAMEA4475696_01578 PE=4 SV=1,MREPAVQRSPLREKTPKIVALIAASRSASAKTTAGDLPPSSIERPLSQGAALAKIVCPVFDSPVKEMSGTSGCLTRESPAKPSSPKPLTMLNTPVGRPASSKMPGHSDAESGVNSAGLSTTVLPVAIAGASFHDSSMNGVFHGVMRPATPIGLRLT,241,614,156,80.128,125,29,133,1,2,85.26,100,/stor/scratch/Wilke/contig/database/metagenomic_contig_database/NCBI/GCF_002276605.1_ASM227660v1_genomic.fna.gz
NZ_NCWY01000007.1,91510..193035,tr|K9AJ14|K9AJ14_9MICO GntR family transcriptional regulator OS=Brevibacterium casei S18 OX=1229781 GN=C272_08762 PE=4 SV=1,122653..121928,lcl|122653|121928|3|-1,-1,tr|K9AJ14|K9AJ14_9MICO,7.23e-167,tr|K9AJ14|K9AJ14_9MICO GntR family transcriptional regulator OS=Brevibacterium casei S18 OX=1229781 GN=C272_08762 PE=4 SV=1,MEGEVRGMEVRAMSAQPVSPSQPLSKAEHAYQWIRERIGDHTFDAGDKLVLSQIAVELDTSVVPVREAIRRLEADGLVTFERNVGARVAMVDHGSYVQSMEAVAVLEGAATAQALIHITAADLAAAEDLNEQMRALLTDFDAVEFTRLNHEFHAALFARCPNDRLRTLVGLEWDRLAHLRNSTFAFVPGRARDSVDEHSRIIALIRAAASADEVERVVRAHRTATLHSYQEATTAPERDKS,469,1206,234,99.573,233,1,233,0,0,99.57,97,/stor/scratch/Wilke/contig/database/metagenomic_contig_database/NCBI/GCF_002276605.1_ASM227660v1_genomic.fna.gz
NZ_NCWY01000007.1,91510..193035,tr|A0A269ZCL5|A0A269ZCL5_9MICO Oxaloacetate decarboxylase OS=Brevibacterium casei OX=33889 GN=B8X04_09485 PE=3 SV=1,124107..122614,lcl|124107|122614|1|-1,-1,tr|A0A269ZCL5|A0A269ZCL5_9MICO,0.00e+00,tr|A0A269ZCL5|A0A269ZCL5_9MICO Oxaloacetate decarboxylase OS=Brevibacterium casei OX=33889 GN=B8X04_09485 PE=3 SV=1,MTNAAVPTRPGKIIAVHVAYESRAAQRGRRPAAPSYFLKATSSLADSGETIARPAGTELLAFEGEVAVVIGTPAHRIPAEAAWDHVSGVTAANDFGLYDLKAPDKGSNVRSKSRDGYTPLGPELIPAAEVDPEALRIRTWVNGSLVQDDGTGPEQLIFPLTRIIADLSQHFTLEPGDVILTGTPSGSSVVVPGDVVEVEVSTASARTGEELSSGRLRTEVVEGPGDFDADLGSTPAVTDDLRIDAWGSAEAAGLPAEGGTDSAAAGAALPAELRAKLAEAPTAGLSAQLRARGLNNVVIEGVAPLTPGSRIVGVAKTLRFVPNREDLFTSHGGGYNAQKRAFDSLGEGEVIVIEARGESGSGTLGDVLALRAKALGAAGVVTDGGVRDSAEVAGILPVFATSRNPAVLGRKHVPWESDVAVACGNATVLPGDVIVGDDDGVIVIPRDLAEEVVDAALAKEVEDGWVAEQVAAGNPIEELFPPKGEWKAKFAEWKSAR,973,2515,497,100.000,497,0,497,0,0,100.00,100,/stor/scratch/Wilke/contig/database/metagenomic_contig_database/NCBI/GCF_002276605.1_ASM227660v1_genomic.fna.gz
NZ_NCWY01000007.1,91510..193035,tr|A0A269ZEV9|A0A269ZEV9_9MICO Phenol 2-monooxygenase OS=Brevibacterium casei OX=33889 GN=B8X04_09490 PE=3 SV=1,124312..126252,lcl|124312|126252|1|1,1,tr|A0A269ZEV9|A0A269ZEV9_9MICO,0.00e+00,tr|A0A269ZEV9|A0A269ZEV9_9MICO Phenol 2-monooxygenase OS=Brevibacterium casei OX=33889 GN=B8X04_09490 PE=3 SV=1,MHFHQDGYVSADPRIEDAAGYGIDRPESLPDVVDVLIVGSGPAGMVAAAQLAQYPDVNTRIIEKRDGRLVIGQADGIQARSVETFQAFGFAEEIMREGYHITEMAFWNPDPDNPGHIIRTGRPKDDETGVSEFPHLIVNQARVLDYFAQFARQSPARIEPDYGIEFVDLTVEDPATAADPKHPVSVIVRYTAGERAGQQRTIRAGFVIGSDGARSGVRSAIGRTMSGDQANHAWGVMDVLANTDFPDIRTKCAISSKHGNILLIPREGGHLFRMYVDLGEVPADDARKVRQTSIEEIIAKANAILTPYSLDVKNVAWHSVYEVGHRLTDAFDDTDDTTPGSPCPRVFITGDACHTHSAKAGQGMNVSMQDGFNIAWKLGQVASGRSSEELLRTYSAERQVTAKNLIDFDKEWSTLMATPQDELPDKAYLEEFYVKTAEFPAGFMTEYTESMITATTENQELATGFPVGKRFKSAMVNRVCDAYPLHLGHEAKADGRWRVYVFADRAAPAPAVEAAAGVDEAAVTGVPALAEWFESDPASPLVAYRRTGEDIDALVELNVIYQQPHTEFDFTDVPQVFRPYIGKFGLEYLEKIYAALPDDDIFETRGISRDGAVVIVRPDQYVSGVFPLDAREEIGKFFAGVFLPEE,1326,3431,646,100.000,646,0,646,0,0,100.00,100,/stor/scratch/Wilke/contig/database/metagenomic_contig_database/NCBI/GCF_002276605.1_ASM227660v1_genomic.fna.gz
NZ_NCWY01000007.1,91510..193035,tr|A0A269ZCF6|A0A269ZCF6_9MICO Polyketide cyclase OS=Brevibacterium casei OX=33889 GN=B8X04_09495 PE=3 SV=1,126373..126843,lcl|126373|126843|1|1,1,tr|A0A269ZCF6|A0A269ZCF6_9MICO,1.57e-112,tr|A0A269ZCF6|A0A269ZCF6_9MICO Polyketide cyclase OS=Brevibacterium casei OX=33889 GN=B8X04_09495 PE=3 SV=1,MATNEKSITVTRTIDHPTKEIFDVLTLPDNHTQFDGSGMVQSAEKSQRIQGVGDVFVMNMYAEAMGGDYQMHNHVTAYDENKMVGWQPAQADDPKEPGGWEWLYELSAAGPDSTEVTLTYDWSKVDDPKLLPLFPVVSEEQLDESLNKLAAAVSDR,325,832,156,100.000,156,0,156,0,0,100.00,100,/stor/scratch/Wilke/contig/database/metagenomic_contig_database/NCBI/GCF_002276605.1_ASM227660v1_genomic.fna.gz
NZ_NCWY01000007.1,91510..193035,tr|A0A2H1J2D9|A0A2H1J2D9_9MICO Uncharacterized protein OS=Brevibacterium casei CIP 102111 OX=1255625 GN=BC102111_01862 PE=4 SV=1,127459..126896,lcl|127459|126896|3|-1,-1,tr|A0A2H1J2D9|A0A2H1J2D9_9MICO,1.06e-128,tr|A0A2H1J2D9|A0A2H1J2D9_9MICO Uncharacterized protein OS=Brevibacterium casei CIP 102111 OX=1255625 GN=BC102111_01862 PE=4 SV=1,MMVMNTVDRPDAIGTQLLPQGRRARWIARWLPLITVAAWIAMIWIPVLDSGNDRGPRLLITSLGEHPISPENFDVAFVLPWAAILVCAVTAWLSRSLTLWSPAAVIVGLILLVALVAMIMDPPFFMWDGQDEQGRWIGGMEVGYPAPGAALWALGSAALIVGGIFGLAGSRHCRHRRHAERFSGSRF,368,945,187,98.396,184,3,187,0,0,100.00,100,/stor/scratch/Wilke/contig/database/metagenomic_contig_database/NCBI/GCF_002276605.1_ASM227660v1_genomic.fna.gz
NZ_NCWY01000007.1,91510..193035,tr|A0A269ZCW8|A0A269ZCW8_9MICO Uncharacterized protein OS=Brevibacterium casei OX=33889 GN=B8X04_09505 PE=4 SV=1,127833..127531,lcl|127833|127531|1|-1,-1,tr|A0A269ZCW8|A0A269ZCW8_9MICO,2.42e-60,tr|A0A269ZCW8|A0A269ZCW8_9MICO Uncharacterized protein OS=Brevibacterium casei OX=33889 GN=B8X04_09505 PE=4 SV=1,MLGDDPMLGDDPESGVERPRGTVVNSPGAEESAPPRAENRLSTAVERSDPETVPIPPGLRVVIAPTGGLIRPAPAPALLKRTGSVSDAEELLRTRILAAG,188,478,100,100.000,100,0,100,0,0,100.00,100,/stor/scratch/Wilke/contig/database/metagenomic_contig_database/NCBI/GCF_002276605.1_ASM227660v1_genomic.fna.gz
NZ_NCWY01000007.1,91510..193035,tr|A0A269ZDB5|A0A269ZDB5_9MICO HNH endonuclease OS=Brevibacterium casei OX=33889 GN=B8X04_09510 PE=4 SV=1,130639..127820,lcl|130639|127820|3|-1,-1,tr|A0A269ZDB5|A0A269ZDB5_9MICO,0.00e+00,tr|A0A269ZDB5|A0A269ZDB5_9MICO HNH endonuclease OS=Brevibacterium casei OX=33889 GN=B8X04_09510 PE=4 SV=1,MAMTASRSDRETAESSFVATPAGSSSTRRDWSSGSRSAKIAVSSSVPRAAMRSERVPRSRRSKTSTDSCLGRRRKTTAASVAGSSAMRSIVADSPRSRTAAASRVRSRSSVSDRMVVASMMILQAVVGRTPGPFDVGRAGRGGAGAQASVNGGGGAQSRVGIHRRPPPSTSCGHHALRCGCGFLHPIRGRGRAGNRVDLGRSLSAAVGGCGGTRGRVGKCERGDSDSGRGRGHRQREDDADAGAAGQMRRRVLGALPRQLLQAAGRAHLRGAGEGQLRRPRRLRQRPLRRPPRSPALRHRRREPDLRLRRPQPRGGDDRRRTRAGDHRRGHPHLRRTAHLQPPRHQALRRHRRRCAPAAPDQTRCRRPGAHPRIRRGAVPRHRQADARTLRRALETQRRPHHPRGRSQHRRDGHDHAEDPGRGVGGRRRGRFSCQSRRDSRVSGEVYCDHMDVEPVREPMEAPDLLAEVARLSAVLRGAAPAETEDEALARITALEELTGTIVAAQSAEAVAFAELRRDRDRLNGLPVHEWALRAGDEVGLAKRVSPGSGRKFLSGARAIVTEMPETFKALSAGEISAEKARIMVDETATLASPDRRRVDTRMRESLGQSGPRSLRAEVRAMAMQVDGEDADRKAREAAKHRRVTLTTLADGMGRVSAILPLTEAVAVWTGLKETADSLIAAGDAGGRRQPQVMADTFVERLTGQESAAAVPTEVHVVIDAESLFSDGMVPAWMPGFGPLPAATARSFLAANEAEVFIRRMFTTVSEGQLVGTEARGRAFTGRLREMVIFRDDRCRTPWCDAPIKHADHARPFAEGGATSWENGSGLCASCNFAKEHPGWSHEASAEGLTVTTPAGRSYTSMTPPFVRRMKYPRPPVRAGDEAVQAGDEAVQAGDEAAPPPGPDWRRQLSGLLEVSTLPPRGESAVGCLVAPSRSDARR,972,2512,489,100.000,489,0,489,0,0,100.00,52,/stor/scratch/Wilke/contig/database/metagenomic_contig_database/NCBI/GCF_002276605.1_ASM227660v1_genomic.fna.gz
NZ_NCWY01000007.1,91510..193035,tr|A0A269ZCJ0|A0A269ZCJ0_9MICO Magnesium transporter MgtE OS=Brevibacterium casei OX=33889 GN=B8X04_09520 PE=3 SV=1,130281..131612,lcl|130281|131612|3|1,1,tr|A0A269ZCJ0|A0A269ZCJ0_9MICO,0.00e+00,tr|A0A269ZCJ0|A0A269ZCJ0_9MICO Magnesium transporter MgtE OS=Brevibacterium casei OX=33889 GN=B8X04_09520 PE=3 SV=1,MDATTIRSLTDDRDLTRLAAAVRDLGESATIDLIAELPATEAAVVFRLLPKHESVDVFDRLDRGTRSDLIAALGTEELTAIFADLDPEDQSRLVDELPAGVATKLLSAVSRSDLDAVMAIAGYDRNSIARRMSPTAVVAWDADTVAEVAARIRDTDVDLADVRLVPVLAPDRTLLGTLDPLELLRCPPDAPIAEVMDPIEEITHTSDDQETAARAALTGGITVLPVCDSEDRLVGIVPIDDAARIIAEADEADFALSGGTQPLYRRYLPTPIVHLARSRIVWLLVLAVSAVLTVHVLEVFESTLAEVVALALFIPLLTGIGGNTGSQAATTVTRALAMDEVGLRDWFRVAGKELSTGLLLGVLLAVPAFAIASPLYGIEIGAIIALTLIVNCPVAAFVGGSIPIVAKACRVDPAVVSTPFISTFCDASGLLVYFTIAISIMGL,856,2211,443,100.000,443,0,443,0,0,100.00,100,/stor/scratch/Wilke/contig/database/metagenomic_contig_database/NCBI/GCF_002276605.1_ASM227660v1_genomic.fna.gz
NZ_NCWY01000007.1,91510..193035,tr|A0A269ZCI3|A0A269ZCI3_9MICO GntR family transcriptional regulator OS=Brevibacterium casei OX=33889 GN=B8X04_09525 PE=4 SV=1,133202..131622,lcl|133202|131622|2|-1,-1,tr|A0A269ZCI3|A0A269ZCI3_9MICO,0.00e+00,tr|A0A269ZCI3|A0A269ZCI3_9MICO GntR family transcriptional regulator OS=Brevibacterium casei OX=33889 GN=B8X04_09525 PE=4 SV=1,MFTPEFRRSVVVRAAATSIAEAAAEAGVSESSLRRWVRRSDLADRPRSGRPQIQSTATQVVEALVGTAGARISGKDYSTRAIAEATGLSQSIVSRAVREMTVPLSDLHTIREDGAGGDEVVVAASGFPLIVVGFRLGAGGADPSPVPARRIQRRIAGVVAGLRSAGVTRWPQRFGSEHRQTDEAAMGILLDGVAGIDPVRLRLVVYDPLGEAAELVADPDAGLPAFDVLSLHHGPEDFIDALKAGLAHCQDIPGSLLDLVAGRVRHGLEGVSWQAGRQADVPKTSTNSDSMEISSWLPSSTRSITEHLAIALREEIIDSGYQPGDRINPRLLSRRMDVPRSSVDAALRRMVDDGLLDGSRGGARIPLITTLDVLDLYAARMAVGEVVLRSLALRPQRFLVPVQLALRQVEASAATRSGIDVEDADLHYQQELARASGLRQSARAFESLTLRLRLFISVLRLDYSPAADRILGDDRGMYRALSRGDAETAIDVWRGKVDNAVRHMSGLLARRRFDQELWDQLTRSLR,1026,2652,526,100.000,526,0,526,0,0,100.00,100,/stor/scratch/Wilke/contig/database/metagenomic_contig_database/NCBI/GCF_002276605.1_ASM227660v1_genomic.fna.gz
NZ_NCWY01000007.1,91510..193035,tr|A0A162FVG3|A0A162FVG3_9MICO Uncharacterized protein OS=Rathayibacter tanaceti OX=1671680 GN=ACH61_02765 PE=4 SV=1,136792..133238,lcl|136792|133238|3|-1,-1,tr|A0A162FVG3|A0A162FVG3_9MICO,9.88e-34,tr|A0A162FVG3|A0A162FVG3_9MICO Uncharacterized protein OS=Rathayibacter tanaceti OX=1671680 GN=ACH61_02765 PE=4 SV=1,MEVTARVAEAVQRHRHGLLLHVVAQLDPTRGGDGLIDDGDLGTLRRSGEQLRLIVAEHADAGTDGVVIPAVGDHRREDPGRFGAGGHPRLGDGDLHIGRDVLGDAQLHRRPDGRGCRERALEVEDRGGRGHAQGDGTWTVAEDVRLRAQTRVVLGRTELGLEPALVIGLGPLEALPAADRTRQGRRIVGVVAEEHEVVRTAGLRTEPDRGLLPAAEGLALDDRSGDAAVDVGVADLDAVDPLADLLRVEGVDASGETEVDGVLELDRLVEVLGVHEAEHGTEHLGEVEERPRLDALLDARAPQATGVVELLGLEQPGLAGLERRQRTAQLVRGILGQRAHRRREVDRPVDDHRGRGVDELLAVALRVIRRPDHDSQRGGRALLSGMAERRVDEVGDREVAVGGRGDDERVLARGLRVDVEFGAEGLEQRRGLRGTGEDDAVDIRVRDEVLAELPLDRGAQLEDVPGDTGLPQAFDDERRAVRRRLRRLVDDGRTRGERCDGAAGRDRDGEVPRRGDDDHLVRVELSSLELLEFECVECVVADEVDGLGDLRIRLRRHLADLGGLDGDEFAAAGGEDLGGAVEDLPAGGSAHLTPVLGGGAALGDHRVELIGRVDARRLRAGLEVAGSGRLGDDLLDPLLVRRQGGIGVGFVGEDDLGGTGNVRGRTVLRAVGRGSGLTVGGELGLELGDGGAEAVGFAVEDLVAVGELEDAGHEVLRRGVLLEAAHEVGDRDIELLRVHGRDVEEEVADVLGHGCGLLGRHALEHLELDAGDDVALDGEVVGEGDVEEVVSGHADAQALHPLGGEEPVEDALVVGVGRLLRVARRRRPAGDLGVDGLHREVRALDEADLDPRTSGGHPLAGELAQALDRAERVGLVGLDDDAGLEVLELRFGEQAGEHGERELEVAVLLHVEVDELRARRGLRGLRVEGAEAVDDVLDGVVEGPHRQLRGDRGDLDGDVVDVVAGEQTVRLLEVVVGFRVAEDRLAEEVDVESVALAGELGDGRAELLVAGVDDHVPDHLAQAGAGGGHDDLRHHLRQCCTGLDLRTVESRHRRRRELADLVQRVGGGVDVIGAHDAVDEADGEVEPVGIGEDRREALRGGVLRRRLVRRDPQPFADRVDRAGRQRFEIGVSVQHLLSVLTSSGCSRCSGVHVVVVDRLPPPLSPQYAPGPTGGEWSATARRNL,147,372,484,38.223,185,276,230,7,23,47.52,40,/stor/scratch/Wilke/contig/database/metagenomic_contig_database/NCBI/GCF_002276605.1_ASM227660v1_genomic.fna.gz
NZ_NCWY01000007.1,91510..193035,tr|A0A269ZCS4|A0A269ZCS4_9MICO Aldehyde dehydrogenase OS=Brevibacterium casei OX=33889 GN=B8X04_09530 PE=3 SV=1,133637..136819,lcl|133637|136819|2|1,1,tr|A0A269ZCS4|A0A269ZCS4_9MICO,0.00e+00,tr|A0A269ZCS4|A0A269ZCS4_9MICO Aldehyde dehydrogenase OS=Brevibacterium casei OX=33889 GN=B8X04_09530 PE=3 SV=1,MSALDRAQIKAGAALAKVMPQVVVPAARTRLRQMVGHMVVDARDKQFGSTVAKLTGEGHRLNINLLGEAVLGDAEADHHLEETHRLLARDDVDYVSVKVSSVASQLSMWAFDDTVEYVVNRLRPLYAQAAKAPTGAKFVNLDMEEYRDLELTLAVFTRLLSEPEFKDLEAGIVIQAYQPDALGAIQRLSEFASQRVAAGGAGIKVRLVKGANLAMETVHAEVAGWPTTTCDSKQSTDANYKRVLHWLFTPERMEGLRIGVAGHNLFDIAFAHHLSVERDVISRVEFEMLQGMATEQAAAVTEDVGDLLLYVPAVHPKEFDVAISYLVRRLEENSATENFMSGIFELANGNEIFDREADRFRASVAQLEAELAADGEAAPAPNRTQDRSAPHVPGPAQVVFANEPDTDPSLPANQKWVKEIIAEATAPGYLETRPQAPRIDSTDELDAMIAKGRAAAKDWREMGAAARGEILHRAAEVFAARRGEFIAVEAAEVGKMPSQSDPEISEAIDFIRYYALHALELEKLEGAQFHPDEMVVVTPPWNFPIAIPTGGTVAALAAGSAVIHKPSKPTPYCSALIVECLWEAGVPRDVLQLCAPIERELGQHLVSHPDVDRVILTGASETASLFKSFRPELHVNAETSGKNALVVTPAADRDLAVADLVYSAFGHAGQKCSAASLGIMVGSTYDSERYRKQLVDAASSMVVDWPVNLSATMGPLTEDPSDKLRRALTTLEPGESWLLEPKQLDDTGRLWSPGIKEGVKPGSFFHLTEVFGPVLGLMHAKDLDEAIEFQNAVDFGLTGGIHSLDPEEVREWIDRVEVGNAYINRGITGAIVQRQSFGGWKQSSVGLGSKAGGPNYLMLFGHYTDDPATLPGSVGGGQSLERAQADDKRWFEAEFGAAKDHTGLRSEANIFRYRPRPVTLRVTSAATVFDLKRSLSAAATVGSTVQLSVAEDVSADVKIAVTEAGVPSRTESAGVFATMVADGRYDDTVGARIRVLGDYEPELLAAAAKRPEVAVIDEPVTSSGRVELRYYVQEQAVSMTLHRFGNPSRDFHELAAELKA,2164,5607,1060,100.000,1060,0,1060,0,0,100.00,100,/stor/scratch/Wilke/contig/database/metagenomic_contig_database/NCBI/GCF_002276605.1_ASM227660v1_genomic.fna.gz
NZ_NCWY01000007.1,91510..193035,tr|A0A269ZCI7|A0A269ZCI7_9MICO HTH gntR-type domain-containing protein OS=Brevibacterium casei OX=33889 GN=B8X04_09535 PE=4 SV=1,137711..136917,lcl|137711|136917|2|-1,-1,tr|A0A269ZCI7|A0A269ZCI7_9MICO,0.00e+00,tr|A0A269ZCI7|A0A269ZCI7_9MICO HTH gntR-type domain-containing protein OS=Brevibacterium casei OX=33889 GN=B8X04_09535 PE=4 SV=1,MTTGNAGTSGQAATARYEQIAEQIRNAIRSGRLAVGDNLPAEAVLAEEFGVAPGTVRESLRLLVTEGTISGRRGVRKSVLRIPRPAAVSEEFRSFAQWASAHDRTPGGMVIEQEWQIAGEKTAAALSVDPRSRVLWVLRVRSLDGEKVMVERTRYPESLGQIVEALPPGLGSVSRHLAEEHGIVFAGADHVFSASVCGHQDAALLGVSRGRPLLRHVRRSRNAAGQPLEVSEDRYLANNLSVAITNGRNVNPISWLAADKGEWF,528,1360,264,100.000,264,0,264,0,0,100.00,100,/stor/scratch/Wilke/contig/database/metagenomic_contig_database/NCBI/GCF_002276605.1_ASM227660v1_genomic.fna.gz
NZ_NCWY01000007.1,91510..193035,tr|A0A269ZCN1|A0A269ZCN1_9MICO Iron-siderophore ABC transporter substrate-binding protein OS=Brevibacterium casei OX=33889 GN=B8X04_09540 PE=4 SV=1,137978..139120,lcl|137978|139120|2|1,1,tr|A0A269ZCN1|A0A269ZCN1_9MICO,0.00e+00,tr|A0A269ZCN1|A0A269ZCN1_9MICO Iron-siderophore ABC transporter substrate-binding protein OS=Brevibacterium casei OX=33889 GN=B8X04_09540 PE=4 SV=1,MSKLKLTLTAAVAAGALTVAAGCGSGGGESEESAKWRTATSVEDGGGMDALVSAAQAEGTLNVMGLYPDWANYGGLLDAFSEKYGIEINNDTSSGSSQDQINAVKNRQGQDSSLDYLDTGESFAVASTDEELLATYTPQTAGDLPEDMKSADGTWYNHLGGTVGIGCDDKAIDECPTSFADLLDPKYKGKVALPGDPTTGESGFMIVYAAALANGGSLDDIQPGIDYFAKLSDSGNLIPSEAVAGTVETGETPIVLNWDYLLLQWADNIKDKGVDFTTTIPSDGTVSSYYAASVNADAPHPAVARLWQEFVFSDEGQNLLLKGYVKPGRLEAMIDADTVNKDALGKLPEAATSEPAPQPNQKQRESQQKVLADNWAKAVG,769,1985,380,100.000,380,0,380,0,0,100.00,100,/stor/scratch/Wilke/contig/database/metagenomic_contig_database/NCBI/GCF_002276605.1_ASM227660v1_genomic.fna.gz
NZ_NCWY01000007.1,91510..193035,tr|A0A269ZCG5|A0A269ZCG5_9MICO ABC transmembrane type-1 domain-containing protein OS=Brevibacterium casei OX=33889 GN=B8X04_09550 PE=3 SV=1,139002..140888,lcl|139002|140888|3|1,1,tr|A0A269ZCG5|A0A269ZCG5_9MICO,0.00e+00,tr|A0A269ZCG5|A0A269ZCG5_9MICO ABC transmembrane type-1 domain-containing protein OS=Brevibacterium casei OX=33889 GN=B8X04_09550 PE=3 SV=1,MPWASCRRPRRANRLRSRTRSSGNPSRRCSPTTGPRLSDDQAAIPSGPTSPLAGLGRPGAADRHRRRLLRGARHRHGRDLAARPRTLRVRIGSRNRELCVAELGFPVARPPEQPLPLLRGGDHCDGPRRSLRVGDFVGALASRRIGLRRGLQRAGQRRRCPLGLLLHRRRRQHGLFRLPAHRDRSLLHALQRQGPHPHVPVLPHPDDDPPHRPELPRPQTGMAGGECLTRRVLVGLLAPGRHSRHHPHGARCMAAHVRGRFRHACLSSGAHRHRCLPSHPARDRRSARQFRGHRGRRRSDGARRDHRHRRHRRARRLQRTDEEERHMAPQLTSRRKKGRGTAALTWLPLIALAIFVLTPQLSSLTYAFFRSDGSFTTDGLTGLSESGAIVAPLIRSLGIAALTSVLLVCTLVPALVAVHLWAPRLRGVLSIVCTLPLVIPAIAIAAGMTTVLRGLASNGRGSLGMEINLLLQSENLPLVLVGTYVVLCLPFTYRSIDAGLASLDLRTLHESSASLGADLRTTLVTVVAPNIRGSVMFSAFYTFALSIGEYTIAATLSINTLPVFLNTLSDANFRGSITLSVLLNFTTWLLLAAATVGASRFDRRAAKSAELPAAPTPTTASRKENQLV,588,1515,302,100.000,302,0,302,0,0,100.00,48,/stor/scratch/Wilke/contig/database/metagenomic_contig_database/NCBI/GCF_002276605.1_ASM227660v1_genomic.fna.gz
NZ_NCWY01000007.1,91510..193035,tr|A0A269ZEW9|A0A269ZEW9_9MICO Spermidine/putrescine ABC transporter permease OS=Brevibacterium casei OX=33889 GN=B8X04_09545 PE=4 SV=1,139117..139995,lcl|139117|139995|1|1,1,tr|A0A269ZEW9|A0A269ZEW9_9MICO,0.00e+00,tr|A0A269ZEW9|A0A269ZEW9_9MICO Spermidine/putrescine ABC transporter permease OS=Brevibacterium casei OX=33889 GN=B8X04_09545 PE=4 SV=1,MTKLRSRPGRRVLSPAWAALAPLTVIVVAFFAVPVIGMVVTSLLVPAPSGSGSALGIANFASLSSGSRSLALQNSLFLSFAAATIAMVLGGVCAWAISSVRSRVVASVSAVVSSVLANDGGVPLAFSFIVAVGNTGYFVSLLTAIDPSFTLYSVKGLILMYQYFLIPTMILLTVPSFLALRREWREASASLGGSSWDFWRRVGIPVITPTVLGAWLLMFGAAFGTHASAAVLIGTGAFPLIPLEIAGQLASSAATGGEGAAMALGVTTGIVAIVVLVAFNALTKRSATWLHS,556,1432,292,100.000,292,0,292,0,0,100.00,100,/stor/scratch/Wilke/contig/database/metagenomic_contig_database/NCBI/GCF_002276605.1_ASM227660v1_genomic.fna.gz
NZ_NCWY01000007.1,91510..193035,tr|A0A269ZCI2|A0A269ZCI2_9MICO Spermidine/putrescine ABC transporter ATP-binding protein OS=Brevibacterium casei OX=33889 GN=B8X04_09555 PE=4 SV=1,140885..142006,lcl|140885|142006|2|1,1,tr|A0A269ZCI2|A0A269ZCI2_9MICO,0.00e+00,tr|A0A269ZCI2|A0A269ZCI2_9MICO Spermidine/putrescine ABC transporter ATP-binding protein OS=Brevibacterium casei OX=33889 GN=B8X04_09555 PE=4 SV=1,MNPSTASPQSPTEVVATPLPTPSAAGSEPKSVHFRGVDKSYGPTRVLTDFNIEVEAGSMVSFLGPSGCGKTTTLRILAGFETVDAGDVLVGGESVLGLPPNRRDMGMVFQSYSLFPNLTVGENIEYGLRIRKVGVGARASRRNELLEICGLGGMDARFPHQLSGGQQQRVALARALATRPQVLLLDEPLSALDATVRSALRDEIRRVQQSLGTTTIFITHDQGEALAIADRVAVMSAGRIEQYAAPEVIYSHPATPFAARFVGSINEFAVPREWRVGDHLPDDADGADIVFVRPENLTIAASPTGVLEVTAKTYTGERTMVRLARAGTGRAEWSASLSSADAAGLSLGERVSPRILAEVALRLPRTEAGGPWK,749,1935,373,100.000,373,0,373,0,0,100.00,100,/stor/scratch/Wilke/contig/database/metagenomic_contig_database/NCBI/GCF_002276605.1_ASM227660v1_genomic.fna.gz
NZ_NCWY01000007.1,91510..193035,tr|A0A269ZCX8|A0A269ZCX8_9MICO Uncharacterized protein OS=Brevibacterium casei OX=33889 GN=B8X04_09560 PE=4 SV=1,142108..142686,lcl|142108|142686|1|1,1,tr|A0A269ZCX8|A0A269ZCX8_9MICO,1.58e-128,tr|A0A269ZCX8|A0A269ZCX8_9MICO Uncharacterized protein OS=Brevibacterium casei OX=33889 GN=B8X04_09560 PE=4 SV=1,MTGYLDRAGVVGGSPESFRGLSAAEAVSALRALDSVGGLLPTVAEVDADYSRVLEGVASPMPGARDLVRAMAGAIPIAVASNGRREDVHGLLERTGMIEFFDAIVTIDDVEEGKPAPDIYLRAAARLGIAASAAAAFEDSPVGSRAADAAGCTVFGINSDATVPLVSSVRLSDLRALRFDASARELHVTPQA,369,948,192,100.000,192,0,192,0,0,100.00,100,/stor/scratch/Wilke/contig/database/metagenomic_contig_database/NCBI/GCF_002276605.1_ASM227660v1_genomic.fna.gz
NZ_NCWY01000007.1,91510..193035,tr|A0A269ZDC2|A0A269ZDC2_9MICO Endo/exonuclease/phosphatase domain-containing protein OS=Brevibacterium casei OX=33889 GN=B8X04_09565 PE=4 SV=1,142705..143601,lcl|142705|143601|1|1,1,tr|A0A269ZDC2|A0A269ZDC2_9MICO,0.00e+00,tr|A0A269ZDC2|A0A269ZDC2_9MICO Endo/exonuclease/phosphatase domain-containing protein OS=Brevibacterium casei OX=33889 GN=B8X04_09565 PE=4 SV=1,MSPSTFTLQTWNLWFGGREVNFGQDKQYAIAAQFPADVLAVQECWGTAAELLAPKITAGLAQYGPDVAVLTTGEITSVDTDTKYFAQAAFVRPVAGAARVLVWSVHLAAYPYAPYRALAGDGQSVVDAEESERLAQVRAVLAETDRILAEAPDGGSVPVIICGDFNAPSTADWRARTDRPDVRWPSTDAVLDAGFVDAFRAVHPDPASVPADTWSPIEPLTVDGDAGEPRDRIDFIFSKGLDVVDAVVRGCVAEGEDYPDTGFVDVGGRCRLIPHQRDNRYPSDHQVVEARFAFRPGA,598,1542,298,100.000,298,0,298,0,0,100.00,100,/stor/scratch/Wilke/contig/database/metagenomic_contig_database/NCBI/GCF_002276605.1_ASM227660v1_genomic.fna.gz
NZ_NCWY01000007.1,91510..193035,tr|A0A269ZD37|A0A269ZD37_9MICO Endonuclease/exonuclease/phosphatase OS=Brevibacterium casei OX=33889 GN=B8X04_09570 PE=4 SV=1,143790..146669,lcl|143790|146669|3|1,1,tr|A0A269ZD37|A0A269ZD37_9MICO,0.00e+00,tr|A0A269ZD37|A0A269ZD37_9MICO Endonuclease/exonuclease/phosphatase OS=Brevibacterium casei OX=33889 GN=B8X04_09570 PE=4 SV=1,MKVSTTLSSAAVLGLVAGIGLVAPTGPAAAAVSPHISEIGYTLDADFIEIAADPGTDLSGWTIGSVTRGGSVQAAENAVTVPDGTTVGDSGALAIEVPITNSVKSGSAADGEYGSSAFAIDDSGSLIDFDQIGGVTGGRGVTGKSGTYTPDPVVDQEAEPTGAVAAGGQSIQFVDGSWTSAPPTPNVLPDGNGGENPEPREITPIADIQGTGAESPLQGQTVRTRGVVTAAYPSGGLGGYYVQTPGTGGTEDATPGASDGIFVYSPDTVGDISIGDHLELTGTVSERYGQTQMSVAASGATTLDEPAEAVKPVEEAFPTGDAEREALEGMLLQPSGELTVTDNYNTNTYGEVTLATGDGVLRQPTDVARPGSAEAKAIEEENLAREVVLDDGATVDYLKSDKDVPLPYLTEDAPVRVGASATFTSPVVLGFDHSKWRFQPLTRLTGANAEAVQPATFTNTRQDTPEAVGGQVSLAAFNVLNYFTTTGDQVPGCTFYEDREGNPITVRGGCDARGAATAESLERQETKIVTAINTLDASVVSLMEIENSARFGDDRDAALKTLVDRLNEAAGSEKWAFVPSPEKVPADEDVIRTAQIYQPAEVAPQGESVILDDEDAFSNAREPLAQAYAPKDASGTPEAEKTFVTVSNHFKSKGSGEGPGNEDTGDGQGFSNADRVKQAKSLVDFAGEQQKAADSDYVYLLGDFNSYTQEDPMQVLYEAGYKDVGSEMTDKSTYVFKGRTGSLDHILALDTSGTAGTGSQADLPTSAFDAVTGADIWSINSVEPLAFEYSRFNYNISDLYEPNQFRASDHDPVLVGLFDEDSSGGGDDADGGQANATADDNGANADGAQDDADGSQDNGNADGGQEDSDGDQDSADSDGSQNDADENGGRQGSSAGANSGSTANGTSANGTSASDAGRGGNLPRTGSELTAPVSIAAGLLLVGAAAVAIARRRKASAEH,1909,4944,959,100.000,959,0,959,0,0,100.00,100,/stor/scratch/Wilke/contig/database/metagenomic_contig_database/NCBI/GCF_002276605.1_ASM227660v1_genomic.fna.gz
NZ_NCWY01000007.1,91510..193035,tr|A0A269ZCJ8|A0A269ZCJ8_9MICO Acetylornithine aminotransferase OS=Brevibacterium casei OX=33889 GN=B8X04_09575 PE=3 SV=1,147981..146833,lcl|147981|146833|1|-1,-1,tr|A0A269ZCJ8|A0A269ZCJ8_9MICO,0.00e+00,tr|A0A269ZCJ8|A0A269ZCJ8_9MICO Acetylornithine aminotransferase OS=Brevibacterium casei OX=33889 GN=B8X04_09575 PE=3 SV=1,MTRWIDAAFVRGGTSKGVFFRADDLPPLADDTDRSAWDAIFTAVMGSPDGFGRQLDGMGGGISSLSKVMVVSASERPGVDLDYTFAQVEITEATVDYSGNCGNLSSGVVPFALLAGLIDAGDGWHVFRLFNTNTGKLVDVGLTVEGGQAAVDGDFALPGVSGTGAPIELIYPDPAGSRTGALLPTGKASESIDADGIMFDATLIDATLPLVIVPAAAVGLNGDELPERIDADGPAMRVIDDLRRNAAVRMGLSETRETAPQVVPKVAVVTTPTPTRLLDGTTLAAEDADIVVRVISMGQAHRAVPGTAAMCLAAAALVPDTIVNLILTRSERPPAGPELRIGTPSGVVTAAAVRDENTGSVTAASLFRTARVLMRGQVAVPD,748,1931,382,100.000,382,0,382,0,0,100.00,100,/stor/scratch/Wilke/contig/database/metagenomic_contig_database/NCBI/GCF_002276605.1_ASM227660v1_genomic.fna.gz
NZ_NCWY01000007.1,91510..193035,tr|A0A269ZCJ2|A0A269ZCJ2_9MICO MFS transporter OS=Brevibacterium casei OX=33889 GN=B8X04_09580 PE=4 SV=1,149255..147978,lcl|149255|147978|2|-1,-1,tr|A0A269ZCJ2|A0A269ZCJ2_9MICO,0.00e+00,tr|A0A269ZCJ2|A0A269ZCJ2_9MICO MFS transporter OS=Brevibacterium casei OX=33889 GN=B8X04_09580 PE=4 SV=1,MSAPAAPSLRPAGETRWPAVLCWLAVALEGFDLVVLGAVIPQLLATGALGFTPEGATLAATMSLVGVGLGAAGVGPIVDRVGRRWTIIVCVIVFSVFTLLVAFAPNVALFTLFRFIAGLALGAVMPSCLAYISEHNRSGRTGKATTLTMTGYHAGAVAISLLAVFYSHNWHLLFIAGGLAGLLLVPLLWWKLPESSEFLAAKAAVGAGGSTPAEAVPKPGMASLFTGRFALVTIGVWLGSFMGLLLVYGLNTWLPKIMADAGYEVSDSLVMLLVLNLGAVVGLVIAGWLADRHGTKRIVLLWFVLAAVFLAVLSIPMTSQVLLNLIVFITGVFVFSAQVLIYAFVSGIYPATVRGTALGMASAIGRLGAITGPFITGTLVAAGIAYPWGFYLFAVVAVLGFAAMAIVPKAVAPAAGEGRSTTLAS,814,2103,425,100.000,425,0,425,0,0,100.00,100,/stor/scratch/Wilke/contig/database/metagenomic_contig_database/NCBI/GCF_002276605.1_ASM227660v1_genomic.fna.gz
NZ_NCWY01000007.1,91510..193035,tr|A0A269ZCJ7|A0A269ZCJ7_9MICO Benzaldehyde dehydrogenase OS=Brevibacterium casei OX=33889 GN=B8X04_09585 PE=3 SV=1,150777..149314,lcl|150777|149314|1|-1,-1,tr|A0A269ZCJ7|A0A269ZCJ7_9MICO,0.00e+00,tr|A0A269ZCJ7|A0A269ZCJ7_9MICO Benzaldehyde dehydrogenase OS=Brevibacterium casei OX=33889 GN=B8X04_09585 PE=3 SV=1,MSTDTFLGTDWHGSIFTGAWSPGGGETYPVVEPATGQTLAEIGAASADDVYAAAARAASAQKQWARTTPAEKAAVLRRAGDLWAEHAAEIGEWIVRESGAIQPKADLETTMAAQICYESASLPSHPKGEVLPSNEPRWSFSRRLPAGVVSVIAPFNFPLILSIRSVAPALALGNAVLLKPDPRTAVSGGVTLARIFAEAGLPEGLLQVLPGGRDVGEAVVDAPEVSVISFTGSTAAGRKVGEVAGRLLKRCHLELGGNNALIVLPGADLAAATSAGAFGSWMHQGQICMTTGRHLVHDSLYDDYVGALSERARNLPVGNPAAEEVALGPIIDEGQRRRVRDIIDKAQADGARLAAGGAGEGAFVPPTVLADLTPTNPAWTQEIFGPVAPVGRFSTLEEAAELVNASEYGLSLGILGDVGMALELADLVDTGKVHINEQTVSDEANVPFGGMKDSGNGSRFGGAQANIEAFTETQWVTMRPEIAAYPF,976,2523,487,100.000,487,0,487,0,0,100.00,100,/stor/scratch/Wilke/contig/database/metagenomic_contig_database/NCBI/GCF_002276605.1_ASM227660v1_genomic.fna.gz
NZ_NCWY01000007.1,91510..193035,tr|A0A163AFU4|A0A163AFU4_9MICO Benzoylformate decarboxylase OS=Brevibacterium casei OX=33889 GN=AVW13_11025 PE=3 SV=1,152499..150790,lcl|152499|150790|1|-1,-1,tr|A0A163AFU4|A0A163AFU4_9MICO,0.00e+00,tr|A0A163AFU4|A0A163AFU4_9MICO Benzoylformate decarboxylase OS=Brevibacterium casei OX=33889 GN=AVW13_11025 PE=3 SV=1,MNETLLALGGARHYRGKQCGAHRGSAVRTAAILVPPQRRAASMTTVSVRHAVHELMAFHGMSTIFGNPGSNELPFLKDLPAHYVLGLGESSVVAMADGYSQITDRPTLVNLHAASGTGNGLGALTNATISRSKLVLTAGQQVRDMVGPEVMLANVRATALAAPLVHQSLEPLSAADVPRAFSQSVFAAEAGPVYLSVPYDDWDAEVPAAVIDQLSRTVTAGETVDAQTVAELHSRLLEANDPVLVLGPDVDDPRAWESSIALAEALDTPVWAAPSLPRLPFPNQHPLFRGVLPASIAGIGEILGAHDLALVIGAPVFRYHQWQPGEYLPESTTLIQIGDDPAAAARAPFGDAVLADPVALVRALAEAVAPAPHTVSEWTAEIDPPVTSASEGTLHPEEVFATLREELPKDTRFVVESTSTNAAFWAQMDLREPGSYFFPASGGLGWGLPASMGIALADPDRPVVAIIGDGSAHYSIAALRTAVDEGIELTIVVLRNRSYAALDWFAGMLGVDKAPGLDLGEVDFVSIARGYGMTAHHADDSSDLARLLGEASGPTLIEVSTEKTRPEKK,1050,2714,527,100.000,527,0,527,0,0,100.00,93,/stor/scratch/Wilke/contig/database/metagenomic_contig_database/NCBI/GCF_002276605.1_ASM227660v1_genomic.fna.gz
NZ_NCWY01000007.1,91510..193035,tr|K9AJ26|K9AJ26_9MICO IclR family transcriptional regulator OS=Brevibacterium casei S18 OX=1229781 GN=C272_08642 PE=4 SV=1,151645..153309,lcl|151645|153309|1|1,1,tr|K9AJ26|K9AJ26_9MICO,2.45e-180,tr|K9AJ26|K9AJ26_9MICO IclR family transcriptional regulator OS=Brevibacterium casei S18 OX=1229781 GN=C272_08642 PE=4 SV=1,MLVGEGQPGKGGRGPDRSIERLGECDGGLPGAGVVDVGTEDEDGVVRLEQTGVQLGNGLRIDGLTCGDGSGELVDDGSGHLGVPVVVGHGEVDGSGLSGEDGLGERAGHIGGRERFEGLVDERRGQGGGPDIGEHDLGADHVPDLLAGGEDELRPGDGRIRQRTESVAGPGCSVEVDEGGSVGDLRVAVGHGDDGALAESEDVVGRQVLEERQLVRTGVAEDRGHAVEGHEFVDCVSDRDRRHRRCSPLRRDQDGCGAHRGSAVRTALLATIVTRTTESEKCFIHWEADRCAATMADMANSPSGDSMIDRLVRVLSSFDPDHPSLSTDELSARAQLPKSTAYRLINDMMRHDLLQRDPSGRIRIGVGMWELSNRASDAVELASLARPHMTNLHDFVGENTQLGILREREVLFVERMSKPSAVVHRSRTAGRLPAHASSCGLVLLAHAPRHVREAYLRGPLSAFTEHTTTDPTILRRMLQTIRTYHRAELVGHIDEGTTGIAVPVFDGSGLTIAGLGVVVDSERNVGMPAIMQALRTASAGITQDLIAQGTRAGE,517,1331,257,100.000,257,0,257,0,0,100.00,46,/stor/scratch/Wilke/contig/database/metagenomic_contig_database/NCBI/GCF_002276605.1_ASM227660v1_genomic.fna.gz
NZ_NCWY01000007.1,91510..193035,tr|A0A2H1J2V8|A0A2H1J2V8_9MICO Uncharacterized protein OS=Brevibacterium casei CIP 102111 OX=1255625 GN=BC102111_01875 PE=4 SV=1,153575..153312,lcl|153575|153312|2|-1,-1,tr|A0A2H1J2V8|A0A2H1J2V8_9MICO,6.75e-56,tr|A0A2H1J2V8|A0A2H1J2V8_9MICO Uncharacterized protein OS=Brevibacterium casei CIP 102111 OX=1255625 GN=BC102111_01875 PE=4 SV=1,MCRNIRTLHNFEPAATSDEVHAAALQYVRKIAGTTKPSQANAEAFDAAVEEIAYATQHLLDALVTNAPPKNREVEAEKRRARYAART,176,446,87,100.000,87,0,87,0,0,100.00,100,/stor/scratch/Wilke/contig/database/metagenomic_contig_database/NCBI/GCF_002276605.1_ASM227660v1_genomic.fna.gz
NZ_NCWY01000007.1,91510..193035,tr|A0A269ZCJ3|A0A269ZCJ3_9MICO Dihydrofolate reductase OS=Brevibacterium casei OX=33889 GN=B8X04_09605 PE=4 SV=1,154154..153579,lcl|154154|153579|2|-1,-1,tr|A0A269ZCJ3|A0A269ZCJ3_9MICO,3.94e-135,tr|A0A269ZCJ3|A0A269ZCJ3_9MICO Dihydrofolate reductase OS=Brevibacterium casei OX=33889 GN=B8X04_09605 PE=4 SV=1,MGKVAWGFSCSLDGFIAGPGHDMSWLSAAEPLVDGTTEAMAAQVAVIISGRRGYDAAKSQAEIRDEMTAEAYGGAWSGTEFVLTHRPEELADDPSVIPLDCSIAEAVERAQVIAGERDIQIISADIARQALEADLIDELQYFSVPVFLGDGVRIFDVPGGRRLDWELVDIDEANPRSFGRTYRPKGRAAYR,385,988,191,100.000,191,0,191,0,0,100.00,100,/stor/scratch/Wilke/contig/database/metagenomic_contig_database/NCBI/GCF_002276605.1_ASM227660v1_genomic.fna.gz
NZ_NCWY01000007.1,91510..193035,tr|A0A269ZCY9|A0A269ZCY9_9MICO (P)ppGpp synthetase OS=Brevibacterium casei OX=33889 GN=B8X04_09610 PE=4 SV=1,154251..155000,lcl|154251|155000|3|1,1,tr|A0A269ZCY9|A0A269ZCY9_9MICO,6.41e-177,tr|A0A269ZCY9|A0A269ZCY9_9MICO (P)ppGpp synthetase OS=Brevibacterium casei OX=33889 GN=B8X04_09610 PE=4 SV=1,MRTPGASMATPADPFTPGQAERVRRLRTDFSRMLMHHQFAIDEMLTKVSILREEFLHLHRYNPIEHISSRVKSPRSLIEKITRRGLPLEIDAITANITDIAGIRITCSFIADTYRVLETLTSQNDVRIIEIKDYIAHPKPNGYKSLHAILEIPVFLSAGPVPIVCEVQVRTIAMDFWASLEHKIHYKYQGDVPDRLVEELTRAANAAGELDRKMEQLHAEVHDVDSPAEDDDSDGELLRLLLRLTRDEG,495,1274,242,100.000,242,0,242,0,0,100.00,97,/stor/scratch/Wilke/contig/database/metagenomic_contig_database/NCBI/GCF_002276605.1_ASM227660v1_genomic.fna.gz
NZ_NCWY01000007.1,91510..193035,tr|A0A269ZDD2|A0A269ZDD2_9MICO Short-chain dehydrogenase OS=Brevibacterium casei OX=33889 GN=B8X04_09615 PE=4 SV=1,155693..155028,lcl|155693|155028|2|-1,-1,tr|A0A269ZDD2|A0A269ZDD2_9MICO,3.59e-156,tr|A0A269ZDD2|A0A269ZDD2_9MICO Short-chain dehydrogenase OS=Brevibacterium casei OX=33889 GN=B8X04_09615 PE=4 SV=1,MPLALITGAARENSIAAGIVPRLRVDGWTVVTSDLENADYACDLATPTGPEELIAAVRADHGTIDALVLSHAHDVESGILDTSAESFDAHIAVNARASLLLIAGFARQVSDDGGAIVAFTSDHTTGNLPYGASKGALDRIVISTARELGPKGISANVVNPGPIDTGWMDEELRSSLRPHQPLGRLGTPGDIAGVVAFLLSTEGRWVSGQLFGADGGFSTRY,440,1132,221,100.000,221,0,221,0,0,100.00,100,/stor/scratch/Wilke/contig/database/metagenomic_contig_database/NCBI/GCF_002276605.1_ASM227660v1_genomic.fna.gz
NZ_NCWY01000007.1,91510..193035,tr|A0A269ZD47|A0A269ZD47_9MICO Glyoxalase OS=Brevibacterium casei OX=33889 GN=B8X04_09620 PE=4 SV=1,156066..155713,lcl|156066|155713|1|-1,-1,tr|A0A269ZD47|A0A269ZD47_9MICO,5.23e-79,tr|A0A269ZD47|A0A269ZD47_9MICO Glyoxalase OS=Brevibacterium casei OX=33889 GN=B8X04_09620 PE=4 SV=1,MKVHSIIADLPVPDIDGAKEFYADYLGLSTEEFNLGWVARFTSPETGAHLQVVTKDATSPVDAVVSVKVDDVDAAFAEAVDRGYEIVHPLTDEGWGVRRFFVRAPDGNVLNIVAHRE,237,604,117,100.000,117,0,117,0,0,100.00,100,/stor/scratch/Wilke/contig/database/metagenomic_contig_database/NCBI/GCF_002276605.1_ASM227660v1_genomic.fna.gz
NZ_NCWY01000007.1,91510..193035,tr|A0A269ZCL0|A0A269ZCL0_9MICO O-acetyl-ADP-ribose deacetylase OS=Brevibacterium casei OX=33889 GN=B8X04_09625 PE=4 SV=1,156609..156076,lcl|156609|156076|1|-1,-1,tr|A0A269ZCL0|A0A269ZCL0_9MICO,3.07e-124,tr|A0A269ZCL0|A0A269ZCL0_9MICO O-acetyl-ADP-ribose deacetylase OS=Brevibacterium casei OX=33889 GN=B8X04_09625 PE=4 SV=1,MRITVLEGDITTVHADAIVNAANSSLLGGGGVDGAIHRAAGPSLLEEAREIRRTTHPRGLPPGQAVATGAGDLPARWVIHTVGPNRNAGEADPEVLESCFESSLNLAEELGASTIAFPAIGGGVYGWSPRDVAEAAASVIVDGRARGRWDSIAEVQFVLFSDTMTSVFCQVFDHDQW,356,913,177,100.000,177,0,177,0,0,100.00,100,/stor/scratch/Wilke/contig/database/metagenomic_contig_database/NCBI/GCF_002276605.1_ASM227660v1_genomic.fna.gz
NZ_NCWY01000007.1,91510..193035,"tr|K9AXJ2|K9AXJ2_9MICO Redox protein, regulator of disulfide bond formation OS=Brevibacterium casei S18 OX=1229781 GN=C272_08607 PE=3 SV=1",157013..156630,lcl|157013|156630|2|-1,-1,tr|K9AXJ2|K9AXJ2_9MICO,2.79e-48,"tr|K9AXJ2|K9AXJ2_9MICO Redox protein, regulator of disulfide bond formation OS=Brevibacterium casei S18 OX=1229781 GN=C272_08607 PE=3 SV=1",MHRRQRDGLDRTVRIPGMGGDVLHDRRRRNRCEGHHPSTKHSGSSGARGKQDSMKQILETNGLVCPFPLVEAKDAIGQLSAGDELVINFDCTQATEAIPQWAAENGYPVTHFDRTGDASWTITVQKA,158,400,74,100.000,74,0,74,0,0,100.00,58,/stor/scratch/Wilke/contig/database/metagenomic_contig_database/NCBI/GCF_002276605.1_ASM227660v1_genomic.fna.gz
NZ_NCWY01000007.1,91510..193035,tr|A0A269ZCK7|A0A269ZCK7_9MICO Sulfur transporter OS=Brevibacterium casei OX=33889 GN=B8X04_09635 PE=3 SV=1,157966..156851,lcl|157966|156851|3|-1,-1,tr|A0A269ZCK7|A0A269ZCK7_9MICO,0.00e+00,tr|A0A269ZCK7|A0A269ZCK7_9MICO Sulfur transporter OS=Brevibacterium casei OX=33889 GN=B8X04_09635 PE=3 SV=1,MLNSLRLPVCAGRPPTEGPLMIITGLVVGLLLGFVLQRGRFCVTGAFRDLTLTGNTRWFSALIVIIAVHALGLALLTSLGIIAPEATAFPWLASILGGLIFGFSMILAGGCATGTYYRVGEGLVGSWMALIFFALTAAVMKTGPAAGLTDGLRSITVADGSLSATTGLSPWVFAVSLSGIAVWLTIRHNRKLGTPVATLPPRKTGLAHLLTEKRWNPFATAVVIGIIATVAWPLSAATGRNSGLGITTPSANLVAFFATGDLTLVDWGVMLVIGILVGSFIAAKASGEFRVRVPDRDTLLKAIVGGVGMGIGAAIAGGCTVGNAMVSTAQFEYQGWVATFFMIVGAGIAAKAIIRPRSTAGAPVPAESRTA,676,1744,351,100.000,351,0,351,0,0,100.00,95,/stor/scratch/Wilke/contig/database/metagenomic_contig_database/NCBI/GCF_002276605.1_ASM227660v1_genomic.fna.gz
NZ_NCWY01000007.1,91510..193035,tr|A0A269ZCQ1|A0A269ZCQ1_9MICO 4-hydroxybenzoate 3-monooxygenase OS=Brevibacterium casei OX=33889 GN=B8X04_09640 PE=4 SV=1,158080..159336,lcl|158080|159336|1|1,1,tr|A0A269ZCQ1|A0A269ZCQ1_9MICO,0.00e+00,tr|A0A269ZCQ1|A0A269ZCQ1_9MICO 4-hydroxybenzoate 3-monooxygenase OS=Brevibacterium casei OX=33889 GN=B8X04_09640 PE=4 SV=1,MGTPSRQRSGPEHTGITHTGKEATVPDLHTDVAIVGAGPAGLMLAHLLHAAGIDSVVIDNRSHDDIAATHRAGILEAASVRMLETPGIDSRVHSAGHRHDGIDVRVDGISHPLDFPSLVGESVWLYPQNEAFVDLAAARARSGRPTFYSVTDTRLADIDSEAPSVHAVTEDGEQLSISARYVVGADGSRSPSRASIPEASRQRFFHEYPFAWFGILCQAPPSHEVLIYSRSDRGFALISQRSADVQRMYFQADPGTDPNDWSDDRIWTELQARVAGPDGFELKTGPIIDKVVLPFRSAVTEPMQHGSLFLAGDSAHTVPPTGAKGLNLAFADVAVLAPALVAALRDSDAEALARYSTTATTRVWKAQNFSYQMTRMLHTDPTADAFETKRSLGELTSLLDSEHGRRYLAECYTGWPHG,798,2061,394,99.746,393,1,394,0,0,100.00,94,/stor/scratch/Wilke/contig/database/metagenomic_contig_database/NCBI/GCF_002276605.1_ASM227660v1_genomic.fna.gz
NZ_NCWY01000007.1,91510..193035,"tr|A0A269ZEY3|A0A269ZEY3_9MICO Protocatechuate 3,4-dioxygenase subunit beta OS=Brevibacterium casei OX=33889 GN=B8X04_09645 PE=3 SV=1",159389..160189,lcl|159389|160189|2|1,1,tr|A0A269ZEY3|A0A269ZEY3_9MICO,0.00e+00,"tr|A0A269ZEY3|A0A269ZEY3_9MICO Protocatechuate 3,4-dioxygenase subunit beta OS=Brevibacterium casei OX=33889 GN=B8X04_09645 PE=3 SV=1",MSATRVPGPDDAAESQATLSAEIDAIGTEYRDAVAGGAPVETQPRLDYLPYRSSLLRHPTKDLRHTDPETIELHSPAFGHRDIGILESDLTVQHGGEPIGERIRVTGRVLDGDGRPVAGQLVEIWQANSAGRYIHKRDQHPAPIDPNFTGVGRTLTGPDGSYSFLTIKPGPYPWKNHHNAWRPAHIHFSLFGSEFTQRMVTQMYFPGDPLFALDPIYQSITDEKARQRLIATYDHDLTEHEYLMGYQWDIVLTGSNRTWMEEEDHD,546,1408,266,100.000,266,0,266,0,0,100.00,100,/stor/scratch/Wilke/contig/database/metagenomic_contig_database/NCBI/GCF_002276605.1_ASM227660v1_genomic.fna.gz
NZ_NCWY01000007.1,91510..193035,tr|A0A0U0WFL8|A0A0U0WFL8_9MYCO Uncharacterized protein OS=Mycobacterium bohemicum DSM 44277 OX=1236609 GN=BN971_04895 PE=4 SV=1,160183..159545,lcl|160183|159545|3|-1,-1,tr|A0A0U0WFL8|A0A0U0WFL8_9MYCO,2.65e-37,tr|A0A0U0WFL8|A0A0U0WFL8_9MYCO Uncharacterized protein OS=Mycobacterium bohemicum DSM 44277 OX=1236609 GN=BN971_04895 PE=4 SV=1,MVFLFHPGAVRPGEHDVPLVAHEVLVFGEVVVVGRDEALPGLLVGDRLIDRIEGEERVAREVHLRNHPLRELRAEEREVDVGRPPRIVVVLPRVGARLDREERVRPVGAGERAADTGEVRVDRRRMLVALVDVASRRVRLPDLDELTGHGAAVAVEDPAGHADALTDRLPAVLDGEVGFEDADVAVAEGGGVEFDRLRVGVAQVLRRVAQER,140,352,221,46.606,103,106,128,3,12,57.92,99,/stor/scratch/Wilke/contig/database/metagenomic_contig_database/NCBI/GCF_002276605.1_ASM227660v1_genomic.fna.gz
NZ_NCWY01000007.1,91510..193035,"tr|A0A269ZCI6|A0A269ZCI6_9MICO Protocatechuate 3,4-dioxygenase subunit alpha OS=Brevibacterium casei OX=33889 GN=B8X04_09650 PE=3 SV=1",159924..160757,lcl|159924|160757|3|1,1,tr|A0A269ZCI6|A0A269ZCI6_9MICO,6.21e-134,"tr|A0A269ZCI6|A0A269ZCI6_9MICO Protocatechuate 3,4-dioxygenase subunit alpha OS=Brevibacterium casei OX=33889 GN=B8X04_09650 PE=3 SV=1",MRGGLPTSTSRSSARSSRSGWLRRCTSRATRSSPSIRSISRSPTRRPGSASSRPTTTTSPNTSTSWATSGTSCSPGRTAPGWKRKTMTEQTRLTPTPGQTVGPFYGYALPYPGDRELVPPGSNRAVELHGVVYDGAGDPVPDAILEIWQPDETGTVVLRTGSLRRDGFTFTGFGRCAADPEGRFSFSTVEPGPTEAGRARFISVVVFARGLLNRLFTRVYLPEDTEAHATDPLLSSLESAERQRLIAVREADGSLRFDIRLQGEDETPFLRFPGYDD,385,989,191,100.000,191,0,191,0,0,100.00,69,/stor/scratch/Wilke/contig/database/metagenomic_contig_database/NCBI/GCF_002276605.1_ASM227660v1_genomic.fna.gz
NZ_NCWY01000007.1,91510..193035,"tr|A0A269ZCK1|A0A269ZCK1_9MICO 3-carboxy-cis,cis-muconate cycloisomerase OS=Brevibacterium casei OX=33889 GN=B8X04_09655 PE=4 SV=1",160789..162177,lcl|160789|162177|1|1,1,tr|A0A269ZCK1|A0A269ZCK1_9MICO,0.00e+00,"tr|A0A269ZCK1|A0A269ZCK1_9MICO 3-carboxy-cis,cis-muconate cycloisomerase OS=Brevibacterium casei OX=33889 GN=B8X04_09655 PE=4 SV=1",MSDPVAHTRLLFAPCDLRGAESIDDAALITAIGDVEAAWVNAQSSAGLISADQRTEAVEAIEASAWSLAADAGALETLAADAEAGGNPVIPFLTAVRSRLAPATGRIVHRGLTSQDVLDSALGVLVSRAVRQTQAALEGISARLVALSDAHAETLCLARTLTQPALPTTFGLRVATWAAEVDEVRRLTPAINYVQVGGAAGTRAAIREFAGERTEVLLREFQVQLRGPDAALAAVPVPWHTDRVRVLTWGTHFTQCVTVGASIARDVLIGTRPEVGELRLAATGGSSAMPQKTNPTSAVLLHRNGMRVPGAMATLVTTSAEAVEERSDGAWHAEWPTLAELMTLALSSLTLLEETVAGLSADAARMRTNLDAASPGIFAEKVTTVFGDRLSKAQIAEITAPGGDPEQRLRHALAQSSGSSDDPTPPDLTGFFAPENSLGEAEDIRQTIIATIAERNPRPDQH,910,2353,462,100.000,462,0,462,0,0,100.00,100,/stor/scratch/Wilke/contig/database/metagenomic_contig_database/NCBI/GCF_002276605.1_ASM227660v1_genomic.fna.gz
NZ_NCWY01000007.1,91510..193035,tr|A0A269ZCZ9|A0A269ZCZ9_9MICO 4-carboxymuconolactone decarboxylase OS=Brevibacterium casei OX=33889 GN=B8X04_09660 PE=4 SV=1,162461..163522,lcl|162461|163522|2|1,1,tr|A0A269ZCZ9|A0A269ZCZ9_9MICO,0.00e+00,tr|A0A269ZCZ9|A0A269ZCZ9_9MICO 4-carboxymuconolactone decarboxylase OS=Brevibacterium casei OX=33889 GN=B8X04_09660 PE=4 SV=1,MTDLAEAVLTTLDRVLPDVAAPDSRVSVAGDSIGGALSLQLALDHPTRFERVAAFCTGAKIGEREGWEERAETVAISGTPTQVIGSAERWFAPGFMEREPEASAALLHSLQDADRFSYAALCFTLADFDIRDRLPEITVPVLAVAGSEDKPTPPPKLAEIASGVRESHLEVIEGAAHLVPIEAPALTATLLADFLSGRISDGVTAVGEADDAAGLPTESGPRDAERDEVWAAGMRVRREVLSDAHVDRANAAVTDFTADFQDLITRFAWGEIWTRPGLDRRMRSAITLTAMVAGGHEAELKMHVKAALRNGLSRDEIKEVLLQSAIYCSVPAANTAFAVASEALAEVDAEGLE,699,1804,353,100.000,353,0,353,0,0,100.00,100,/stor/scratch/Wilke/contig/database/metagenomic_contig_database/NCBI/GCF_002276605.1_ASM227660v1_genomic.fna.gz
NZ_NCWY01000007.1,91510..193035,tr|A0A269ZDE1|A0A269ZDE1_9MICO MFS transporter OS=Brevibacterium casei OX=33889 GN=B8X04_09665 PE=4 SV=1,164990..163527,lcl|164990|163527|2|-1,-1,tr|A0A269ZDE1|A0A269ZDE1_9MICO,0.00e+00,tr|A0A269ZDE1|A0A269ZDE1_9MICO MFS transporter OS=Brevibacterium casei OX=33889 GN=B8X04_09665 PE=4 SV=1,MGESGAADPHAADPEPPPDGQRTFLHVLVNTAIANVTTSFLWFALTFWVYVETRSVLATGVIGGAYMLLVAVFSMFFGTVVDRFRKRRVMITATAGTLVLFALTGLIYLSVPDAVLLDVARPWFWVFSLVMLAGAVVEQLRGIALSTTVSLLVPGPRRANANGLVGTVQGLGFLVTSVFSGLAIGYLGMGWSILIAVVCIGLSLAHLLTLRIPEPVIVPAEGQPGWVDIRGGLAAVLAAPGLFALVLFTTLNNLVGGVYMALMDPYGIEVFGTVQTWGIALAVVSTGFMVGGALVAKFGLGRNPIRTMLLLCCLIGALGAVFAIREAWLLYGLGMLGFFIVLPAVEAAEQTVIQRVVPYRQQGRVFGFAMTFEAAAAPITAFLIAPLAEFWIIPYMDSPAGEDRWGWLLGTGEVRGIALVFVWSGVISILLALAAFGTRAYRMLSTQYREIATNDKTVVTDDTAADDTTADDTAADESDPAAEDRTT,957,2474,487,100.000,487,0,487,0,0,100.00,100,/stor/scratch/Wilke/contig/database/metagenomic_contig_database/NCBI/GCF_002276605.1_ASM227660v1_genomic.fna.gz
NZ_NCWY01000007.1,91510..193035,tr|A0A269ZD59|A0A269ZD59_9MICO MFS transporter OS=Brevibacterium casei OX=33889 GN=B8X04_09670 PE=4 SV=1,165215..166423,lcl|165215|166423|2|1,1,tr|A0A269ZD59|A0A269ZD59_9MICO,0.00e+00,tr|A0A269ZD59|A0A269ZD59_9MICO MFS transporter OS=Brevibacterium casei OX=33889 GN=B8X04_09670 PE=4 SV=1,MSDAPVPRSTYKFAVFALAIGAFGIGVTEFATMGLLPHIAAELDITVPEAGHAVSLYALGVVVGAPLITTIAAHMDRKTLLLCLMGLFALGNIASMLAPNAATFNIARFVSGLPHGAYLGIGAIVAASLVPAGRRGRAMARVMLGLTIANIVGVPVAAALGNAFGWRSAYALVAALGVLTVIMVAIAVPKVRLSQAPSARGEMKALARPQIILTLVAGSVGFGGMFAVYTYITPTMTEVAHVPGTAIPWVLAVYGLGMTAGSLIAGPLVDKSIERSGVAGMVLSAIVLSIFGAFTQIAAIAIIALFFIGIAGSMITTALQMRLLRDSTDAPSLAAAMNHAAFNLANALGAWLGGIVITAGLGYRAPAWVGVGLCLAGLIVLGIAIALRRGGPHTSHRTKLDV,775,2000,402,100.000,402,0,402,0,0,100.00,100,/stor/scratch/Wilke/contig/database/metagenomic_contig_database/NCBI/GCF_002276605.1_ASM227660v1_genomic.fna.gz
NZ_NCWY01000007.1,91510..193035,tr|A0A269ZCM0|A0A269ZCM0_9MICO MFS transporter OS=Brevibacterium casei OX=33889 GN=B8X04_09675 PE=4 SV=1,166608..168035,lcl|166608|168035|3|1,1,tr|A0A269ZCM0|A0A269ZCM0_9MICO,0.00e+00,tr|A0A269ZCM0|A0A269ZCM0_9MICO MFS transporter OS=Brevibacterium casei OX=33889 GN=B8X04_09675 PE=4 SV=1,MSTETQPGAESAAESDRIAATRKNNTRGKVLSASMVGTTIEFFDFYAYATASSLVFPALFFPNQTSTTQMLSSFAIFGVAFVARPVGSIIFGHFGDRVGRKKTLIASLLIMGIGTFLIGLLPTASTPGWVVLAPLFLVLLRFSQGVGLGGEWSGAALLATENAPPGKRAIWGTFPQLGAPAGFILANLLFVGLSTWISPEAFLSWGWRIPFLLSALLVAVGLYVRLTLMETPAFQLVEARQQISRAPIGRVFTGSWLPLLLGTFIMLATYVIFYFMTAFTLTYGTSPATVGQAEATAEAAGKPFDPAGFVAGLGYAKNEFLTYLIIGVVFFGIFTVVSGPLAERLGRRKMLMGVTVLIAAYGLSVNALFNAGTVGVVAALIIGFTLMGLTFGPMAAYLPELFPANVRYTGSAVSYNMAGVIGAGPAPFAMVALWQAEGGTILWCGLYIVGAAILTLVALYFAKETADLDIEAELS,928,2398,475,100.000,475,0,475,0,0,100.00,100,/stor/scratch/Wilke/contig/database/metagenomic_contig_database/NCBI/GCF_002276605.1_ASM227660v1_genomic.fna.gz
NZ_NCWY01000007.1,91510..193035,tr|A0A269ZCL2|A0A269ZCL2_9MICO Amino acid ABC transporter substrate-binding protein OS=Brevibacterium casei OX=33889 GN=B8X04_09680 PE=3 SV=1,168137..169048,lcl|168137|169048|2|1,1,tr|A0A269ZCL2|A0A269ZCL2_9MICO,0.00e+00,tr|A0A269ZCL2|A0A269ZCL2_9MICO Amino acid ABC transporter substrate-binding protein OS=Brevibacterium casei OX=33889 GN=B8X04_09680 PE=3 SV=1,MPPRFESLGGAHPRDADVTDDLGGSMKRRLTMAAVAAGALFALSACGGGGSGSDAGPTAEGGVPVVSEGQLTVCSDIPYEPFEFVENGENVGFDIDLAQGLADDLGVELNVITTAFEAIQSGSALDTSQCDIAISGMSITEDRKTKMDFSAPYLKDNLGLMATKESGIKGIADVKGKEVGVQQATTGETYAKDNGATPVQFEDSGLMTQAIQTGQVDSVIGNISIISTAVAADDKLVFVEEFDTGEVLGAAVKKGNKPMLDAFENTMQRLYEDGSYDQSVDKWFGDVADAARIPEADRGASQG,558,1437,278,100.000,278,0,278,0,0,100.00,92,/stor/scratch/Wilke/contig/database/metagenomic_contig_database/NCBI/GCF_002276605.1_ASM227660v1_genomic.fna.gz
NZ_NCWY01000007.1,91510..193035,"tr|A0A2H1J323|A0A2H1J323_9MICO Amino acid ABC transporter membrane protein, PAAT family OS=Brevibacterium casei CIP 102111 OX=1255625 GN=BC102111_01892 PE=3 SV=1",169437..169985,lcl|169437|169985|3|1,1,tr|A0A2H1J323|A0A2H1J323_9MICO,2.59e-126,"tr|A0A2H1J323|A0A2H1J323_9MICO Amino acid ABC transporter membrane protein, PAAT family OS=Brevibacterium casei CIP 102111 OX=1255625 GN=BC102111_01892 PE=3 SV=1",MKISSVAPYRWIATAYIELFRGVPALLVFLAFGYAVPYAFGIRMDTYVTVMLALGIVESAYIAETIRAGLQAVPKGQYEAARSLGMSHTRAMVTIVIPQAFRIILPPLTNEIILMTKDSSLIYILGLTASQYELTKFGREAISNPEAGLTPLVVAGVCYLVITVPLGLLARRFESRTAKIKK,365,936,182,100.000,182,0,182,0,0,100.00,100,/stor/scratch/Wilke/contig/database/metagenomic_contig_database/NCBI/GCF_002276605.1_ASM227660v1_genomic.fna.gz
NZ_NCWY01000007.1,91510..193035,"tr|A0A2H1J3X6|A0A2H1J3X6_9MICO Amino acid ABC transporter ATP-binding protein, PAAT family (TC 3.A.1.3.-) OS=Brevibacterium casei CIP 102111 OX=1255625 GN=BC102111_01893 PE=4 SV=1",169992..170774,lcl|169992|170774|3|1,1,tr|A0A2H1J3X6|A0A2H1J3X6_9MICO,0.00e+00,"tr|A0A2H1J3X6|A0A2H1J3X6_9MICO Amino acid ABC transporter ATP-binding protein, PAAT family (TC 3.A.1.3.-) OS=Brevibacterium casei CIP 102111 OX=1255625 GN=BC102111_01893 PE=4 SV=1",MSTTSNPAENIHAEGCTITGLHKSYGDVEVLKGIDLEVEPGQVVCLIGPSGSGKSTLLRCVNLLEQPNAGTITVAGYDATDPDVEINSLRRHVGMVFQAFNLFPHLTVVDNCTISQRRVLRRGKAEAEKVAREKLTQVGLAELADRYPDQLSGGQQQRVAIARALAMDPNLMLFDEPTSALDPETVGDVLLVMRSLAEAGMTMVVVTHEMEFARQVADRVVFMDGGVVVEEGPAREVIGNPQHERTKHFLSRVLHPGQLE,532,1370,260,100.000,260,0,260,0,0,100.00,100,/stor/scratch/Wilke/contig/database/metagenomic_contig_database/NCBI/GCF_002276605.1_ASM227660v1_genomic.fna.gz
NZ_NCWY01000007.1,91510..193035,tr|A0A269ZEZ6|A0A269ZEZ6_9MICO Uncharacterized protein OS=Brevibacterium casei OX=33889 GN=B8X04_09700 PE=4 SV=1,172399..171386,lcl|172399|171386|3|-1,-1,tr|A0A269ZEZ6|A0A269ZEZ6_9MICO,0.00e+00,tr|A0A269ZEZ6|A0A269ZEZ6_9MICO Uncharacterized protein OS=Brevibacterium casei OX=33889 GN=B8X04_09700 PE=4 SV=1,MVTVFSSKELRDLGFSDSRLRELLDCCAKQVRRGHFVLWEECANDEHAVLHDLHVETGRPYPQQFDDIRDNTEQLKILVRSYAGELLPDAVFSHISAAIIHGLDPAFPAASAMEIIRPNFHRVTTRCICHQRTLRDDEKDRVGDLPVTAMRRTLLDIAHDYPLETSVPLISQALREGRIDKSSLQNGIRPRTRGCAVARRAVELASPLYESAGEALCAVKFHRFGITGMVPQVGSYDANGSWIARNDFRHESLPLAVEFHGLGKYFLNEGGPDQASAKNHERHMKLLNSGLRVFNLVWGDLFRAQPFRQIKAELDALASSRPPLSAETDTSKRRSRR,695,1793,337,100.000,337,0,337,0,0,100.00,100,/stor/scratch/Wilke/contig/database/metagenomic_contig_database/NCBI/GCF_002276605.1_ASM227660v1_genomic.fna.gz
NZ_NCWY01000007.1,91510..193035,tr|A0A269ZCJ6|A0A269ZCJ6_9MICO Choline dehydrogenase OS=Brevibacterium casei OX=33889 GN=B8X04_09705 PE=3 SV=1,174242..172551,lcl|174242|172551|2|-1,-1,tr|A0A269ZCJ6|A0A269ZCJ6_9MICO,0.00e+00,tr|A0A269ZCJ6|A0A269ZCJ6_9MICO Choline dehydrogenase OS=Brevibacterium casei OX=33889 GN=B8X04_09705 PE=3 SV=1,MQAYASEDPDMVWNFAVSHYDDPARGREDSKWDDDLGGILYPRGSTLGGSTAVSAMVHIAPQPRDWDGLAELTGDESWGHGPMREIFERIEDWQGVDARPLPGDSEADRDAKARHGHDGWLQTTRADPAIAGREPRFLDIINATETTSRQLFGIPEDISLPRDINAADTPPSYQGMSFVPVAAGGGRRNGSRERLLAARAAHPDRLTIIEDALATRVLFDGTRAIGVEYLAGAGLYAATPPERRSDDPSPRRSAVRARNEVIVAAGAFNTPQLLKLSGIGPAVELEEFGIPVLVDAPGVGENLHDRYEVSVVNELDADFPIFDDSTLDLPAPGEPDDHLLREWKDDRGGPYSTNGSLAAMVAHTSAGGGDNADVIIFSLAADFHGYYPNYAYDAKPHHDRMSMLVLKGWTRDRAGSVRLRSADPRDVPDIRMRYFDEGSDGWERDLDGVVDGLEMARTIVGNLENTKAVRELVPGAEVASREELREFVKREAWGHHACGTAKIGTDDDPMAVLDGDLRVRGVEGLRVVDASVFPDIPGFFIASAVYMVSEKASDQIIAEYRDR,1129,2920,563,100.000,563,0,563,0,0,100.00,100,/stor/scratch/Wilke/contig/database/metagenomic_contig_database/NCBI/GCF_002276605.1_ASM227660v1_genomic.fna.gz
NZ_NCWY01000007.1,91510..193035,tr|K9B0D8|K9B0D8_9MICO Uncharacterized protein OS=Brevibacterium casei S18 OX=1229781 GN=C272_08522 PE=4 SV=1,174670..174422,lcl|174670|174422|3|-1,-1,tr|K9B0D8|K9B0D8_9MICO,1.61e-50,tr|K9B0D8|K9B0D8_9MICO Uncharacterized protein OS=Brevibacterium casei S18 OX=1229781 GN=C272_08522 PE=4 SV=1,MTTDKSIHEQINAAVEEERELRRRLGQGEITEEHEHQRIAQLEGELDQLWDLLRQRQGERDAGRDPNLAKERPVSEVEGYLQ,162,410,82,100.000,82,0,82,0,0,100.00,100,/stor/scratch/Wilke/contig/database/metagenomic_contig_database/NCBI/GCF_002276605.1_ASM227660v1_genomic.fna.gz
NZ_NCWY01000007.1,91510..193035,tr|A0A2H1J3K8|A0A2H1J3K8_9MICO Ubiquitin-hydrolase Zn-finger-containing protein OS=Brevibacterium casei CIP 102111 OX=1255625 GN=BC102111_01898 PE=4 SV=1,175057..174698,lcl|175057|174698|3|-1,-1,tr|A0A2H1J3K8|A0A2H1J3K8_9MICO,1.36e-81,tr|A0A2H1J3K8|A0A2H1J3K8_9MICO Ubiquitin-hydrolase Zn-finger-containing protein OS=Brevibacterium casei CIP 102111 OX=1255625 GN=BC102111_01898 PE=4 SV=1,MDIRLEPGDIDPSVPPSGPGCVECEETGGWWVHLRRCAACGHIGCCDTSPSQHASRHVKETGHPVTRSYEPGEEWFFDFRTEQAFEGPELAPPLAHPESQSVPGPADRVPEDWMDKIHR,243,621,119,100.000,119,0,119,0,0,100.00,100,/stor/scratch/Wilke/contig/database/metagenomic_contig_database/NCBI/GCF_002276605.1_ASM227660v1_genomic.fna.gz
NZ_NCWY01000007.1,91510..193035,tr|A0A269ZDE9|A0A269ZDE9_9MICO Ornithine decarboxylase OS=Brevibacterium casei OX=33889 GN=B8X04_09720 PE=4 SV=1,178065..175093,lcl|178065|175093|1|-1,-1,tr|A0A269ZDE9|A0A269ZDE9_9MICO,0.00e+00,tr|A0A269ZDE9|A0A269ZDE9_9MICO Ornithine decarboxylase OS=Brevibacterium casei OX=33889 GN=B8X04_09720 PE=4 SV=1,MLITLSSQVGTAVSTRSRGGRMIVSTTDSAPAHHQPGGSSMTGIDSDDFPGGAPFASGLSSDRGGKPVSTRQGFLTRPEKARLERDPGMPASTWRLRSDAWEYLKYAIKRLVMSGGDFSMIAADGEVWRSLRSLKTIELYWGGFGQRYVEEIAQLLSDGEFDKAHDMITRAVNRLRGTTVPDTIDEELTEEERAEIRDRQDPRPRFEVLIVDETTEGGRDELHADLLKLRSASDQFIYDYVIVPTADDAVVAALTNPNLLACVIRPGFTDRTREVLSRDLRNAVALAHEGTTSSPTGPMSPLNSVRRVLRLADTLAGLRPELDLYLMAGAHIESLAGALTHRFRRVFRREDQFELHLSLLRRVQHLYDTPFFAAIQEHARRPAGVFHALPVSRGGSVVGSKWISDFVDFYGLNLLLAETSATSGELDSLLAPVRTLKKAQSLAARAFGAKRTYFVTNGTSTANKIVHQAVVAPGEIVMVDRNCHKSHHHALMLTGARPAYLEAYPLNDFAFYGAVPLHRIKQLLLDYRAAGRLDEVRMITLTNCTFDGIVYDPERVMAECLAIKPDLVFLWDEAWFAFARFHPVTRKRTAMVAAERLDETLRTNSHDAAYREQRKRLFDPVTGEPAPDEVWLNETLLAPPDATIRVYATQSTHKTLTALRQGSMIHVYDQEFGSGAEEAFHEAYMTHTSTSPNYQILASLDLGRRQVEMEGFALVQKQLDLAVSLASAVARHPLLKKTFRVLTAKDLIPAEYRETTRSMPLRDGLATFWDAWTTDEFVVDPSRITVEITGTGVDGDTFKHEYLMDRYGIQVNKTSRNTVLFMTNIGTSRSAVAYLIEVLVKLAERFTDPYKVGPTDASTEPSAVMPPLPDFSAFAPEYAAEVPADDPAAQLPDGDLRSAYYAGLRQKSVEYVLPHELRRRVENGEAPVSAGFVTPYPPGFPVLVPGQVITAEVLDFMSALDTREIHGYDARLGYRVILAEVAGEAEVTEV,1941,5027,950,100.000,950,0,950,0,0,100.00,96,/stor/scratch/Wilke/contig/database/metagenomic_contig_database/NCBI/GCF_002276605.1_ASM227660v1_genomic.fna.gz
NZ_NCWY01000007.1,91510..193035,tr|A0A269ZD67|A0A269ZD67_9MICO Acetolactate synthase OS=Brevibacterium casei OX=33889 GN=B8X04_09725 PE=3 SV=1,178071..179879,lcl|178071|179879|3|1,1,tr|A0A269ZD67|A0A269ZD67_9MICO,0.00e+00,tr|A0A269ZD67|A0A269ZD67_9MICO Acetolactate synthase OS=Brevibacterium casei OX=33889 GN=B8X04_09725 PE=3 SV=1,MDVTESQTAGHLIVQELEAHGVRRAYLVPGESYLDVLDGLHDSPIETIVCRQESGAGYMAVAEGRMTGIPGIAMVTRGPGAANVMAAVHTAYQDATPLVVFVGLIPTAARGREAFQEFDLSAWFGTTAKKVLVLDDPDKAAEVVVDALHTAVSGRPGPVVIGLPEEVLTERTSAPVLAPRALGVPAPADGDLTELRARIDQAERPVLVIGGEDWDPATAERIARWSRDRGLGVIATFRAYDGIDHEAPNFLGILGYGAAPVAKRVFAEADLHIFLGCVRTDVATDGFTIGTDQRTIIIGPDPDAHGHFGRLDEHIVTSVNRFAERLFTEDGTPAYTVSADGSIAEVADGGTRGGAADDAGSDDTTLPSWIQEARAELSDWRQPKPVPVPAGAISAGAASAKEPGGADQVATAASAKNDDRTFVDMDEAFVHVRELLPADAIITYGAGNFSGWATRFLPTHGFPSALGPRNGSMGFGLPAAVAAGLVAPDRTVFCIAGDGDFLMTGQELATAVQYGVDVTIVINDNSVYGTIRGHQDRDYPGRATGTTLENPDFAAMATAFGGLGIRVERTEDFREAFAAALGHRGPAIVHCITDPAIRGPRL,1198,3099,602,100.000,602,0,602,0,0,100.00,100,/stor/scratch/Wilke/contig/database/metagenomic_contig_database/NCBI/GCF_002276605.1_ASM227660v1_genomic.fna.gz
NZ_NCWY01000007.1,91510..193035,tr|A0A269ZCM8|A0A269ZCM8_9MICO Amidohydrolase OS=Brevibacterium casei OX=33889 GN=B8X04_09730 PE=4 SV=1,179620..181533,lcl|179620|181533|1|1,1,tr|A0A269ZCM8|A0A269ZCM8_9MICO,0.00e+00,tr|A0A269ZCM8|A0A269ZCM8_9MICO Amidohydrolase OS=Brevibacterium casei OX=33889 GN=B8X04_09730 PE=4 SV=1,MSRSSSTTTRSTARSAVIRTATTRVGRRERRLRTPTSRRWPRRSGDSASGSSGPRTSGRPSPRHWATGDRPSSTASPTPRSAGRDSERTRERHSVRIDAIFTDLDAHTLDPARPRATKIGVSSGRIIGFDEELDGISADRVESLGGAIVLPGFNDVHCHTTWFGLTLASVDVTAMPGGLPDVYAALERAAAVTPAGEWIEATGFAHRDYDGQYPELSRLDEITGDRPLFMRQTSGHAAIVNTAAMKLAGILDADFTDPIGGKVVRDAAGHPTGLVEETAQGLVQDLIRPYSLDTIVDALDLATAQYAREGITSFGECGIAYGWIGHSPIEISAYLRAREEGKLRARAQLMPQADGLHPIAANSADGFGIGLDAGLRTGLGDDMISIGPVKFFMDGAMSGETAALRENYEGRDHPGYLQADAEELRQRILDTYASGWSLAVHAIGDAAVDAAIANIVEAQTRFGRRAVPNRIEHAGLVHDEHLETLASHGIAVTPQAAFAEAIGDGMNRSLGPERRRLLYRAKSFVDAGVLLPGSSDRPCADGTALRGIGAFVTRATREGDVMGAASERLSPAEAVAAYTSVAAIASGQGAEKGTLSRGKLADFVALDAHPAEVAPADIADIPVRATVLGGSFTHDAR,1083,2801,543,99.816,542,1,543,0,0,100.00,85,/stor/scratch/Wilke/contig/database/metagenomic_contig_database/NCBI/GCF_002276605.1_ASM227660v1_genomic.fna.gz
NZ_NCWY01000007.1,91510..193035,tr|A0A269ZCM2|A0A269ZCM2_9MICO Aspartate aminotransferase family protein OS=Brevibacterium casei OX=33889 GN=B8X04_09735 PE=3 SV=1,182900..181539,lcl|182900|181539|2|-1,-1,tr|A0A269ZCM2|A0A269ZCM2_9MICO,0.00e+00,tr|A0A269ZCM2|A0A269ZCM2_9MICO Aspartate aminotransferase family protein OS=Brevibacterium casei OX=33889 GN=B8X04_09735 PE=3 SV=1,MEKFSDAELEAIRAESARAYDLDRAHVFHSWSAQRTLDPMTVSRTEGSYIYDSEGRPLLDFSSQLVNTNIGHQHPKVVAAIKEQADLICTISPAHVNAARSEAARLITERTPSGLDHVFFTNGGADANEHAIRMARLHTGKHKVLSRYRSYHGGTQTAINVTGDPRRWRNDLGDSGVVHFFGPFLYRSEFDSTTEAEETERALRHLRRTIELEGPSTIAAIVLESIPGTAGIMIPTPEYMQGVRALADEHGIVLIADEVMAGFGRTGKWFAFEHFDIVPDIITFAKGVNSGYVPLGGVIMSNDIYDSFAEVAYPGGLTYSGHPLACAAAVATIDAMENEGMVEHAARIGEEIIGPRLRQIAESSKHVGEVRGTGAFWAIELVWDKETKEPLAPYGAGSPEVASVLASLKEYGLVAFTNYHRIHVVPPINISEDDLEKGLGILDKVLTDLDFAR,928,2399,453,100.000,453,0,453,0,0,100.00,100,/stor/scratch/Wilke/contig/database/metagenomic_contig_database/NCBI/GCF_002276605.1_ASM227660v1_genomic.fna.gz
NZ_NCWY01000007.1,91510..193035,tr|A0A269ZCN0|A0A269ZCN0_9MICO IMPACT family protein OS=Brevibacterium casei OX=33889 GN=B8X04_09740 PE=3 SV=1,182899..183633,lcl|182899|183633|1|1,1,tr|A0A269ZCN0|A0A269ZCN0_9MICO,3.11e-141,tr|A0A269ZCN0|A0A269ZCN0_9MICO IMPACT family protein OS=Brevibacterium casei OX=33889 GN=B8X04_09740 PE=3 SV=1,MSLAFRRGLRCGGAAYGHGRGGRDCAGQVRACRWHFARVGRMPYRTITDRAEAEIEIKRSKFLGLVAPVADEAEAREVIAEQRSLHPKARHHCTAFVLDPDSRTQRFSDDGEPPGTAGAPILDVVLGHELTFVVAVVTRYFGGTLLGAGGLVRAYGQAASAAVDRAPVVVRRELVPVRASVDYAQANTLERAAEVRGWSVRASYGAEVELTVFVPVAEVDPALAMFADLTAGQAHPNVGDVEWA,403,1035,203,100.000,203,0,203,0,0,100.00,83,/stor/scratch/Wilke/contig/database/metagenomic_contig_database/NCBI/GCF_002276605.1_ASM227660v1_genomic.fna.gz
NZ_NCWY01000007.1,91510..193035,tr|K9AIV2|K9AIV2_9MICO Cys-tRNA(Pro)/Cys-tRNA(Cys) deacylase OS=Brevibacterium casei S18 OX=1229781 GN=C272_08487 PE=3 SV=1,184168..183668,lcl|184168|183668|3|-1,-1,tr|K9AIV2|K9AIV2_9MICO,8.19e-115,tr|K9AIV2|K9AIV2_9MICO Cys-tRNA(Pro)/Cys-tRNA(Cys) deacylase OS=Brevibacterium casei S18 OX=1229781 GN=C272_08487 PE=3 SV=1,MTVASKPASAATPAVRVLNLAGIDYSLHSFDHDPATRRYGSEAADKLGVGSDQVFKTLMIQVDGSPVTALVPVSGQLDLKALASARGAKKAQLAGVAETERRTGYPVGGVSPFGQRHAVPVVIDRTALEHASVFVSAGRRGLEIEIRPEDLVMLTNAQVAKIAALD,331,849,166,100.000,166,0,166,0,0,100.00,100,/stor/scratch/Wilke/contig/database/metagenomic_contig_database/NCBI/GCF_002276605.1_ASM227660v1_genomic.fna.gz
NZ_NCWY01000007.1,91510..193035,tr|A0A269ZF05|A0A269ZF05_9MICO Uncharacterized protein OS=Brevibacterium casei OX=33889 GN=B8X04_09750 PE=4 SV=1,184747..184400,lcl|184747|184400|3|-1,-1,tr|A0A269ZF05|A0A269ZF05_9MICO,8.05e-76,tr|A0A269ZF05|A0A269ZF05_9MICO Uncharacterized protein OS=Brevibacterium casei OX=33889 GN=B8X04_09750 PE=4 SV=1,MEYLSEEEFESILDEAIEDLPAGVTDELDNVALFVEDAPEDGSPTLLGLYDGTPIGERGQRGLEMPDTIFLYRNNLIAYAEDRDHLREEIVVTIVHEIAHFYGIDDDRLHEIGWG,228,582,115,100.000,115,0,115,0,0,100.00,100,/stor/scratch/Wilke/contig/database/metagenomic_contig_database/NCBI/GCF_002276605.1_ASM227660v1_genomic.fna.gz
NZ_NCWY01000007.1,91510..193035,tr|A0A269ZCK4|A0A269ZCK4_9MICO GntR family transcriptional regulator OS=Brevibacterium casei OX=33889 GN=B8X04_09770 PE=4 SV=1,186191..185511,lcl|186191|185511|2|-1,-1,tr|A0A269ZCK4|A0A269ZCK4_9MICO,1.17e-157,tr|A0A269ZCK4|A0A269ZCK4_9MICO GntR family transcriptional regulator OS=Brevibacterium casei OX=33889 GN=B8X04_09770 PE=4 SV=1,MAASRVGSTLSAEAYDRLRAELLRGCFTPGSKLRIGEIADRFSVSPSVLREAMTRLAQDGLLSASPQRGFSVPELTTSLLEDLTHARRIIEAAALRESIADGDLAWESLVLAAHHTLEKTRFTDEGGHITGEWDRAHRAFHTAILAGGRSETLAKVATDLRARSELFVHWSRELVADETRDVPEEHRQIAELSVARDVDGAVEALECHIQRSADVLIASVSSQISA,444,1143,226,100.000,226,0,226,0,0,100.00,100,/stor/scratch/Wilke/contig/database/metagenomic_contig_database/NCBI/GCF_002276605.1_ASM227660v1_genomic.fna.gz
NZ_NCWY01000007.1,91510..193035,tr|A0A269ZCL9|A0A269ZCL9_9MICO FAD-binding monooxygenase OS=Brevibacterium casei OX=33889 GN=B8X04_09775 PE=4 SV=1,186182..188302,lcl|186182|188302|2|1,1,tr|A0A269ZCL9|A0A269ZCL9_9MICO,0.00e+00,tr|A0A269ZCL9|A0A269ZCL9_9MICO FAD-binding monooxygenase OS=Brevibacterium casei OX=33889 GN=B8X04_09775 PE=4 SV=1,MQPCGQYRHMRISTRPRKNIFFLLQYSDSAHTVEVTRRSTSSLPSDHRRCHRSTGTRMQGGTMADIEVPVLIIGGGGAGLSASMNLSKLGVDHLLVSSLPYTSKLPKAHVLNQRTMEIFEELGVAPAIEERSTPAENMKSTGWYAGLVGDHEYSGRRLGHLEVWGGGYTDPDYIAASAKRTCNLPQIRLEPLLLDHARRLHRRPDGVRFNHEVTAVELLDEGVLATVLDKDSDSEYTVRARYAIAADRGRTVGPALGVGMTGPTDLMMMVSVHFSADLSEWALDDDVLIRWLVNPEFGGSWSSGVLVAMGPEHWGTKSEEWVVHLDYATHDAEALTDDQVIARLCTVLGVDRSALEIHKVSPWIMEGVVAERFRAGDVFIIGDAAHRHPPTGGLGLNSAIHDGYNLAWKLALVLEGRAGDALLDSYEAERKPVDQDNVNAAVASAMNHFTIDRALNLTPEASAAENWAELEPIWDDSKPNAAEKRHALNRAIGTQTMEFRHHNVEFGYRYDSTAVVSDGSPDYVPIDAVRLYEPSTKPGHPLPHAFVEKSNERFALSSLVDGGHFLVLAGEDGHDWVAAAEQIAADRGLRIRAHTVGLEGSDYVDVRMAWMKNRGISSEGVVIVRPDRYVAYRSIDSVADAADELNRVFDAILASPQSAAQSGSAAQNTSAARSGAAAAPNRAAAASERATDAPERATIESDRAVV,1304,3374,644,100.000,644,0,644,0,0,100.00,91,/stor/scratch/Wilke/contig/database/metagenomic_contig_database/NCBI/GCF_002276605.1_ASM227660v1_genomic.fna.gz
NZ_NCWY01000007.1,91510..193035,tr|A0A269ZD19|A0A269ZD19_9MICO GNAT family N-acetyltransferase OS=Brevibacterium casei OX=33889 GN=B8X04_09780 PE=4 SV=1,188544..188978,lcl|188544|188978|3|1,1,tr|A0A269ZD19|A0A269ZD19_9MICO,3.14e-99,tr|A0A269ZD19|A0A269ZD19_9MICO GNAT family N-acetyltransferase OS=Brevibacterium casei OX=33889 GN=B8X04_09780 PE=4 SV=1,MTTPDGSAPVTDRSLAFEWRGEVTNDEINILHAEAFEHRVLDDDWLAPLETLSLGWVTARDAGGLVGFVNIIWDGGVHAFVEDTAVAVRARRRGIGRRLIEIAREHSTVAGCEWLHVDFDDHLREFYFDACGFAPTNAGLMRLR,290,742,144,100.000,144,0,144,0,0,100.00,100,/stor/scratch/Wilke/contig/database/metagenomic_contig_database/NCBI/GCF_002276605.1_ASM227660v1_genomic.fna.gz
NZ_NCWY01000007.1,91510..193035,tr|A0A2H1J3U4|A0A2H1J3U4_9MICO Acetyltransferase (GNAT) family protein OS=Brevibacterium casei CIP 102111 OX=1255625 GN=BC102111_01911 PE=4 SV=1,188876..189271,lcl|188876|189271|2|1,1,tr|A0A2H1J3U4|A0A2H1J3U4_9MICO,2.20e-35,tr|A0A2H1J3U4|A0A2H1J3U4_9MICO Acetyltransferase (GNAT) family protein OS=Brevibacterium casei CIP 102111 OX=1255625 GN=BC102111_01911 PE=4 SV=1,MRMAPRRLRRSPPRVLLRRVRLRTDERGTHAAALIDEPGPSGRQPRPCGRRPGQSRTAAQAAADSGSQPRQSRTGESQPSDRERQPGPLRTATHTADGLPSRRPLRPARAPMCTCGEQCDNEVKPTRSKER,131,329,96,75.000,72,7,72,1,17,75.00,73,/stor/scratch/Wilke/contig/database/metagenomic_contig_database/NCBI/GCF_002276605.1_ASM227660v1_genomic.fna.gz
NZ_NCWY01000007.1,91510..193035,tr|A0A269ZDG0|A0A269ZDG0_9MICO Uncharacterized protein OS=Brevibacterium casei OX=33889 GN=B8X04_09785 PE=4 SV=1,189268..189783,lcl|189268|189783|1|1,1,tr|A0A269ZDG0|A0A269ZDG0_9MICO,7.23e-107,tr|A0A269ZDG0|A0A269ZDG0_9MICO Uncharacterized protein OS=Brevibacterium casei OX=33889 GN=B8X04_09785 PE=4 SV=1,MMSENPTDDADFLTQDDEFDAEETEEDNADPTGVDLDGLEETADAAEADAEDPDFEADSEEEDEPYIEPGAEGPEGTGIEGADDALIDDAGWDDEQDAPALDGDLDTDPITAAEQGNRDGDEMVSYGDDDSEVAELSGDDLDVDALADDGVEEVDVIDGMPETIDNAYQED,311,798,171,100.000,171,0,171,0,0,100.00,100,/stor/scratch/Wilke/contig/database/metagenomic_contig_database/NCBI/GCF_002276605.1_ASM227660v1_genomic.fna.gz
NZ_NCWY01000007.1,91510..193035,tr|A0A269ZD82|A0A269ZD82_9MICO HNH endonuclease OS=Brevibacterium casei OX=33889 GN=B8X04_09790 PE=4 SV=1,190205..192445,lcl|190205|192445|2|1,1,tr|A0A269ZD82|A0A269ZD82_9MICO,0.00e+00,tr|A0A269ZD82|A0A269ZD82_9MICO HNH endonuclease OS=Brevibacterium casei OX=33889 GN=B8X04_09790 PE=4 SV=1,MKDPSDPLGAGCGAADDEPPDPRRLRVDPDSPYADALSVYSACDRAQLAAWETTASLFLHDVIAHLDLLNPSPESPYRHASLTETARRHARTHGSDADWVSEVDPDPAPSPAAGDPEAAPTSAPDFTVPAPLPGFPRFRETQTIYGWVHSLSHTEDIAELSAIRGSTIPATYAYVTAAMTLVHGLPKFYARCLAGEFTIEHAIAATRMCQDLQFQRLPVIDCYLEERRADITVETFRKSLSLKVSIVQPEEERTEAAHERRRVGITTFPDGTACLTLTGPSAELQACYLRIEAFARAIRNGNTAAFTDQMPAGAIFDDDRSIDALMFDIITRTVPQARIHIRAHDTDTGQNSSRDIPLDLENARTVHDVAEAIGTAVGSVGIDPSSLGGVRVDEGDPVAPTAVSLNDAPTAAPAQAAATDSFGNVIPVDRAVPVGGAPAVDCTGPDTENRTVGDARSTDDDGLDGSVRSPDARQGELTRIEDSDPDEQGRYAFYLGLTMPTTPFWLGGQSKMITTVPFISLAGLADLPGTFSDGSPIPPEMARAIAGQCSTWTRILTDPATGTPIDAKAMSYYIPAQVRQTLVAQWQWCSVPGCRRRAETSEVDHIIPFDHDDPASGGLTVFGNLHPMCKLHHQAKTDCRYAVRMDCPGVLEYRFAHGVEAILSPGDNPVDVEQARLMQAIVTDPIDSNDGQEPPPSPGDERFADECPRPAGGDGAAGWVPAEGNIIYKKPRKKRWVWDPGGPPPF,1514,3921,746,100.000,746,0,746,0,0,100.00,100,/stor/scratch/Wilke/contig/database/metagenomic_contig_database/NCBI/GCF_002276605.1_ASM227660v1_genomic.fna.gz
NZ_NCWY01000007.1,91510..193035,CRISPR array,179258..179321,,,,,"Copies: 2, Repeat: 18, Spacer: 27",AGCCGCCTCGGCGAAGAA,,,,,,,,,,,,/stor/scratch/Wilke/contig/database/metagenomic_contig_database/NCBI/GCF_002276605.1_ASM227660v1_genomic.fna.gz
