NZ_PNDL01000001.1,72279..113304,tniQ,93304..92279,lcl|93304|92279|1|-1,-1,tr|A0A2W1D0I8|A0A2W1D0I8_9PLEO,4.68e-10,tr|A0A2W1D0I8|A0A2W1D0I8_9PLEO tniQ Pectate lyase OS=Pyrenophora tritici-repentis OX=45151 GN=A1F97_07859 PE=3 SV=1,MKALSKLKAETGIWMTDVPKPEVGHNDLLIKIRKTAICGTDVHIYKWDEWSQKTIPTPMVVGHEYVGEVVDMGQEVRGFAVGDRVSGEGHITCGHCRNCRAGRVHLCRNTTGVGVNREGAFAEYLVIPAFNAFKIPDNISDELASIFDPFGNAVHTALSFDLVGEDVLITGAGPIGIMAAAVAKHVGARHVVITDVNEYRLELARKMGATRAVNVANDKLEDVMNELGMTEGFDIGLEMSGVPSAFNSMLNNMNHGGKIAMLGIPPSDMAVDWNKVIFKGLVIKGIYGREMFETWYKMASLIQSGLNLDPIITHQYSVDDFQAGFDMMISGQSGKVILNWE,58.2,139,270,25.185,68,158,119,11,44,44.07,76,./fasta/GCF_005887295.1_ASM588729v1_genomic.fna
NZ_PNDL01000010.1,0..113789,tniQ,6652..5720,lcl|6652|5720|1|-1,-1,tr|A0A5C7P1D4|A0A5C7P1D4_9ACTN,8.97e-05,tr|A0A5C7P1D4|A0A5C7P1D4_9ACTN tniQ LysR family transcriptional regulator OS=Actinobacteria bacterium OX=1883427 GN=E6Q90_12735 PE=4 SV=1,MNIFIVICVKLMIDYQLLNALSAVISEGGFEKASKKLFITQSAVSRRIHQLEAKLGEPVLIRTQPPTPTALGKRLLNHLQQVLQLEVALNVEALNEHTDLNTPLSVKLAANADSLATWLPEALAVLDTELACKLRFEVISEDQSIAHKRMKDGEVMVCISSSPEPVNGGLVSPLGAIRYKAIASPDFIKQHKLTELSQLAHLPCLVFSEYDKLQHQFLEDINGSAPLFTHIYPSSEGFKQAMIAGLGYGLLPTLQLGDSLIKGELVDLFPEYYIDTPLYWHYWQTESPQLKTLRKFALQVAGKRLEPISP,42.0,97,72,33.333,24,44,40,1,4,55.56,22,./fasta/GCF_005887295.1_ASM588729v1_genomic.fna
NZ_PNDL01000010.1,0..113789,tniQ,40474..41358,lcl|40474|41358|1|1,1,tr|A0A1U1BRW6|A0A1U1BRW6_9MYCO,1.08e-06,"tr|A0A1U1BRW6|A0A1U1BRW6_9MYCO tniQ Regulatory helix-turn-helix protein, lysR family OS=Mycobacteroides abscessus subsp. massiliense OX=1962118 GN=SAMEA2275744_05269 PE=4 SV=1",MNLHALRVFYTVAKLGSFSGAAEALFISQPAVSKALKELEHQLNMQLIERASKGKKLTLSEGGQALFDHARSIFAIEKAAIEDIKSRTGLKRGTLVIGTSTTIASYWLPPYLAKFCAQYQHIKVEVQVANTAQIEHALLECTIDLALVEGTPTEPHIISKHWQNDLMSVVIPSNFKPTKDLKAWLNEQFWLLREPGSGTLEMSVKLLAEHGVQAEQSMQLGSNEAIARAVAQGMGVALLPNVVTEDLVQLGKLTRLSQKNNEQLSRPLYQLHYKDRPSSHAAQAFEKSLFRLCE,47.8,112,74,37.838,28,45,40,1,1,54.05,25,./fasta/GCF_005887295.1_ASM588729v1_genomic.fna
NZ_PNDL01000010.1,0..113789,tniQ,53631..54119,lcl|53631|54119|3|1,1,tr|A0A417XIF4|A0A417XIF4_9CLOT,8.38e-06,tr|A0A417XIF4|A0A417XIF4_9CLOT tniQ GNAT family N-acetyltransferase OS=Clostridium sp. OF09-10 OX=2292309 GN=DXA91_00825 PE=4 SV=1,MITLRDFKPKDAPHIINTLNDEQVTRFLSSKIPFPYTQADADWWINQGSKSGIVKAIVVDEQFAGCIGITPGEFEYSRSGEIGYWLNSHFWGQGVMTHAISQICDDAFKSSNLNRIFGAVFAGNTGSVKALTKCGFKAEAVLKQAIYKNGVFYDSHIFSKLK,41.6,96,79,30.380,24,52,34,1,3,43.04,49,./fasta/GCF_005887295.1_ASM588729v1_genomic.fna
NZ_PNDL01000010.1,0..113789,tniQ,54297..55325,lcl|54297|55325|3|1,1,tr|A0A2W1D0I8|A0A2W1D0I8_9PLEO,1.52e-17,tr|A0A2W1D0I8|A0A2W1D0I8_9PLEO tniQ Pectate lyase OS=Pyrenophora tritici-repentis OX=45151 GN=A1F97_07859 PE=3 SV=1,MSATSRQLTLASRPHGAPTDENFELKTVDLPALKDGEVLLRTIYLSLDPYMRGRMSDAKSYADPVNVGDVMVGATVCQVEESKNDKFSEGEWVLAYTGWQDYAITNGEGLMQLGKDPENPSYALGIMGMPGFTAYMGLLDIGAPKEGETVVVAAATGPVGATVGQIAKIKGCKVVGVAGGSEKCTHAVEKLGFDACIDHKADDFAEQLEKACDNGIDVYYENVGGKVFDAVLPLLNTAARVPLCGLVSQYNSTSLPDGPDRMGMLMGQLLTKRIKMQGFIIFDDYGHRYDEFAQDMQKWLQDGKVQYREHMVEGIENTISAFNDMLNGKNFGKTVVKINEPL,80.5,197,223,28.251,63,138,113,8,22,50.67,63,./fasta/GCF_005887295.1_ASM588729v1_genomic.fna
NZ_PNDL01000010.1,0..113789,tniQ,90577..93789,lcl|90577|93789|1|1,1,tr|A0A5S4FIA1|A0A5S4FIA1_9ACTN,2.86e-46,tr|A0A5S4FIA1|A0A5S4FIA1_9ACTN tniQ PLDc_2 domain-containing protein OS=Nonomuraea turkmeniaca OX=103838 GN=ETD86_18860 PE=4 SV=1,MLVYNALLSKLTARKQGVVLMQQIGIYEQLITQVIEQNLNRDQFYVGERQLESAEAATWLSRFLGKLVEHAINAIPNSNERLQEQISLANSLVLWLKDHIRDDELINENLIDSQGRILTALFNTQNPIAANLKDYSSDIFPLTGLTQSELFSGANAGISLETELKREIKSSDTIYWLVSFIKWTGLRIFKSELEAFTKSGNKLKVITTSYMGATDAKAVEFLANLPNTEVKLSYNNQQERLHAKSYLFMRNTGFHTGYIGSSNLSHSALTSGLEWNLKITAQETPHIIAKTKSTFETYWQSPDFELFTGKAECKEKLINSLNEQRGVGQSSSQFYFDITPKTHQLAILEKLSVERSVHNRFKNLVVAATGTGKTIISAFDFKAVYDKNPNAHFLFVAHREEILKQAQSAYRGVLRNNDFGELWVGNYKPQRYNHLFASIQTLNSQIGSLNLTHDYYDYIVIDEVHHVSAASYRAILNHFAPTILLGLTATPERQDGANILDDFCGVIAAEIRLPEAINQRHLCPFQYFGLDDDTDLSQITWRGGRYDISELSNLYTGENSRANKIISSLADIVTNVHNIKALAFCVSQKHAEFMASNFNLAGINADVLTSKNTNERATKQQALRQGEIQILCVVDIFNEGVDIPEVDTLLFLRPTESLTLFLQQLGRGLRLPDNSQKQCCTVLDFVGNARPEYDFASKFRALIGKSNQPIKTEIENNFPHLPLGCRIELQKHTQQTILKNIQQAINTKRRLQQLINSYSQHTNNALTLSNFLRINPQVTLEDIYKPKDKKLGGWHWLKGDEIPAEQADIYAAYYRAINTQLLGCNSLSYLCFLRHLCNNDFSFTPTAQNHQYALMAHYNFWDNTGTNLGFKTLEQSLQALKHKELQQELNQVITLLINRIHQQESDLACLPNHAIKLHSRYTRQQILAAFGAHSFDKKSTAREGVLEFKNQNLELLFVTLNKCEKTYSPTTLYHDYAISPTLFHWQTQNSARPEHGRGLSYIEHKKTGKTILLFVREQGKDENGRTMGFVNYGEVKYLSHNGSQPMNITWELTHPMPSEMWHEAGKLAVG,176,447,316,31.646,100,200,169,9,16,53.48,29,./fasta/GCF_005887295.1_ASM588729v1_genomic.fna
NZ_PNDL01000010.1,0..113789,csa5g,28756..30006,lcl|28756|30006|1|1,1,"gi|379004110|ref|YP_005259782.1|CAS-I-A|csa5gr11|SS,CASCADE",7.31e-05,"gi|379004110|ref|YP_005259782.1|CAS-I-A|csa5gr11|SS,CASCADE csa5g",MNDCLPGDTQVWQKVENILRETVASFGYQEIRFPIVESTDLFKRSIGEVTDIVEKEMYTFADRNGDMLTLRPEGTAVCVRAGNQNGLLYNQEQRLWYMGPMFRHERPQKGRYRQFHQFGLETFGIATADIDAEVILLTAQLWKAFGINEHVRLELNSLGSNEARADYRDALVAYLEQHTDVLDEDSKRRMYSNPLRVLDSKNPDVQAILVDAPKLSEHLDAESKEHFANLCERLDAAGVIYTVNEKLVRGLDYYNRTVFEWVTDSLGAQGTVCAGGRYDGLVEQLGGKATPAVGFAMGLERLVLLLQALECVGDIRRNADVYLAAMGDKASVQAPAIAAQLRSDVPGLRVMVHAGGGNFKKQLKRADKSDALVAVIIGEDELEKGVVTIKYLRERKEQVTLELEQAKALLAELINS,41.6,96,94,39.362,37,42,49,5,15,52.13,22,./fasta/GCF_005887295.1_ASM588729v1_genomic.fna
NZ_PNDL01000010.1,0..113789,cas3,58338..56410,lcl|58338|56410|2|-1,-1,gi|332797418|ref|YP_004458918.1|CAS-I|cas3|cas3,2.22e-05,gi|332797418|ref|YP_004458918.1|CAS-I|cas3|cas3 cas3,MTTPLIKSLEQHFGFSQFRAGQQQTIEQLLNGQSSLAIFPTGSGKSLCYQLTAIHLPNLTLVVSPLLALMKDQISFLNSKGIYAASLDSSQDQMQSSTVMNDVRNGKIKVLMVSVERFKNERFREFISQVALSMLVVDEAHCISEWGHNFRPDYLKLPRYREELNIPLVLLLTATATKKVKRDMSERFNIAPECIVQTGFYRANLDLSVLSVKTADKNTELTNIVRAQNGPGIVYVTLQQSAEQVANTLSAQGIQAVAYHAGLEDTLRWQIQDDFMAGKINVVVATIAFGMGVDKSDIRFVIHYDLPKSIENYSQEIGRAGRDGNPSNCYTLANLDGLNTVENFVYGDTPELSGIEYVINDIKSQPQQWEMQEYSLSSESNIRQLALKTLLVQLEMQGAITPQYAYYADFKYKFLVDKNELLSQFDDQRQAFLTQIFSHTDFKKIWGTLNFDTLTQAAQVDRKRVVAALDYLAEKNLVTLETKRITQVYKVHSEVINNPELAKQLHSYFIEKEQAEIKRIAALVRFFELQSCLSYNLARYFDDQNAPVQCGHCSVCRGNAVKLEYSIEPAHIADDVVYQKVDEFLAHMATKGIHSVGIETQCRFLAGMSVPLFARNKVRQLSGFALCEQMRYSDIKAKLLAR,46.2,108,335,21.791,73,213,134,13,49,40.00,48,./fasta/GCF_005887295.1_ASM588729v1_genomic.fna
NZ_PNDL01000010.1,0..113789,cas9,97040..95505,lcl|97040|95505|3|-1,-1,"gi|407692091|ref|YP_006816880.1|CAS-II-A,CAS-II-B,CAS-II-C|cas9|cas9",0.001,"gi|407692091|ref|YP_006816880.1|CAS-II-A,CAS-II-B,CAS-II-C|cas9|cas9 cas9",MISAMQQQLDFIAYIQRMLVEGDFSATYKFALLHAIADVCVEQPLLSEQSELVIELPTLADKLITLYWHHAMPFSSEHTGESALLKQNTGAQSKVISVLFECQQNNIRNFRQLKQSPFYKPTFNAAMATLKTGPLWRLQILAKQEECLLYPHTNSTQFITLNAGIASCFRRFYDLVVYLAKNAWLQKIQSIKHNQALIGPQSQLQEFLFGVDRNALTKAKPVLVELQSNTCFYCQKPMKNDVEVDHFIPFARYANDLGHNFVAAHRTCNNNKRDFLAAQQHRERWQNQNLVVNSQTISNELSAYFHCDADKSLAVSNWAYQVAQANSAKLWIANKDHFEQAKPTAELFTFPNAPQPELNQVAEPAISLKSNDEALKLPYFPNIKIACGHFKTGDSSDVEYLDAPLGAGKLDPNVHFLARASGNSMNGGKHPILDGDLLLLELITSDRAGSLRGQIVAIERDDISGDGQYLLRKVNKLPNGQYELIAQNPDYEVMIADESMRTFARFKQVVL,40.8,94,104,31.731,33,52,45,4,19,43.27,18,./fasta/GCF_005887295.1_ASM588729v1_genomic.fna
NZ_PNDL01000013.1,63762..104736,tnsA,83762..84736,lcl|83762|84736|2|1,1,UniRef50_A0A3N1KIY1,5.13e-07,UniRef50_A0A3N1KIY1 tnsA TnsA endonuclease-like protein n=17 Tax=Streptomyces TaxID=1883 RepID=A0A3N1KIY1_9ACTN,MANAAKLDKNTTDEKFDDTAVEETAALLEEVDNEEEIFAKEEVTKNLDATQLYLGEIGFSPLLSAEEEVFFARKSLRGCEASRKRMIESNLRLVVKIARRYNNRGLALLDLIEEGNLGLIRAVEKFDPERGFRFSTYATWWIRQTIERAIMNQTRTIRLPIHVVKELNVYLRTARELTQKLDHEPTAEEIAESLGRPVEDVTKMLRLNEKIASVDMPIGGENDSALLDIIADEKSAGPEGEVQNNDINKHIVDWLGELNPKQREVLARRFGLLGYEPSTLEDVGREIGLTRERVRQIQVEALRRLKDILQQEGLSTESLFDQFS,48.9,115,56,50.000,28,25,37,2,3,66.07,17,./fasta/GCF_005887295.1_ASM588729v1_genomic.fna
NZ_PNDL01000016.1,28135..111742,tniQ,49016..48135,lcl|49016|48135|3|-1,-1,tr|A0A0W7WYX0|A0A0W7WYX0_9ACTN,1.26e-05,tr|A0A0W7WYX0|A0A0W7WYX0_9ACTN tniQ HTH lysR-type domain-containing protein OS=Streptomyces silvensis OX=1765722 GN=AT728_13705 PE=4 SV=1,MQTPIRGLRSFCFAAKSLSFKHAAKELYLTPSAVSHQIKQLEEQLGIELFQRQTRSISLTAAGKNFFDAISPIIYTLENTINEFSQLQQNTNITITLPEFFASELLMPKLSEWTSEHPNINLQMDTLKTRKELTRHSDLSIVLSSSKPTEGLTTELFNLEYIPACNEKLLKQWKDDHCQALNQVPLILHKARPWAWHQWAEKAGIDDFSPTQIIQIDSMFGVARAAQQGIGISLIPLPISQSWFDEKWLYKLFQQPLTTKDKYYLVQHEANSPNPALDLFAKWVVSTFSNIQG,44.3,103,65,41.538,27,36,36,1,2,55.38,22,./fasta/GCF_005887295.1_ASM588729v1_genomic.fna
NZ_PNDL01000016.1,28135..111742,tniQ,87824..86835,lcl|87824|86835|3|-1,-1,tr|A0A2W1D0I8|A0A2W1D0I8_9PLEO,2.18e-09,tr|A0A2W1D0I8|A0A2W1D0I8_9PLEO tniQ Pectate lyase OS=Pyrenophora tritici-repentis OX=45151 GN=A1F97_07859 PE=3 SV=1,MSNSVKAIVITKDENYAAALSEVQQSDLPDQNVQLDVLYSTLNYKDGLAITGKGPVVRSFPMVPGIDLVGKVSETSTDEFTVGDNVILNGFGVGEKHWGGLAQKASLNSDWLIPLPAALSPKQAMQIGTAGYTAMLSVIALEKQGITPSDGEILVTGANGGVGSFAIYLLNQLGYNVTAATGRMEQSDYLKELGASQIISRDELSNPGKPLQKERFAGAIDSVGSHTLANICASLKYGGVVTACGLAQGMDLPASVAPFILRGVSLIGIDSVMRPKKDRVEAWDRLASLVKADYLDKISTEITLEQVIENAEQLMEGKIRGRVVVNCQS,55.8,133,319,24.451,78,204,140,15,37,43.89,91,./fasta/GCF_005887295.1_ASM588729v1_genomic.fna
NZ_PNDL01000016.1,28135..111742,tnsA,90924..91742,lcl|90924|91742|3|1,1,UniRef50_A0A1C6RKQ5,2.10e-05,"UniRef50_A0A1C6RKQ5 tnsA Murein DD-endopeptidase MepM and murein hydrolase activator NlpD, contain LysM domain n=2 Tax=Micromonospora inyonensis TaxID=47866 RepID=A0A1C6RKQ5_9ACTN",MLKTLLATALVTTTSFSALALELKGHLTQGGLVTGKLENVKSVSLDGKTLKLSDSGDFVFGFGRDAKAKHVLTWVDNNGKTHTQDLMITKRDYKIDKITGVAKKYVSPPKEVSARISREAQAIRKARAVNSDLQYFLEPVLKPAQGRISGVYGSQRYFNGEPRRPHFGLDIANKTGSPVYAPISGTVVFADPDLYYSGGTLIIDHGHGVTSTYIHLSKLDVKVGDTISQGDKVAEIGATGRVTGPHLDWRFNWEGERLDPALLMQDKLANKK,43.5,101,155,26.452,41,78,64,5,36,41.29,47,./fasta/GCF_005887295.1_ASM588729v1_genomic.fna
NZ_PNDL01000016.1,28135..111742,DEDDh,35302..36006,lcl|35302|36006|1|1,1,gi|452943617|ref|YP_007499782.1|CAS-I|DEDDh|DEDDh,1.24e-06,gi|452943617|ref|YP_007499782.1|CAS-I|DEDDh|DEDDh DEDDh,MAKQSYFDWQAHYKTLANNAKNEHLKAFYQHAYGETHTPIKDISFVALDFETTGLNSEVDDIVSIGLVPFTMQRVYCTHAKHWVVQPRKSLSEESIVIHGITHSEVDDAPDLTSRLGPLLNALSGKVVVVHYAAIERHFLNNALLTRINEGIQFALVDTMEIEQRALRARQGLIGRLFNQKVGSLRLTDCRSRYSLPAYHNHNALTDALATAELLIAQLQYHYRDDTPLAELLS,46.2,108,172,22.093,38,120,75,2,14,43.60,74,./fasta/GCF_005887295.1_ASM588729v1_genomic.fna
NZ_PNDL01000016.1,28135..111742,casR,57709..57275,lcl|57709|57275|1|-1,-1,gi|333910097|ref|YP_004483830.1|CAS-I|casR|CARF,0.002,gi|333910097|ref|YP_004483830.1|CAS-I|casR|CARF casR,MKPDNQTNFASSAKAPSSNDQTFSISDLAKEFDITTRSIRFYEDQGLVSPERNGQTRIYSKRDKVRLKLILRGKRLGFTLAETGRLFELYDADKSSAKQLVTMLDLIAEKKADLSQQMDDIKVVLMELVTAERRCRDTLNKIDE,35.4,80,60,36.667,22,33,34,2,5,56.67,39,./fasta/GCF_005887295.1_ASM588729v1_genomic.fna
NZ_PNDL01000016.1,119782..154645,tniQ,140264..139782,lcl|140264|139782|3|-1,-1,tr|A0A417XIF4|A0A417XIF4_9CLOT,9.69e-06,tr|A0A417XIF4|A0A417XIF4_9CLOT tniQ GNAT family N-acetyltransferase OS=Clostridium sp. OF09-10 OX=2292309 GN=DXA91_00825 PE=4 SV=1,MFKTTQLERVTLRLITHKHAPQLFSILNHPQVSEFNDYQTPLSKCQIKQLIQDDITAYYEGEVIRVAIEHNINGKLMGTCGLYNLSPCKSRAFIGFELDPMYWDKGIMFEVITGFVKTLKQAIPLNYLAAQVSAHNARSHNLLVKLGFSLGEHSIWYKHV,41.6,96,75,33.333,25,46,36,2,4,48.00,46,./fasta/GCF_005887295.1_ASM588729v1_genomic.fna
NZ_PNDL01000017.1,30787..72904,tniQ,52904..50787,lcl|52904|50787|1|-1,-1,tr|A0A521PFI8|A0A521PFI8_9CAUL,6.21e-04,tr|A0A521PFI8|A0A521PFI8_9CAUL tniQ Uncharacterized protein OS=Phenylobacterium sp. OX=1871053 GN=EPO51_22900 PE=4 SV=1,MINCLHCYFLYGFVVSLSEFSSQSLARFPVAKKQPYQLTMHNKTRTDNYYWMRDDERENPEILAHLAAENTYCDEQLAAIKPLQSSVFEELKGRIVKDDNTVPVKDGKYWYHSEVRGDDEYSRHFRSISINTDNKQLLLDVNALAQNHEFYELGEVALSPCEQLMAYSEDTEGRRIYSVHFKNLQTGEMLSDVLENTEGQIVWANDNKTVFYVKKDLQTLLGFQVFRHELGTAQSQDVMVYEEHDKSFFMGLGKSRDESLIIIDLATTETNDTWVLDANNPQGEFYALLPREEGHEFDIDKHGDTYYIVTNWQAKNFRLMTATSETIADKTQWQEHTAHREHVLLEGVEIFDDFLVLTEREQGQARFVVINQAQERMALEFSDPCYYAAVAMNPEPQARSVRIYYSSLTTPGTLYDVDLATGKKTLLKQQQVLGGFDSALYASERLFVTARDGVQVPVSLVYRKDTFTKDGTNPLFQYGYGAYGYTIDPSFSSTSLSLLDRGFVYAIAHVRGSEMLGRHWYEQGKKEHKQNSFSDFIDITKALVEQGYGDKNKVFASGGSAGGLLMGAVLNQAPGLYLGVGCHVPFLDVLTTMLDESIPLTTNEYDEWGNPNDEHFYDVIAAYSPYDNISAQDYPHILVTTGLHDSQVQYWEPMKWVAKMRELKTDNNILVFKTDMDAGHGGASGRFKSLEEKALEMAFFIALIN,40.4,93,89,29.213,26,50,41,3,13,46.07,11,./fasta/GCF_005887295.1_ASM588729v1_genomic.fna
NZ_PNDL01000017.1,76655..132233,tnsA,96655..97404,lcl|96655|97404|1|1,1,UniRef50_A0A3M5N9X7,4.09e-10,UniRef50_A0A3M5N9X7 tnsA HTH gntR-type domain-containing protein n=380 Tax=Bacteria TaxID=2 RepID=A0A3M5N9X7_PSEAZ,MSNSMFDHKLSGPSLAFQPLYLQVADYIKQLIVERRWVPGEVLPSEFRLAEEFNVSQGTVRKALNLLTDDKIVTRRQGVGTFVSEHTAQDALFRFFPLQADGKGADLPKAELLSVELCPAPQDVIDALQLNKKDKVTKLVRRRILDNEFCMSETIYLPQSFFPDIHQSSDIPHTLYHYYQTKFNQTVHKTQDSIKAVLADETDAKMLAIKAGDPLLLVSRITESIEGKRIEYRLSKCRSDHYHYQIELD,56.2,134,99,37.374,37,57,59,4,5,59.60,40,./fasta/GCF_005887295.1_ASM588729v1_genomic.fna
NZ_PNDL01000017.1,76655..132233,tnsD,117829..116327,lcl|117829|116327|2|-1,-1,UniRef90_A0A1Q6CM96,4.03e-141,UniRef90_A0A1Q6CM96 tnsD TnsD domain-containing protein n=1 Tax=Thalassotalea sp. PP2-459 TaxID=1742724 RepID=A0A1Q6CM96_9GAMM,MLNIPYPLPDELVCSVIARAQRRLGIHSPKFANEYLLSNRNIIATPDLPSQLGLFSNQLEYQPVTSIDLAYRHTLLPLYAPFIEEERRQKCLMWMKRKCDGNVHFTVGCAASRLNKPEFLRYCPYCAKEQIKEHGEAYWLRIHQIPSIHICIKHQSSLSNVNKRVQKIHRHAFQTLRTQEELSISEATSAHVEVQARIEKHVSVLLNLAPATSPSFNQWSNFYQSVLHEKGYGKGQYVCFDKVMEQVVSRWPINWLKKESLWLLNKQSSWLHSIIRKHRKSFSFLEHIVLLDTIYEGAWSMDSILKQVPSTEEIPNSTHIYMSPLDDSVVHINKSKWLNLVKRYGTKLARINGGGAIYTWLYRYHNKWLLKTNSHYQRPIQYKNNRVNWQARDWRIVRAMYRILYDSEADLDCPRRSALWFIHQLEHSATVQKQLAKLPLTAAFLERYAEDTADYQIRRLTRTLSKYSSQMPPVWRLFRESGLSDERITAQAREFIECVL,413,1061,504,43.849,221,269,303,6,14,60.12,100,./fasta/GCF_005887295.1_ASM588729v1_genomic.fna
NZ_PNDL01000017.1,76655..132233,tnsC,119426..117852,lcl|119426|117852|1|-1,-1,UniRef100_F9ZUI1,6.15e-34,UniRef100_F9ZUI1 tnsC Transposon Tn7 transposition protein TnsC n=1 Tax=Acidithiobacillus caldus (strain SM-1) TaxID=990288 RepID=F9ZUI1_ACICS,MNEIFHNTEQGNLFGNPPVKLPSALIDIETNPLIQKLPKLTGAAILDSLQSRIHHIPDVESLADMDLQDREQFIRLVLTDFYHPSAQFVDLTRRLLSMIARGYSTKSMKYYSGHESSHRNSISNLLVLSHPQNGVTCTLERALYAIPQRVEHLEHQSTQVCYIRLDATSCSSPQSFYQALIRQFATVLQSQQLERSLLLLGERKLKDHVRALMKVNLLGMLVIDGINCIDKRQFINKVMPAVTELLNECKVPLVLAGRASALEHLLFNNDQLGNSANFDVFSWNPLKLEWNEQRQLKVASLENWHNFARDLWNKQLLSDKESFTEEKSLKLLELSGGLMGLASRIFSETLVTAMYAKRDETTLKMFDAVADKLVKHLKPMTTAIQSNDIELMAKYDDLMMPGMEELLIEFRKTKARKRNLSYFSAPRAEHKVLLFNMLTQSSIGKNLARKAVLAIFLEHPDMVISDMVTAAKEWIFSMDSKPAKNTGRNANRRKELTQEENEELDELLHSTWCMDMMREQQFLD,133,334,488,24.385,119,328,215,13,41,44.06,87,./fasta/GCF_005887295.1_ASM588729v1_genomic.fna
NZ_PNDL01000017.1,76655..132233,tnsB,121521..119419,lcl|121521|119419|3|-1,-1,UniRef100_A0A124F670,1.87e-137,"UniRef100_A0A124F670 tnsB Transposon Tn7 transposition protein, TnsB n=3 Tax=Gammaproteobacteria TaxID=1236 RepID=A0A124F670_9GAMM",MILRKNAVYEVEGARQRVVSVLSARLVLFNIDDPEKSLPYLYCKDTFIDLLNEEIITQVDDPFAQLALKPVEPGSKTEIKRDDRFQVIRALVQHDRFYDPVVRGKLVAQSKNEFGRGEKFIYKWFRRYFERGCVKNALLGDYEACGVAERRYKDKTGRPGKGTRHSEAIIQDEVEEIVRSVIKAHYLDNSKTIPQIYKHLRTILFDPPHCFPGSHIPSRAQFRNFIKKHYSDVGSQLSRLSKKVQNNDAQPITSTAIANVNGPGSRYEFDATIVDIYLTSDYDPSRVLGRPTLYLVVCTYSRMIAGYYIGFEEPSYHAAMQALISAMSDSKIKRAHDLGLDWVTADIWPTIGLCEAIAADRGELMADQMEYLQGQRGISLETPGPYKAVFRPIGERYFGIVQGGFKGQVDGVVVGSNVKKRGDLDYVENANMSLAAFERILIALIVHHNQFGDLKRTDLPATYPDEVALKPLNIWQWGQENCTGYMQQIDEVELKVALLPKKEATLSNYGLNIYGLFYRCRTFEELGWFHRKGIGVSKRPNKLTVAYDPRCMDRIYIVISEHNDKPLVAELSEKSESWRGQSLHEIKLRKSVRAITDEDTKDSEDQSLSNLQRLFDETNKTQRDAKKNSTPIGMSKTERKRGIENNRAEALQAERANNPLITSPDEQGVIYTERHTPSESTDDFEDPDILEQLQQRSCYE,417,1073,660,38.182,252,391,359,11,17,54.39,93,./fasta/GCF_005887295.1_ASM588729v1_genomic.fna
NZ_PNDL01000017.1,76655..132233,tnsA,122348..121518,lcl|122348|121518|1|-1,-1,UniRef50_A0A350NZB1,4.05e-132,UniRef50_A0A350NZB1 tnsA Tn7_Tnp_TnsA_N domain-containing protein n=3 Tax=Alteromonas TaxID=226 RepID=A0A350NZB1_9ALTE,MANYVQNTRKYQKWVKEGRGQGRNEDYKPWLHVREVPSHGLSVRMPSLKAGRVLQLFSLNEFFPALLAEHHPNVVDIREQFPLDPEKTRAIANQKNFAHSLSQDGDMVMTSDLLIDYAGWRVPRIVIQAKPLEEAEQNEATRRKLIIEKAYWDSKNVPFYVFHDQMFPRDVRKNLNWMLNPLWRTTPHERLLYLANYYAEAFKRYPNDLLGHIATRLNSQLAENDPRYSAPATCFTEIRELIAKQYLRFDLRKKIVYLRGHDIFLDHRILELKEAA,370,949,188,93.085,175,13,179,0,0,95.21,68,./fasta/GCF_005887295.1_ASM588729v1_genomic.fna
NZ_PNDL01000017.1,76655..132233,cas3,112464..111166,lcl|112464|111166|3|-1,-1,gi|325968907|ref|YP_004245099.1|CAS-I|cas3|cas3,7.77e-08,gi|325968907|ref|YP_004245099.1|CAS-I|cas3|cas3 cas3,MTSATSPSTFNDLGLIPELQARLTDLEYNQPTPIQAKAIPSVLAGSDLIAGANTGSGKTATFALPMLQKLFLEQGVKKAASKGNFVTGLILVPTRELATQMADSVKSYSANFNGAIKTVAVFGGVSVNTQMQALRGGADIIVATPGRLLDLISSNAIKLDKVTTLVLDEADRMLSLGFTEELAELLALMPAKKQTMLFSATFPEQVTQLTQELLTNPVEIQVQSKDESTLVQRVFTVNKGEKTTVLAHLIKAHKWRQALIFVNAKKDSEHLAGKLEKRGINAQVFHGDKGQSERTRVIEKFKAGEIEVLIATDIAARGLDIAKLPVVINFNLPRSPADYMHRIGRSGRAGEVGLALSLIDYEDFHHFKIIEKKNKLRLEREEVTGFAVNQANLDAAQSLKNEKPMAKPAGTGKKKKKNKADVEDVWSGWRKR,53.1,126,230,25.217,58,147,102,8,25,44.35,49,./fasta/GCF_005887295.1_ASM588729v1_genomic.fna
NZ_PNDL01000018.1,2905..44857,tniQ,22905..24857,lcl|22905|24857|3|1,1,tr|A0A444K107|A0A444K107_9RHIZ,5.37e-136,tr|A0A444K107|A0A444K107_9RHIZ tniQ Uncharacterized protein (Fragment) OS=Mesorhizobium sp. M4B.F.Ca.ET.089.01.1.1 OX=2496662 GN=EN780_35465 PE=4 SV=1,MSNTTNKSTRRETRAAASDYIYNLTGQPFPSSQKVYVEGSQSGVRVGMREITLSDTFIGGDEQNPVYEPNDPLRVYDTSGPYTDPNFELDVRKGLPKFRDQWIKERNDTEVLDSVTSQFAQQRMADDGLDHIRFDHLPKIRRGKAGKNVTQMHYARQGIITPEMEYVAIRENMGRAQIREELLAAQHKGESFGASIPDFITPEFVRDEIARGRAILPNNINHPETEPMIVGRNFLVKVNANIGNSSVSSSIEEEVEKMVWSTRWGADTVMDLSTGRYIHETREWVVRNSPVPIGTVPIYQALEKVNGVAEDLTWEIFRDTLIEQAEQGVDYFTIHAGVLLRYVPMTAKRVTGIVSRGGSIMAKWCLAHHKENFLYTHFEDICEILKQYDVCFSLGDGLRPGSIADANDEAQFSELRTLGELTKIAWKHDVQVFIEGPGHVPMHMIKANMDEQLEHCGEAPFYTLGPLTTDIAPGYDHITSGIGAAQIAWYGCAMLCYVTPKEHLGLPNKEDVKEGLITYKIAAHAADLAKGHPGAQERDNALSKARFEFRWHDQFNIGLDPERAREYHDETLPQESGKVAHFCSMCGPKFCSMKITQEVRDYAKDLESRGIDPNNVGDAIEIKMVDVEAQMKAKSEEFKQTGSEIYHKAI,398,1023,227,80.617,183,44,202,0,0,88.99,35,./fasta/GCF_005887295.1_ASM588729v1_genomic.fna
NZ_PNDL01000018.1,51630..92592,tnsA,71630..72592,lcl|71630|72592|2|1,1,UniRef50_C1B711,3.50e-36,UniRef50_C1B711 tnsA Putative ribonuclease n=294 RepID=C1B711_RHOOB,MSKPKRGQHAEQPVHIPVIGWWDIAKRIFKQMSQDNLSLVAAGVAFYALLAIFPAIAAMVSVYAYFSSPTDISEHLSKIVTLLPQSTSDLILSQVSSLAQTSNASLSLSAIGTLILTIWSSSKGSQALITACNISYHEYEKRSFFHAQLVRFLFSVGAILVAIFALLIIGILPIVLNLVGLKESIDLLIKLISWPLLAFMFNFALVLLYRYAPHRKPAKWRWITLGSCIATVLWILASIGFSFYVSHFASYNETYGSLGGVVIMLMWLYISAYIITLGAVINAATEQQTAKDSTKGPAKERGKRGAYVADHLDVDEPTNS,131,330,290,29.655,86,197,156,4,7,53.79,89,./fasta/GCF_005887295.1_ASM588729v1_genomic.fna
NZ_PNDL01000019.1,53727..126242,tniQ,73727..74164,lcl|73727|74164|2|1,1,tr|A0A417XIF4|A0A417XIF4_9CLOT,1.69e-07,tr|A0A417XIF4|A0A417XIF4_9CLOT tniQ GNAT family N-acetyltransferase OS=Clostridium sp. OF09-10 OX=2292309 GN=DXA91_00825 PE=4 SV=1,MLLTLVNQPNFIKYIGDKAIYTHSDAKRYIEQSFRASHKHQGFGPYIITLHNGEVVGVVGFYKRDVLQLPDLGFALLTRYEKNGYIFEAAKALLQNRHTLGIKQVSAICAANNTASQCVLLKLGFNRVGKAVINNDKTAVIIYGY,45.8,107,88,35.227,31,47,50,4,10,56.82,57,./fasta/GCF_005887295.1_ASM588729v1_genomic.fna
NZ_PNDL01000019.1,53727..126242,tniQ,81689..82831,lcl|81689|82831|2|1,1,tr|A0A2Z2Q2H1|A0A2Z2Q2H1_RHIRD,5.29e-04,tr|A0A2Z2Q2H1|A0A2Z2Q2H1_RHIRD tniQ Uncharacterized protein OS=Rhizobium radiobacter OX=358 PE=4 SV=1,MSKRDYYEVLGVSKDASERDIKKAYKRLAMKYHPDRTAGDKDLETKFKEVKEAYEILTDDQKRQMYDQYGHAAFEQGGGGGHGGFGGGGQGDFGDIFGDVFGDIFGGGGGRRQSRQQRGSDLRYNMDLSLEEAVRGKEVEIKVPTWVSCKPCDGSGAKAGSKPKTCTTCHGAGQVQMRQGFFAVQQTCPTCQGQGQIISDPCDKCHGQGRVEKTKTLSVKIPAGVDTGDRIRLTGEGEAGMHGAPAGDLYVQVSVREHPIFVRDANNLYCEVPISFTTAGLGGEIEVPTLDGRAKLKIPSETQTGKMFRMRGKGVKSVRSGAQGDLICKVVIETPVNLNERQRELLKELDESMGKDSSKNRPKEQGFFDGVKKFFDDLTK,39.7,91,80,26.250,21,56,30,1,3,37.50,20,./fasta/GCF_005887295.1_ASM588729v1_genomic.fna
NZ_PNDL01000019.1,53727..126242,tniQ,99348..98410,lcl|99348|98410|1|-1,-1,tr|A0A1N1MBJ4|A0A1N1MBJ4_9MYCO,7.02e-04,"tr|A0A1N1MBJ4|A0A1N1MBJ4_9MYCO tniQ Regulatory helix-turn-helix protein, lysR family OS=Mycobacteroides abscessus subsp. abscessus OX=1185650 GN=SAMEA2149858_03031 PE=4 SV=1",MDTTSRLLMLLEVVEQGSFAKAAEIRNIDRSVISKQISRLEDELAVRLLNRTTRSFSLTAAGAEMIKKASELRELLGETVRMAENYHLEPRGVLKVTSSTLIGRRYLQPVLNDFQKRFPQVEVELRLDDRLVDIVSEGFDLAFRIGEPKDSSLIARKIARNRLLIVAAPEFIKTYGMPQTIEELVQLPAASYASNAMRVETIDYYDSKGEPCELKIKSVYRANDAEVLLMKAISGTTYFVAPAFIIDKEITQGQLVPILTDVKLKEFSHMYAVYPHRDLPVRTRLFFDAVREYLGKDKPIWENNIPNFEQMY,39.3,90,64,35.938,23,39,35,1,2,54.69,20,./fasta/GCF_005887295.1_ASM588729v1_genomic.fna
NZ_PNDL01000019.1,53727..126242,tniQ,105214..106242,lcl|105214|106242|1|1,1,tr|A0A2W1D0I8|A0A2W1D0I8_9PLEO,3.08e-13,tr|A0A2W1D0I8|A0A2W1D0I8_9PLEO tniQ Pectate lyase OS=Pyrenophora tritici-repentis OX=45151 GN=A1F97_07859 PE=3 SV=1,MSNTELSHQGSPLQTMRAIVLSQPDEQIRLQDVEVDIPECADNELLVKLEYVGLNPADAYFAKTGFCKWQYPHILGLDAVGVVVKANKGVFPGVGERVMWHANIGKQGVLSEYTTVPNFAVSVVPDGLCPAKAATLPCAGMAALISLDKIAITEGDQILIEGGSGAVGQFAIQYAKQRGADVFTTASKRNHKLVKQLGVDVVFDYNDKKLRDKIRRELGPQGFDAVIDTMGGESTLRNIELMRFCGRIACLNSLPHFDQDLMYHRAPNISVVSIGGAWLANSLCAQQRLSFMGNLLLEGALSGDIKTPAITAVDFTADSVSAALNNQIAGGFTGKHVVQISS,67.8,164,327,24.771,81,218,145,12,28,44.34,91,./fasta/GCF_005887295.1_ASM588729v1_genomic.fna
NZ_PNDL01000019.1,53727..126242,casR,58629..59054,lcl|58629|59054|3|1,1,gi|126458891|ref|YP_001055169.1|CAS-I|casR|CARF,1.95e-04,gi|126458891|ref|YP_001055169.1|CAS-I|casR|CARF casR,MEIDLEQFLPYQLNQMANLISDDFARVYQQKYNLTIPQWRVLANLAQYGKSNAKDLCTQANMDKSTVSRAIKSLLQRGYVEAQLNQQDKRVTQVMLNEPGNAIYKLIARDAQNWEAQLAEKFSKQQQVQLLNLLKELKEAL,38.5,88,84,34.524,29,45,41,2,10,48.81,52,./fasta/GCF_005887295.1_ASM588729v1_genomic.fna
NZ_PNDL01000019.1,242495..264249,tniQ,263334..262495,lcl|263334|262495|1|-1,-1,tr|A0A0W7WYX0|A0A0W7WYX0_9ACTN,1.29e-04,tr|A0A0W7WYX0|A0A0W7WYX0_9ACTN tniQ HTH lysR-type domain-containing protein OS=Streptomyces silvensis OX=1765722 GN=AT728_13705 PE=4 SV=1,MINYLRHMAIFAKVVAGGSFRIAAKELGIAPSRVSHSVSDLEQFLGVTLLHRTTRKLSLTPEGEKFYAHVENITKHAEAGLNEINSVGDEPIGSLKISLPAFLASSEISAAIAEFVQTYPKVNLSLNYTDQVINIMDEGLDLSIRVGWLEDSSLMARKIGESKRFLVASSKYASRHQPPTHPNDLKQWDWVHFSMRGSTVDFTSPNGEVVCICEKSRVNVNSALAISHFVSENLGLGILPENLVKKQLAQEELIHILPNWHSSRLVTMRYGQIMHAEKT,41.2,95,58,41.379,24,32,33,1,2,56.90,20,./fasta/GCF_005887295.1_ASM588729v1_genomic.fna
NZ_PNDL01000019.1,242495..264249,DinG,251818..253644,lcl|251818|253644|1|1,1,gi|386313924|ref|YP_006010089.1|CAS-IV|DinG|DinG,0.0,gi|386313924|ref|YP_006010089.1|CAS-IV|DinG|DinG DinG,MAVAVNDALKNSTQLVVEAGTGTGKTFAYLAPALKSKGKTIISTGSKALQEQLYHRDLPQLVKALNASKKTALLKGRANYLCTYRLNQHVAHVPTDDPDVMHQLAMVAKFASETHSGDLADCIGIEEDAKVLPYVNSTADNCLGKECPDFQSCYIRKARLNAAEADVVVINHHLFFADMAVKDSGFAELMPTADAYIFDEAHQLSEIASDYFGESISTKKLVDLINDLRAIYRAEIPDMLQLGKSLNKLETSVADLRLQFGVDGSRGDWREKLSDKLICAALHRVISDLDFVYQVLKLCLERSDKIEHPFERTLAFKGQLERVFDTAQTGFSYWYETTRRYLTVNITPLNVSAKFAQMMKDTGAGFVFTSATLSVDNKLDHFNASLGITPAQSMMVDSPFDYPNQALLCLPRYLPESHAENMPHAIIKLTLELIKSAKGRCFVLFTSYRMMHLVAEGLTTQMDYPVYMQGQMSKRIILEKFTRHGNAVLLGTASFWEGVDVRGSTLSCVIIDKLPFAAPDDPLLQAKMQDCQMQGKDPFAHIQLPQAVIALKQGVGRLIRDNKDKGVLVICDNRLVTRQYGQVFLKSLPPMRRTRSLEDANTFLKHIN,536,1380,608,44.408,270,335,380,3,3,62.50,99,./fasta/GCF_005887295.1_ASM588729v1_genomic.fna
NZ_PNDL01000002.1,35872..61606,tniQ,55872..56807,lcl|55872|56807|3|1,1,tr|B5GZK9|B5GZK9_STRCL,2.62e-04,tr|B5GZK9|B5GZK9_STRCL tniQ Uncharacterized protein OS=Streptomyces clavuligerus OX=1901 GN=SCLAV_p0400 PE=4 SV=1,MLLEDLQVILKVAEFKSITAAASNLDMRTATASAAVKRVEQALGFELFIRTTRHLRLSAAGERYIPQCQQALAMLEQAKNTLKSDDDIIDGELRIALSSDLGRNIVIPWLDEFMQTHTQLSLRANISDSNIDFYRDSVDIALRYGKPNDASMYGFKICDVPRILCAAQSYLDTHGTPAHPHDLTEHKGLFYQLQDIIKDVWVFSDASEEFKVKLHGGHAANDGDLVRRWCVSGKGLAVKSCLDMSNDLLAGNVISVMPSFKPTPTELWLVCPSRQSITPAVRLLRDAFREKSAGILKALIAKGIIDKSVLG,40.4,93,74,28.378,21,53,43,0,0,58.11,24,./fasta/GCF_005887295.1_ASM588729v1_genomic.fna
NZ_PNDL01000021.1,0..35073,tniQ,15073..14537,lcl|15073|14537|2|-1,-1,tr|A0A417XIF4|A0A417XIF4_9CLOT,3.38e-06,tr|A0A417XIF4|A0A417XIF4_9CLOT tniQ GNAT family N-acetyltransferase OS=Clostridium sp. OF09-10 OX=2292309 GN=DXA91_00825 PE=4 SV=1,MNTPVTTRLNFKLMNEHDWPLLHELDQDPAVMKYINRGTPSTLKQIKEIGIPRMLAYKNANKGWGLWKITLKKEDFFIGWVLIRPMHFFTQTPDFTNIEIGWRFKQSSWGQGYATEAASALCNALKMQPEIKTLSAMALADNKASISVMQKLGFTWVKNYIHTDEQGDLDAVLYAKAL,43.1,100,93,32.258,30,56,40,1,7,43.01,52,./fasta/GCF_005887295.1_ASM588729v1_genomic.fna
NZ_PNDL01000021.1,0..35073,cas2,9171..8479,lcl|9171|8479|3|-1,-1,gi|104773929|ref|YP_618909.1|CAS-I-E|cas2|cas2,1.39e-05,gi|104773929|ref|YP_618909.1|CAS-I-E|cas2|cas2 cas2,MANTEQTLFAQRFRGFFPVVIDVETAGFNKETDALLEIAVSILKMDDEGLLSIDHTVHFHVEPFEGANIEQAAIEFNGIDPFSPLRGAVPEDEAIKEICKAVRKAQKAAGCQRSVVVAHNAAFDHGFLNAAIERNNIKRTPFHPFVSFDTTSLAGLALGQTVLAKACRAAGIEFDNSQAHSALYDTERTAELYCLIVNRWQELGGWPLAPLPESDAQETENTEEDTKTTE,43.9,102,198,29.293,58,101,81,10,39,40.91,83,./fasta/GCF_005887295.1_ASM588729v1_genomic.fna
NZ_PNDL01000022.1,11210..52523,tnsA,31210..32523,lcl|31210|32523|1|1,1,UniRef50_A0A1C6RKQ5,4.43e-11,"UniRef50_A0A1C6RKQ5 tnsA Murein DD-endopeptidase MepM and murein hydrolase activator NlpD, contain LysM domain n=2 Tax=Micromonospora inyonensis TaxID=47866 RepID=A0A1C6RKQ5_9ACTN",MVHVVNTLPKKHKLLILGLVSAIVGLAFLPSEKATASKDNSANALEIGKRYELQVKVEDNEKLTELNSPEAAEKLPEYDLVDHQVKNGDNLAIIFKRAGFSAQTLHKLINTNAETRKLTKIHPGEILSFATAENGDLAQLRYVISKTDTLFVTLNDEGNYDTSIDSKEIETLSKTAGGEISSSFWTSAIAAGLSERQIMNFADIFGWDVDFANDIRKGDQFGLIYESHYVDGEFIGTGKIIAAEFINQGQRYAAIRHTDGSFYTPEGRSMKKAFLRAPVNFKYISSSFNPRRLHPVTGQVRAHRGIDYAARTGTPVVASGNGKVIKAGYSKYNGNYVFISHGTQYVTKYLHLNKKLVKTGQKVKQGDKIGTVGSTGRVTGAHLHYEFLVNGVHRNPKTVKLPKSEPLPRSELAKFKPIAENFIAQLERNRELQLALK,62.8,151,96,38.542,37,55,49,2,4,51.04,22,./fasta/GCF_005887295.1_ASM588729v1_genomic.fna
NZ_PNDL01000022.1,62357..103361,tnsA,83361..82357,lcl|83361|82357|2|-1,-1,UniRef50_A0A2D2C3Y7,8.94e-14,UniRef50_A0A2D2C3Y7 tnsA Tn7_Tnp_TnsA_N domain-containing protein n=4 Tax=Paracoccus TaxID=265 RepID=A0A2D2C3Y7_9RHOB,MDITKINQWTIFIAAVLIALGSLFSALSFGAADTPLSDVLTGILSAGEGSFNARIIYELRLPRTLLAFMAGAGLAIAGLILQTVTRNPLADPYLFGISSGASFGVVLLMAVAGISSGFMLSAAALLGSFLAMGLLILIAGRQKRSQVESMLLAGVALSFLFSAFTSLLLYWSDPQAVAGILFWTLGSFARAQWATLWLPCVVIVVCISFMLSFKRQLNALLLGDESAITLGVRVHRFRILMLVLSSLITAVLVALCGGIGFVGLMVPHIVRFFISQGSTAGLLITSLVGGTFMVWVDVLSRSLLKNQELPVGVITAAMGSVFFLSLLFFRKTKA,68.2,165,98,41.837,41,56,61,1,1,62.24,29,./fasta/GCF_005887295.1_ASM588729v1_genomic.fna
NZ_PNDL01000022.1,62357..103361,cas3,72482..73711,lcl|72482|73711|2|1,1,gi|435853692|ref|YP_007315011.1|CAS-I|cas3|cas3,5.24e-08,gi|435853692|ref|YP_007315011.1|CAS-I|cas3|cas3 cas3,MQFSEFDLDTKLLNAIDKMGYETPTSIQQQAIPEALQGRDILASAPTGTGKTAAFLIPAIQYLMDFPRRDPGFARVLIMTPTRELAYQIHEQCELLAKGTHLKIGVVTGGINYGTHKEIFENNNDILIATPGRLMEYLETENFHAENVEMLILDEADRMLDMGFRKEMLRICDEAKNRRQCFLFSATLEGDSVELFAERILNDPALLEAESSRKEKAKIHQWVHLADDYHHKLELLVNTLNGPDVSKAIVFVKTRERLETLIGELTNNGVKAAWLRGEMPQDKRMKAMENFHSGKTRILIATDVAARGIDVSDISHVINFDMPRTADVYVHRIGRTGRAGKKGIAISLVEAHDIGILYKVERYTEQKLKRRIIKGLEPQHKEAKPPAKKRKDPVKMKAKKKAKAKIKKK,53.9,128,359,25.627,92,210,150,18,57,41.78,78,./fasta/GCF_005887295.1_ASM588729v1_genomic.fna
NZ_PNDL01000022.1,62357..103361,cas3,89953..91776,lcl|89953|91776|1|1,1,gi|307595798|ref|YP_003902115.1|CAS-I|cas3|cas3,2.84e-05,gi|307595798|ref|YP_003902115.1|CAS-I|cas3|cas3 cas3,MNTLTPTPSTLVRKPDTVLKQVFGYSEFRDGQKAVIDAAINGQDSLVLLPTGGGKSVCYQVPALVLEGVTVVISPLISLMQDQVTQLQALGVKAAYINNSLAREEQQLVYQQLHQGLIKLLYVAPEKVLQHEFTERLSHLNISLFAIDEAHCVSHWGHDFRPHYFRLNELKQRFSHVPMMALTATADKATRFDIVEQLKLQQPYIHTGSFDRPNIRYTIEEKFKPMAQLLRYLKEQKNQSGIIYCTSRKRVDDIAEKLADAGLNAAAYHAGMSNEQRQFVQTGFARDDIQIVVATVAFGMGINKPNVRFVLHYDIPKSIEAYYQETGRAGRDGLAAEAIMYFDPADIGRVRRFFEDIDDEQRRRVEEQRFNAMASFAEAQTCRRQILLNYFSEYKREQCGNCDICINPPKSFDGTLVAQQALSCVYRAGQRFGLGYIVELLRGANTSRIRDNNHHELSTYGIGKDKSSEFWLSILRQLIHQGLLSQDITQGASLRLTEAARAVLKSEYALQLAEPRLQAKHVYQDKLAQFNYDKKLFARLRALRKELADADDVPPYVVFNDKTLAEMAQLMPTNDSEFLKVSGVGFTKLNKYGGEFLTAIRNYLASN,45.8,107,46,50.000,23,22,30,1,1,65.22,8,./fasta/GCF_005887295.1_ASM588729v1_genomic.fna
NZ_PNDL01000026.1,0..22285,tnsA,2285..1656,lcl|2285|1656|3|-1,-1,UniRef50_A0A0M9UIE8,6.86e-108,UniRef50_A0A0M9UIE8 tnsA Tn7_Tnp_TnsA_N domain-containing protein n=43 RepID=A0A0M9UIE8_9GAMM,MYRRKLKHSRVKNLHKFASQKNKSTCLVESSLEFDACFHFEFSPSIAAFEAQPLGYEYEFDNRTCRYTPDFLLTHTDGTQKFIEVKPQSKIADEDFRARFIEKQAIAKQDGRDLILVTDKQIRVYPTLNNLKLLHRYSGFQSLTELQASVLELVKQYGSIKVGQLVSFLKVTAGELLATVLRLLSLGQLFADLTTNEISIETAIWSNNV,306,784,208,68.269,142,66,177,0,0,85.10,99,./fasta/GCF_005887295.1_ASM588729v1_genomic.fna
NZ_PNDL01000026.1,0..22285,csm2g,7141..8037,lcl|7141|8037|1|1,1,"gi|347525462|ref|YP_004832210.1|CAS-III-A|csm2gr11|SS,CASCADE",5.80e-04,"gi|347525462|ref|YP_004832210.1|CAS-III-A|csm2gr11|SS,CASCADE csm2g",MENVHILTQRVSGRGDFLPFSAEQTHTNETAATHDLVTELQRSLVIEDVLAIYAKFAKQLLNFSGLQFQSTLGTAQTSDSNTNTSPYSYDLAIGREHLGQLIYFSQYPISKAIENKLRALHSALVYPLRNAMMYSRVLKLATKDALTGLNNRSQFNDMLSQKLENCRRYQRPFSLMLLDLDNFKQVNDNYGHKVGDDVLKEFSQVLCSSIRGTDSVFRFGGDEFSLIIEDPEFTTNKVVAERIMHLVRNSSLMSKYKVTTSIGFTLANSQDCETAIFARADKGLYKAKASGRNCAKAY,38.5,88,36,44.444,16,20,25,0,0,69.44,12,./fasta/GCF_005887295.1_ASM588729v1_genomic.fna
NZ_PNDL01000026.1,0..22285,ffs,2421..2486,,-1,ffs,2.84e-15,ffs,TACCAGCCACATCTCGGCACACACGT-CACAAACTGTGGCTGCTCCCTTCCGGGCCTGACCAGGTTC,78.7,42,67,88.060,59,6,59,2,2,88.06,0,./fasta/GCF_005887295.1_ASM588729v1_genomic.fna
NZ_PNDL01000031.1,7396..48271,tniQ,28271..27396,lcl|28271|27396|3|-1,-1,tr|A0A1X0B0X5|A0A1X0B0X5_9MYCO,1.21e-05,tr|A0A1X0B0X5|A0A1X0B0X5_9MYCO tniQ HTH lysR-type domain-containing protein OS=Mycobacterium aquaticum OX=1927124 GN=BST13_12675 PE=4 SV=1,MLREHKKFERLFLFNEVAKHLSFSKAALALGISRGYLSEQIKALEKEYQRALLIRTTRSVKLTPQGKHVLSCMGNIKNTLLELERTLAHEHEAIAGNIRITAPSQFTNRYLLTICEQFNQEYPDVKFNIDCSYTPHNLIQSNYDIAFRSTLNPPQNMIAKKLFSYKQVCCASPSYIAKNGEPSDVEDLLKHSCLTSTQFSLWHFSDRAIELEGKLSINDNHMLKNLALQGQGIIYTPEYLVDLEINAHTLKPLLTQLQYPQSDVYLIHPQLINESARISHFIKFTTNWFRN,44.7,104,68,36.765,25,41,39,1,2,57.35,23,./fasta/GCF_005887295.1_ASM588729v1_genomic.fna
NZ_PNDL01000031.1,7396..48271,cas3,9067..10293,lcl|9067|10293|1|1,1,gi|53713839|ref|YP_099831.1|CAS-I|cas3HD|cas3,1.70e-04,gi|53713839|ref|YP_099831.1|CAS-I|cas3HD|cas3 cas3,MLIALPISELTPGMFVDSVTKQHEGLNSIKIKTSGLVRNQAIIKRLVTEGVLELLIDFTKGDAAIPDKYKPKSAPPQKSTTSSSKTKPPAVKPAITLEQEFAKASINFEQHNRKLQALYGDVTTGLSVNLKVIDEMANDIVSSVFRNTSAMTILTRIKDKHSYNWRHMINCAIFTAVFAKYLGYKEEAVQQLAMGALLHDLGQAKLPQGIISRPSKLTSSEMDIIKRHVAQGLGLVKGEKGITPLILDMIVNHHERLDGSGYPRGITAEKLSRPARIMAIVDVYDALTADRPHQEGDEPINALRYLLANKELFDAELVQHFIKCLGVHPVGTIVKLTNERLALVLEGNKSNPIKPKVKLFYNAKHGHHVTPKDLDLNEPDQSIKIVSSIKPLDYQINLARLLKEHLLN,42.7,99,89,31.461,28,56,47,3,5,52.81,22,./fasta/GCF_005887295.1_ASM588729v1_genomic.fna
NZ_PNDL01000032.1,0..27261,tniQ,15860..14964,lcl|15860|14964|2|-1,-1,tr|A0A1H1AQR5|A0A1H1AQR5_9ACTN,1.66e-05,"tr|A0A1H1AQR5|A0A1H1AQR5_9ACTN tniQ Regulatory helix-turn-helix protein, lysR family OS=Tsukamurella pulmonis OX=47312 GN=SAMN04489765_0335 PE=4 SV=1",MNLNLKDLEYVKAIAHHKHFRKAADACFVSQPTLSGQVKKLEQELNVVLFDRSTKQVTLTAQGERLLTQINVILEQTEILKELAATSNGPLQGKLRIGIIPTIAPYLLSALLTSMKAAFSESHFSFIEMQTATMLEALDNGELDFAILADVPELKNYHTVNVYKEDFMVAVSTDNPLSNRKKVALSDLQSCSLLMLSDGHCFKDQAQKFCFAAGVDVSNQYQGNSLETLLALVAIDDGVTFVPKLACTQRVGIDYLAIFPNQQRNVVFACRKHYPRLAGVEQLAQWLAEHPNLKRALI,44.3,103,66,39.394,26,38,36,1,2,54.55,21,./fasta/GCF_005887295.1_ASM588729v1_genomic.fna
NZ_PNDL01000032.1,0..27261,csx1,9441..10028,lcl|9441|10028|3|1,1,gi|338730931|ref|YP_004660323.1|CAS-III|csx1|CARF,0.004,gi|338730931|ref|YP_004660323.1|CAS-III|csx1|CARF csx1,MRQSIFITQPELESSHWRSAFAGCVICTKEPKQINASSIIWVLAGTSGWLELVKKYAQKRLPVIVMTTNLEIEELRAALQAGARGYVEALASKVILQQVLETICSGGLWLPGQLLSNIVGALSQQQINYTQACDIQSLTKRERQVVDIVITGATNKQAAESLNITERTIKEHMSSIFTKLKVRDRIQLMLAVKGN,36.2,82,46,34.783,16,30,30,0,0,65.22,24,./fasta/GCF_005887295.1_ASM588729v1_genomic.fna
NZ_PNDL01000034.1,10102..45676,tniQ,30998..30102,lcl|30998|30102|3|-1,-1,tr|A0A498PN23|A0A498PN23_9MYCO,3.46e-06,tr|A0A498PN23|A0A498PN23_9MYCO tniQ HTH lysR-type domain-containing protein OS=Mycobacterium attenuatum OX=2341086 GN=LAUMK136_00063 PE=4 SV=1,MSRRVPPLNALKAFEAAARHLSFTKAAEELYVTQAAVSHQIKTLEEHLGLKLFLRKNRSLLLTEEGQGYFLDIKEIFTQLIDATEKLLARGAKGSLTVSLTPSFAIQWLVPRLSLFNELHPEIDVRIKAQDQDENSLTDDVDIAIYYGRGHWSGVQTYKLHTEYLVPLCSPLLLSGHKPLNQPSDLAQHTLLHDTTRRNWKTWMKTAGVRNVQVNQGPIFSHSSMVLQAAVHGQGVAIGNSVLAKPDIDAGRLVIPFSHSLESKNAYYLVIRESQTELGKIVSFKDWMLSLVEQEQEY,46.2,108,58,43.103,25,31,36,1,2,62.07,19,./fasta/GCF_005887295.1_ASM588729v1_genomic.fna
NZ_PNDL01000036.1,18313..106876,tniQ,39353..38313,lcl|39353|38313|2|-1,-1,tr|A0A2W1D0I8|A0A2W1D0I8_9PLEO,3.89e-17,tr|A0A2W1D0I8|A0A2W1D0I8_9PLEO tniQ Pectate lyase OS=Pyrenophora tritici-repentis OX=45151 GN=A1F97_07859 PE=3 SV=1,MKLHYIITYRQITEAIPMKAMTINNFGGTEEFVAAEVAKPQVTAGNVLVRIAATSVNTIDMMIRQMGADLPFAPKLPGILGMDFAGTVEAVGEGVTDFAVGDEVYGCAGGLGDLPGALAEFILADKRLIAHKPKNLSMKEAAAIPLVGITALEGLTRASVSAGQKVLVHGGAGGVGHLAVQLAKHFGADVYSTGGNAEQLALIESFGATGINFKDETVEQYVEKHTNNIGFDMVFDTVGGGNLTNSFAAAKLNAQVSTTLSLLEVDLSPVHFKGLSLNVIFMLIPMIHDFNRQDHGDKLTKLAQIVEAGGMRPVLDEQDFSLEEAAKAHDRLASGQAMAKVVISVQ,79.3,194,277,28.159,78,182,132,10,17,47.65,78,./fasta/GCF_005887295.1_ASM588729v1_genomic.fna
NZ_PNDL01000036.1,18313..106876,tnsA,52105..52806,lcl|52105|52806|1|1,1,UniRef50_A0A3M5N9X7,6.47e-13,UniRef50_A0A3M5N9X7 tnsA HTH gntR-type domain-containing protein n=380 Tax=Bacteria TaxID=2 RepID=A0A3M5N9X7_PSEAZ,MKSQPRQNLTQQLTHDLGFAIVRGVYPVNEGLPSEADLCVKYDVSRSATREAVKMLSAKGLISSRPKQGIRVLPESSWNMFDTDVLRWILSSKPSLSLLKEFTQVRVALEPQAAALAAENASAEQLAEIDNALARMADADQGLDDPLEADIAFHTSILVASNNRFFVQLTEFISTALRVSIRYTNHIKGVPGADVAKHADILDTIKSRNPERAKKAVETILEEALELIESKLD,63.9,154,148,32.432,48,90,75,3,10,50.68,63,./fasta/GCF_005887295.1_ASM588729v1_genomic.fna
NZ_PNDL01000036.1,18313..106876,tnsA,86876..85923,lcl|86876|85923|2|-1,-1,UniRef50_A0A1W6LD49,3.46e-53,UniRef50_A0A1W6LD49 tnsA UPF0761 membrane protein A4W93_20890 n=42 Tax=Betaproteobacteria TaxID=28216 RepID=A0A1W6LD49_9BURK,MVLIAIIIKIRLAQVNCMNDKLSLYKQQAISFLRQQPSWWMQYVNRCIDDQITVNAGYLAYVTLLSLVPLIAVGVAIFSAFPGFESTRIAIESFLFTNFVPTSSDVIKEHISSFAGNANQMTAVGIGFLAAIALLLIRNVDATLNRIWRIKKKRPMMISFAVYWMVLSLGPVLLGASIGVTSYIVSLVSFADQGIPGFSGFLLKLVPYGFSMIGFLMLYTLVPNTPVSIRAALPGALFAAVLFELTKKGFALYISHFPSYEVIYGAVATIPILFVWVYLSWVVVLLGAEFTACISPNHVPQTPEIDIDEELKTEERS,173,439,249,37.349,93,155,142,1,1,57.03,78,./fasta/GCF_005887295.1_ASM588729v1_genomic.fna
NZ_PNDL01000004.1,0..21816,tniQ,746..1816,lcl|746|1816|2|1,1,tr|A0A2W1D0I8|A0A2W1D0I8_9PLEO,4.85e-12,tr|A0A2W1D0I8|A0A2W1D0I8_9PLEO tniQ Pectate lyase OS=Pyrenophora tritici-repentis OX=45151 GN=A1F97_07859 PE=3 SV=1,MEQPMANLPSTMHAVQLTEHGDFDVLKYATNLPLPALAQTDVLIKVMAAGVNNTDLNTRTAWYAKKQSCKDDASWSGDAFVFPRIQGADVCGVIVAVGKNVDQSRIGERVIVEPCLIKANGETLKSPWYFGSECDGGFAQFTRVDSIHAYKINSNYSDEELASFPCSYSTAENMLFRSNPQQGQTVLITGASGGVGSAAVQLAKARGAFVIAVTSKSKAQPLKELGADKVIFREDDLIQALGKNSVDVVIDLVAGEQWPALLEVLKPKGRYAVSGAIGGALVELDIRTLYLKDLTFFGCTVIEPEVFKSLVNFIEQEKIKPIVAQTFPLNEIVTAQKVFAQKQHVGKIVLTIPHSE,64.3,155,181,30.939,56,98,91,7,27,50.28,45,./fasta/GCF_005887295.1_ASM588729v1_genomic.fna
NZ_PNDL01000040.1,0..13737,tnsB,5703..7712,lcl|5703|7712|3|1,1,UniRef100_A0A038GSS8,4.64e-47,UniRef100_A0A038GSS8 tnsB Transposon TnsB n=1 Tax=Caballeronia jiangsuensis TaxID=1458357 RepID=A0A038GSS8_9BURK,MIKNAQIHFNEVGTPVADNFDDVYFSNDDGLAESHYVFYQQNNIEARLQNHDQTHFVIAETGFGTGLNFLNAWQHFNDHLANQQVQNQVDKRVKRLHFISFEKYPLNADDLKKALQAWPTLNKLSDELITHYPINLGGCHRIEFNNGQVILDLYFGDVLDSINAMSYPQSGVVDAWFLDGFAPSKNPDMWQQSVFNAMVDISRKHATLATFTAAGFVRRGLTAAGFSMQKAKGFGRKREMLIGQLAHANSAQSSPPYFEQPPAKLEHVAVIGGGIASSCILHSLAKRGIKSSLFCQDEKPAMGASHNVQGAVYPHLQAKNSPHSELFAHSFLYAKRSYLQLLKNGFNFDYSWCGVLQHAVKKPLADKHQNLEQKQLWPQALMRNVTVEQGDKLAGVKTGYSGVYFEQGGWVNPPQLVEAMLKAANSLNPINSYFNCHIQQLTKTDAGWYLTHKHTQYGPFSDVIICAGEHSDAFEQTNALPIVGVRGQVSHIQASEQSKQLKTVLCHKGYFTPAYLGKHCMGATFEKNTKSRAVTEKDNQLNHEQLLSFYHQSDFATTLGDITCAKAAVRCTFIDHLPMAGQWCEQSDYSTAFANLRLGKRYQYSPLCKPQQGLHIFTGFGARALCSAPLLSEHFISTLNNEPRPLSERVCQAIHPARFIVRDLIRNKI,164,416,256,36.719,94,146,138,4,16,53.91,38,./fasta/GCF_005887295.1_ASM588729v1_genomic.fna
NZ_PNDL01000041.1,0..41033,tniQ,15193..15567,lcl|15193|15567|1|1,1,tr|A0A5C7P1D4|A0A5C7P1D4_9ACTN,2.32e-04,tr|A0A5C7P1D4|A0A5C7P1D4_9ACTN tniQ LysR family transcriptional regulator OS=Actinobacteria bacterium OX=1883427 GN=E6Q90_12735 PE=4 SV=1,MKIADLQVLLKVAELQSITAAANQLDMSSSAASVSLKRIEQALGAQIFVRTTRQIRLTPEGERYLPLCQQALDLLQQGQVLIHEEQQSISGEVRIAVSSEMGRNLMRVLLNNIMDKHSEVTLRL,37.4,85,70,35.714,25,42,35,1,3,50.00,54,./fasta/GCF_005887295.1_ASM588729v1_genomic.fna
NZ_PNDL01000041.1,0..41033,tnsA,36382..34535,lcl|36382|34535|2|-1,-1,UniRef50_A0A380Q0N8,8.46e-05,UniRef50_A0A380Q0N8 tnsA RNA polymerase sigma factor n=17 Tax=Enterobacterales TaxID=91347 RepID=A0A380Q0N8_YERFR,MDPTPQSQLKLLIQKGKEQGYLTFAEVNDHLPQDIIDSDQVEDIISMINDMGIKVSENAPDADELMMQETTTDEDAAEAAAAALATVEKEIGRTTDPVRMYMREMGTVELLTREGEIVIAKRIEEGINQVQISVAEYPEAITYLLEQWDKFEAEEMRLSDIISGFFDPNEDEAQISATHIGSELSEEQLDEDDNEDDKDSDDDEDEEEVDTGPDPEEARIHFENLRDLYVKARATFDEKGRSHPDSQAAIFEIGELFRTFKLVPKQFDRMVNNMREMMDRVRIQERLIMKQAVQIAKLPKKTFIKHFANNETDSAWLDLEINANEKHSAKLEEVKPEIIRCIQKLCVIEESTGLSIERIKDINRRMSIGEAKARRAKKEMVEANLRLVISIAKKYTNRGLQFLDLIQEGNIGLMKAVDKFEYRRGYKFSTYATWWIRQAITRSIADQARTIRIPVHMIETINKLNRISRQMLQEMGREPNPEELAERMMMPEDKIRKVLKIAKEPISMETPIGDDEDSHLGDFIEDTTIDSPIDSATMESLRGATNDVLAGLTAREAKVLRMRFGIDMNTDHTLEEVGKQFDVTRERIRQIEAKALRKLRHPSRSDLLKSFLDAK,43.5,101,50,42.000,21,28,33,1,1,66.00,8,./fasta/GCF_005887295.1_ASM588729v1_genomic.fna
NZ_PNDL01000042.1,0..35957,tniQ,15957..15061,lcl|15957|15061|3|-1,-1,tr|A0A2G7F0Q1|A0A2G7F0Q1_9ACTN,2.38e-06,tr|A0A2G7F0Q1|A0A2G7F0Q1_9ACTN tniQ Regulatory helix-turn-helix LysR family protein OS=Streptomyces sp. 70 OX=1827606 GN=CLW09_04841 PE=4 SV=1,MNIAHLNLFVRIATTHNISLAGKELGLSAAVSSAQMNKLEETLGVKLIHRTTRKVSLTEEGQAFLPHAEEVLANVEMARASVGIGSVTPQGKLRITAPASFGRMHIIPALAGFIEQYPDLTIDLRLSDSIIDMVGGGFDIAIRDAALNDSTLIARKVARDKRLICASPNYLAKHGAPTTPQDLKNHTCVNLHGLTTWSFITPEGTQNIKTNNVLQADNGEAVRDACVQGLGITLMSSWCAYKKLQSGELVQILQDYPLASDTAIWSVYPSSRLLAPKVRAFIDYFSGYFGDEPYWEKI,46.6,109,80,33.750,27,52,45,1,1,56.25,27,./fasta/GCF_005887295.1_ASM588729v1_genomic.fna
NZ_PNDL01000046.1,0..11794,tniQ,5830..4655,lcl|5830|4655|1|-1,-1,tr|A0A2N1BBG8|A0A2N1BBG8_9GAMM,0.0,tr|A0A2N1BBG8|A0A2N1BBG8_9GAMM tniQ Uncharacterized protein OS=Pseudoalteromonas sp. GutCa3 OX=888433 GN=CXF64_12925 PE=4 SV=1,MHFLVQTKPYLDEALESYLLRLARDNSYDGYSELADILWQWLAEQDHDLEGALPLELSKVDVYHARQASSFRIRVLKLVAQLADVNAGDILALAWRRSNFKFGNLAAVSRNELTVPLELLRTDNIPVCIECLSESSYIPFYWHLKPYKACHKHKIQLTTHCGECHNLIDYRASETFLECGCGHKLTNSEQLNDADFKIASALASNNSQKMVGLISWFAKVKQLDVSDADFNCAFVDYFSTWPNGLTAELDLLTNNARLKQLNPFNKTKFNSVYGNVICDAQIAATSNRKNKVIDEIINYVVELVDSNPKAKHPNIADLLLCTFDAAVLLNTTTEQVYRLHQEGFLNCAYPQKKHEQLRADSHAFYLRQVIELQQAFAAEKPQTKKQFIAPW,731,1887,391,92.072,360,31,372,0,0,95.14,100,./fasta/GCF_005887295.1_ASM588729v1_genomic.fna
NZ_PNDL01000046.1,0..11794,tniQ,11594..10593,lcl|11594|10593|3|-1,-1,tr|K0Q410|K0Q410_9RHIZ,1.61e-15,tr|K0Q410|K0Q410_9RHIZ tniQ Putative TniB-like ATP-binding protein (Modular protein) OS=Rhizobium mesoamericanum STM3625 OX=1211777 GN=BN77_p40112 PE=4 SV=1,MLTDKQKEKLNEFRDVFIEYPIITTVFNDFDRLRLGKGLAGEKPCMLLNGDTGTGKTALIKQYKERYLPQFINGVMNHPVLVSRIPSNPTLESTLAELLKDLGQLGSTERKLRINGTRLTTSLIKCLKTCGTELIIIDEFQELIEHNQGKKRREIANRLKYINDEAGVSIVLVGMPWAEKIADEPQWSSRLLVRRQLPYFKLSENPKHFIQLIIGLANRMPFTEKPNLSEQATVFALFSLSKGCFRTLKYFLDDAVLYALIDNAKTLTTKHLVKAFEVLFPDVPNLFTLPVTEITASEVERYSLYKPESAQDEDPFIATKFTERMPISQLLRK,75.1,183,221,25.339,56,147,106,7,18,47.96,64,./fasta/GCF_005887295.1_ASM588729v1_genomic.fna
NZ_PNDL01000046.1,0..11794,cas6,1482..973,lcl|1482|973|2|-1,-1,"gi|315127125|ref|YP_004069128.1|CAS-I-F,CAS-IV|cas6f|cas6",1.04e-113,"gi|315127125|ref|YP_004069128.1|CAS-I-F,CAS-IV|cas6f|cas6 cas6",MSSREISNVGVCFPKWNEQTIGNELAFVSTDKKQLTNLSQQSYFEMMAHDKLFGLSKILEVPTNQSEVMFVRNQSVAKAFVGEKQRRLKRAKKRAEARGEVYNPEYKFEAKDIGHFHSIPASSKGNGQSYVLHIQKIENAESIKNQFNNYGFASNQTFQGTVPSLNTLI,320,819,166,90.361,150,16,159,0,0,95.78,98,./fasta/GCF_005887295.1_ASM588729v1_genomic.fna
NZ_PNDL01000046.1,0..11794,cas7,2600..1572,lcl|2600|1572|3|-1,-1,"gi|315127126|ref|YP_004069129.1|CAS-I-F|cas7f|G7,CASCADE",0.0,"gi|315127126|ref|YP_004069129.1|CAS-I-F|cas7f|G7,CASCADE cas7",MQLPRHLSYTRSLSPSKAVFFYKTPESDFEPLQIEQNKLVGQKSGFGDAYQKQNVAKNLAPQDLAFGNPQTIDVCYVPPTVNELFCRFSLRVEANSIEPHVCDDPKVIYWLKRFFETYKKHNGLNEVATRYAKNILMGNWLWRNRQSPDVDIEILTEHAAPIIVEGAQKLKWQSNWQNNQTALITLSEAIQEGLSNPQNYCYLDITAKIKNAFSQEIHPSQKFVDTVEQGMSSKQLAYTQVGDKKAASLNSQKVGAAIQTIDDWYEGGYKPLRTHEYGADKQILVAHRTPKSHSDFYSLLPRIALHIKHMEKHGLGQSEESDAVHFIAAVLIKGGLFQRSKG,696,1796,342,95.906,328,14,337,0,0,98.54,100,./fasta/GCF_005887295.1_ASM588729v1_genomic.fna
NZ_PNDL01000046.1,0..11794,cas8f,4651..2600,lcl|4651|2600|1|-1,-1,"gi|315127127|ref|YP_004069130.1|CAS-I-F|cas8f|LS,CASCADE",0.0,"gi|315127127|ref|YP_004069130.1|CAS-I-F|cas8f|LS,CASCADE cas8f",MNLQDAFAIESLKEKITALRKLFAPYMPHVAVDGFEEQALTVLINLVYKRSEIDDLTSTRTAKIVLRDEVLLSKCINEVKWFHTHNLKYPDIRVSHQRLISEVVSEDIAGICSRSLPLSFGWSHNSAEINHAKLFLTSFTWQGEVTCLAKLLIAEEPVWINLIRVYGFTKKAVLDIAGKIKQHLPVAERPLEVSSFSPQLQMPFQQSYLAVTPVVSHAMLAKIQQLTTDRKLNFALVEHSRPANVGDLASSVGGNIRVLRYFPKTYSKAVNRSKVANNDIEKAFKIRALLSSQFQQALLVLVGIKQFNTLRQKRLARVAAIRQVRVSLQLWLDNILEAKNNAQNQVYPEWVRHYLDQSITNCISQFSNVLNESLGNLSKLKRFAYHPNLMGLFKAQLNYVFTHCAAEQEILNDEQIVYVHCQDMRVFDAEAMANPYIQGMPSLTALNGLAHNFERKLKNFIDPSIKCIGSAIYIENYQLHTGKPLPEPSKLKQVAGRSHVIRSGIIDKPKCDITLDLVFRLFVPNTELLDKLNSQLIKPALPSSFAGGTMHPPSLYQNIDWCHVHTKPSELFKNIKAKALNGSWLYPSKKVVKSFEQLIDALNGNFNLRPAAIGFAALEEPVKRDAALHEHHCYAEPVIGLLECVSNTSVKYAGAKQFFHDAFWVMDVQKESMLMKKSKFEYE,1335,3456,683,94.143,643,39,654,1,1,95.75,100,./fasta/GCF_005887295.1_ASM588729v1_genomic.fna
NZ_PNDL01000046.1,0..11794,CRISPR array,708..856,,,,,"Copies: 3, Repeat: 28, Spacer: 32",ATTTCCAGCTGCCTACTCGGCAGTTCAC,,,,,,,,,,,,./fasta/GCF_005887295.1_ASM588729v1_genomic.fna
NZ_PNDL01000047.1,0..35546,tnsA,7791..6652,lcl|7791|6652|3|-1,-1,UniRef50_A0A1C6RKQ5,4.74e-06,"UniRef50_A0A1C6RKQ5 tnsA Murein DD-endopeptidase MepM and murein hydrolase activator NlpD, contain LysM domain n=2 Tax=Micromonospora inyonensis TaxID=47866 RepID=A0A1C6RKQ5_9ACTN",MSKPVNWFSVYTVVLVSLVVAPATANENRTKKDLSEVQSALEQSQAEYNAQRKKIAALQKNLKKHELEIAKNAKALNMAEQSVKETEQKQQAQQQKAQQLKAQHVQFQAILAAQLKSAYMAGGDDYPKMLLNQQDTAKFERTLSYYNYLNKARIEQIEELKVLQQQIAENQAALAKTKQKLAALFEEQKRRQSALVNAQSERQTNLKNLQAQLNSTKSSINYLKDNEQTLITTIEELEQEKTQKIELLGLNKSKGKLNWPSKGKLKHTFGQRKHGGIDWKGVLIGAKEGTNVNSINNGQVVFADWLKGFGWVIVVDHGEGFMSLYGHAQTLLKDVGDMVREGETLALVGQSGGQSSSGLYFEIRHKGRAVNPVKWCRRI,46.6,109,95,28.421,27,59,43,3,9,45.26,23,./fasta/GCF_005887295.1_ASM588729v1_genomic.fna
NZ_PNDL01000047.1,0..35546,tnsA,28377..29126,lcl|28377|29126|3|1,1,UniRef50_A0A3M5N9X7,5.69e-16,UniRef50_A0A3M5N9X7 tnsA HTH gntR-type domain-containing protein n=380 Tax=Bacteria TaxID=2 RepID=A0A3M5N9X7_PSEAZ,MSLKIKAAKLSDVILQQLENMILEGSLAPGEKLPPERELAKQFEVSRPSLREAIQKLEAKGLVTRRQGGGTFVKNQLEEGLTDPLFDLISKHPESQFDLLEFRHALEGIAAYYAALRGTSTDFTKVKQSFDKIAQVNNDLQLKAKAINAFHFSVAEASHNVVLLHLVRGMQALLEQNVLQNLTVLLKKPDISNQLAQHRRLLMDAVIEGNPEQARLASNAHLAFIEEALLEAGKEHSRIERSLRRTKQN,72.8,177,139,35.252,49,88,75,2,2,53.96,56,./fasta/GCF_005887295.1_ASM588729v1_genomic.fna
NZ_PNDL01000047.1,0..35546,cas13b,20206..19586,lcl|20206|19586|2|-1,-1,KN549099.1,0.002,"KN549099.1 cas13b Chryseobacterium sp. YR477 genomic scaffold EW78DRAFT_scaffold00001.1, whole genome shotgun sequence|cas13b|CRISPR|Type6B",MNKPATKINNWVLGLTGGIGCGKTAVSNMFEELGICVVDADIIARQVVAPNSTGLNAIIEHFGEGILLPDGTLNRAALRTKIFTNDDDKNWLNALLHPLIREKILTDLNNASSAYVVLVAPLLFENKLNKYCNRTLLIDVPQPVQIERTIKRDNISLEQVNSIIASQMPREEKQQKADDILNNDRDLSLVHAELVVLHKNYLQYAV,37.4,85,69,36.232,25,35,38,2,9,55.07,30,./fasta/GCF_005887295.1_ASM588729v1_genomic.fna
NZ_PNDL01000048.1,5640..34563,tnsA,25640..26389,lcl|25640|26389|2|1,1,UniRef50_A0A3M5N9X7,1.59e-13,UniRef50_A0A3M5N9X7 tnsA HTH gntR-type domain-containing protein n=380 Tax=Bacteria TaxID=2 RepID=A0A3M5N9X7_PSEAZ,MGNRRLFWRIVDKVEALINQGEFSAGSRLPPERELADMFDVSRPTIREAIIALEVRGRVEVKTGSGVYVIEQQETSVKTKEISAFELTQARALIEGEIAALAAQSITDEELAQLKQTLIAMEKGLYVEQADREFHEIIARATRNKALEYAVANLWDLRLNNSQIVADYGSVCKNNNDCVMDEHTAIYNALQTHDASAARTAMHKHFNRLINALFDAVEARALEEIKRKNDEKRGLYSLDGLVKSASKTH,65.9,159,218,28.440,62,133,101,5,23,46.33,81,./fasta/GCF_005887295.1_ASM588729v1_genomic.fna
NZ_PNDL01000005.1,7424..48131,tnsA,28131..27424,lcl|28131|27424|2|-1,-1,UniRef50_A0A3M5N9X7,1.40e-06,UniRef50_A0A3M5N9X7 tnsA HTH gntR-type domain-containing protein n=380 Tax=Bacteria TaxID=2 RepID=A0A3M5N9X7_PSEAZ,MTTPKFAQIKQFIVDKIKNGAWQENQRVPSENELSSQFSVSRMTARRALSELTDAGILTRSQGLGTFVASFKSQSSLLEIKNIADEVKERNGQYSCSVQVLESINAVAPIAIALGVEVDNVVYRSVLVHNENDKPLQVEERFVNPALAAGYLQQDFSALTPHEYLSSVAPLTQARHTVEAVMPNSQMCQWLNLYNEEPCLQVIRRTWSTKGIVSFARLVSPGSKYRLGGHLTFKK,45.8,107,54,37.037,20,34,36,0,0,66.67,23,./fasta/GCF_005887295.1_ASM588729v1_genomic.fna
NZ_PNDL01000005.1,53534..94445,tniQ,73534..74445,lcl|73534|74445|1|1,1,tr|A0A1N1MBJ4|A0A1N1MBJ4_9MYCO,2.09e-04,"tr|A0A1N1MBJ4|A0A1N1MBJ4_9MYCO tniQ Regulatory helix-turn-helix protein, lysR family OS=Mycobacteroides abscessus subsp. abscessus OX=1185650 GN=SAMEA2149858_03031 PE=4 SV=1",MDIKILKSFIAVAKHLSFSEAAQELHTVQPAISRHISSLEEQLGVSLFTRNSREVSITQAGEQLVKDATAILALTERAKNKVKLVDSGQLGSLSIAYLSSACLTFLAKLIRTYKSQFPNVHVTLLEMTATEQIEALKNERVDVAFSRPLPSTIADEFISETMYVDRLVAVVNKNHPFASAQTIDLKTLKNEPFILFNRDEALGLFDEIITRCKRAGFSPNIISQPRHMQTLVTEVAAGLGLAIAPYCVSKLYSEGCHFIELEKVDTQIYLQLQYKQINNSATTQAFVEMALNAQEEIQLSMRN,40.8,94,66,34.848,23,41,36,1,2,54.55,21,./fasta/GCF_005887295.1_ASM588729v1_genomic.fna
NZ_PNDL01000005.1,53534..94445,csn2,86783..87685,lcl|86783|87685|2|1,1,gi|532357522|ref|YP_008447356.1|CAS-II-A|csn2|csn2,0.001,gi|532357522|ref|YP_008447356.1|CAS-II-A|csn2|csn2 csn2,MYLSFFNLSEMPFTLTPNTEFFCALEPHHEAMQVLTTALEMGEGFIKVTGEVGTGKTLLCRKLLNQIEEDYFVAYLPNSYLSPEELRWAIAVELGMEVDKSLDQQSLSQQINHYLLELQEDNERVVLLIDEAQCLSWDTLEALRLFTNLETETEKLIQVVLFGQPELDEKLANSKVRHLRQRISFSYSLRAMTASEVIYYINHRLQVAGFNQPPLFTNRLGLKIARASRGIPRLVNILCHKVLLQAYGEGLNKVTPRHIHLAIADTEDCKKHHANHYWAYSLVAISVFAIAVMWVWRQWL,38.5,88,163,23.926,39,107,78,5,17,47.85,51,./fasta/GCF_005887295.1_ASM588729v1_genomic.fna
NZ_PNDL01000005.1,99883..166438,tnsA,119883..120512,lcl|119883|120512|3|1,1,UniRef50_A0A290S068,9.71e-114,UniRef50_A0A290S068 tnsA Tn7_Tnp_TnsA_N domain-containing protein n=23 Tax=Gammaproteobacteria TaxID=1236 RepID=A0A290S068_9GAMM,MYIRNLRKPSPNKNVFKFASTKVSSVVMCESSLEFDACFHHEYNDLIESFGSQPEGFKYEFMGKSLPYTPDALISYTDKTQKYHEYKPYSKIASPLFRAEFAAKRAASLKLGIDLVLVTDRQIRVNPILNNLKLLHRYSGVYGISGIQKELLSFIHKSGVIKLNDISSQVGIPIGETRSFLFGLMHKGLVKADLGCDDLTNNPTLWATP,321,823,209,71.292,149,60,173,0,0,82.78,100,./fasta/GCF_005887295.1_ASM588729v1_genomic.fna
NZ_PNDL01000005.1,99883..166438,tnsB,120497..122350,lcl|120497|122350|2|1,1,UniRef100_A0A379HE60,0.0,UniRef100_A0A379HE60 tnsB Transposon Tn7 transposition protein tnsB n=2 Tax=Pseudoalteromonas nigrifaciens TaxID=28109 RepID=A0A379HE60_9GAMM,MGYTMTDFFNEFDESLVPLKPQTPTQYVKLDDANLIQRDLDTFSDTFKNQALQRYKLISTIDKKLSRGWTQRNLDPILDELFKGGDVVRPNWRTVARWRKKYIESNGDIASLADKNHKMGNRTNRIKGDDKFFDKALERFLDAKRPTIATAYQYYKDLIVIENESIVEGKIPIISYNAFNKRIKAIPPYAVAVARHGKFKADQWFAYCAAHVPPTRILERVEIDHTPLDLILLDDELLIPIGRPYLTLLIDVFSGCVLGFHLSYKSPSYVSAAKAITHAIKPKSLDALNIELQNDWPCFGKFENLVVDNGAEFWSKNLEHACQSAGINIQYNPVRKPWLKPFIERFFGVMNEYFLPELPGKTFSNILEKEEYKPEKDAIMRFSTFVEEFHRWIADVYHQDSNSRETRIPIKRWQQGFDAYPPLTMNEEEETRFSMLMRISDSRTLTRNGFKYQELMYDSTALADYRKHYPQTKETVKKLIKVDPDDISKIYVYLEELESYLEVPCTDPTGYTDGLSIYEHKTIKKINREVIRESKDSLGLAKARMAIHERVKQEQEVFIESKTKAKITAVKKQAQIADVSNTGTSTIKVSEESAAPVQKHISNDNSDDWDDDLEAFE,746,1925,406,89.655,364,42,385,0,0,94.83,66,./fasta/GCF_005887295.1_ASM588729v1_genomic.fna
NZ_PNDL01000005.1,99883..166438,tnsB,122347..123348,lcl|122347|123348|1|1,1,UniRef100_A0A1T0A091,6.75e-09,UniRef100_A0A1T0A091 tnsB Transposon Tn7 transposition protein tnsB n=1 Tax=Moraxella caviae TaxID=34060 RepID=A0A1T0A091_9GAMM,MNALTEIQIEKLRNFSDCIVMHPQIKTIFNDFDELRLNRKFQSDQQCMLLIGDTGVGKSHTINHYKKRVLATQNYSRNTMPVLVSRISRGKGLDATLVQMLADLELFGSSQIKKRGYKTDLTKKLVESLIKAQVELLIINEFQELIEFKSVQERQQIANGLKFISEEAKVPIVLVGMPWAAKIAEEPQWASRLVRKRKLEYFSLKNDSKYFRQYLMGLAKKMPFDVPPKLESKNTTIALFAACRGENRALKHLLLEALKLALSCNEYLENKHFITAYDKFDFFNDKEKLKSKNPFKQDIKDIEIYEVIKNSSYNPNALDPEDMLTDRVFAIVK,55.1,131,213,23.944,51,150,99,6,12,46.48,63,./fasta/GCF_005887295.1_ASM588729v1_genomic.fna
NZ_PNDL01000005.1,99883..166438,tnsB,145044..144712,lcl|145044|144712|2|-1,-1,UniRef100_A0A377ITD1,2.86e-05,UniRef100_A0A377ITD1 tnsB Transposon Tn7 transposition protein tnsB n=1 Tax=Fluoribacter dumoffii TaxID=463 RepID=A0A377ITD1_9GAMM,MNKEIKQRLKWIELYEETNNAGLVCRRCGISRPTLRKWYKQYKEKGLDGLQDVSRRPHSSPNSKINNRIEEWILKLRKIENLVPEEFKMSFFASIISAIACFNSQRADQT,39.7,91,50,44.000,22,27,27,1,1,54.00,45,./fasta/GCF_005887295.1_ASM588729v1_genomic.fna
NZ_PNDL01000005.1,99883..166438,tniQ,145209..146438,lcl|145209|146438|3|1,1,tr|A0A379HEF4|A0A379HEF4_9GAMM,0.0,tr|A0A379HEF4|A0A379HEF4_9GAMM tniQ Uncharacterized protein OS=Pseudoalteromonas nigrifaciens OX=28109 GN=NCTC10691_02977 PE=4 SV=1,MAFLFSPKARAFSDESLESYLLRVVSENFFDSYEGLSLAIREELHELDFEAHGAFPVDLKRLNVYHAKHNSHFRMRALGLLETLLDLPRYELQKLALLKSDIKFNSSVALYNNGVDIPLRFIRHHAEEAVDSIPVCSQCLAEEAYIKQSWHIKWVNACTKHQCALLHNCPECYAPINYIENESITHCSCGFELSCASTSPVNTLSIEHLNKLLDKGERNDSNPLFNNMTLTERFAALLWYQERYSQTDNFCLNDAVNYFSKWPAVFNTELDELSKNAEMKLIDLFNKTEFKFIFGDAILACPSTQKQSESHFIYRALLDYLVTLVESNPKTKKPNAADLLVSVLEAATLLGTSVEQVYRLYQNGILQTAFRHKMNQRINPYKGAFFLRHVIEYKTSFGNDKARMYLSAW,753,1945,409,91.443,374,35,384,0,0,93.89,100,./fasta/GCF_005887295.1_ASM588729v1_genomic.fna
NZ_PNDL01000005.1,99883..166438,cas10,134986..135867,lcl|134986|135867|1|1,1,"gi|134299484|ref|YP_001112980.1|CAS-III|cas10|LS,CASCADE",0.004,"gi|134299484|ref|YP_001112980.1|CAS-III|cas10|LS,CASCADE cas10",MFDELNIHDVQLFYVNLGEALVKHHDGRLNLFYMLQYNDSRCRIKNDYNLLLHKLDFSSALDLSNTQVAHHQRLVNIQRNLSNLLDYVRYTLDELQCNDIKKNSYRHLITLMKRLDRSIETFRKEISNNLTYLDELTGLLNRSAMEKDLTELIDLNNEQSIITSLSLIDIDHFKLINDEYGHAVGDEILESIADIIQSSLRDTDSAYRYGGEEILIVLKDSPIDDSVAAMQRLREKISDYVFISYEIELSVTVSIGVTPIKSSDKVSRDTLIRADECLYSAKDNGRNQVVYKI,37.4,85,85,29.412,25,49,44,3,11,51.76,27,./fasta/GCF_005887295.1_ASM588729v1_genomic.fna
NZ_PNDL01000005.1,99883..166438,cas5,146404..148530,lcl|146404|148530|1|1,1,"gi|217975325|ref|YP_002360076.1|CAS-I-F|cas5f|G5,CASCADE",0.0,"gi|217975325|ref|YP_002360076.1|CAS-I-F|cas5f|G5,CASCADE cas5",MTKLECICRHGEYMHLKELLEITDTTERDRSLRRAFSPYTAMIDITGSEAVALIILLNLTYRKNQVDDLLDKKLAKQALKSEDHINKCIKEIAWFHTHNLKYPDIRVSKQNLAVEPPTLHSYVLSSANYPKAYGWSHNSAKVNFAKLFVSYFKWQNQVSWLAQVLATNSDNWKSAFTSLGLSVKAFKSLCVTVKNSLPEEAIPDSVDRYSRQIRMPYHDGYLAVTPVISHVVQSKIQQAAIDKRARFSNVEFTRPAAVSMLAASLGGVINVLNYPPYIRSKYHGLSNSRAFKLNNGQTVFNVEALLKPELIKALEGIIFSNNALALKQRRQQKVKNIKELRNTLLEWFSPVFEWRLDAIENGYDLEQLESASERLEYKILSLPDNELPSLTIPLFRLLNEMLGGVSMTQRYAFHPKLMSPLKAALQWLLVNLTDQKHVLIEEDDEHYRYLHLSGIRVFDAQALSNPYCSGIPSLTAVWGMIHSYQRKLNEALGTNVRFTSFSWFIRNYSAVAGKKLPELSLQGAQQSRLKRPGIIDGKYCDLVFDLIIHIDGYEDDLQAVDSKPDILKAHFPSNFAGGVMHQPELNSNINWCCLYSNENQLFEKLRRLPLSGCWVMPTEHKIQDLDELLLLLNSDSKLSPSMMGYMLLTEPMARVGSLERLHCYAEPAIGVVKYEAATSVRLKGIGNYFNSAFWMLDAQEKFMLMKKV,815,2105,697,54.950,383,312,513,2,2,73.60,98,./fasta/GCF_005887295.1_ASM588729v1_genomic.fna
NZ_PNDL01000005.1,99883..166438,cas7,148545..149597,lcl|148545|149597|3|1,1,"gi|212633878|ref|YP_002310403.1|CAS-I-F|cas7f|G7,CASCADE",0.0,"gi|212633878|ref|YP_002310403.1|CAS-I-F|cas7f|G7,CASCADE cas7",MELCNILKYDRSLYPGKAVFFYKTADSDFVPLEADINKIRGPKSGFTEAFTPQFSPKNISPQDLTHNNILTLEECYVPPNVEHIFCRFSLRVQANSLVPSGCSDPEVFSLLKELAETFKECGGYKELAVRYCRNILIGTWLWRNQNTGNTQIEIKTSKGSCYLIDNTRKLAWESKWASDDLKVLEELSNEIESALTDPNVFWSADITAKIEASFCQEIYPSQILNDKVKQGEASKQFVKAKCADGRYAVSFNSVKIGAALQSIDDWWDEDASKRLRVHEFGADKEIGVARRPPDSEQNFYSIFKNTEWYLSALKNCITNKNEKIDPAIYYLFSVLIKGGMFQKKAEAKKA,551,1419,342,74.269,254,88,289,0,0,84.50,98,./fasta/GCF_005887295.1_ASM588729v1_genomic.fna
NZ_PNDL01000005.1,99883..166438,cas6,149600..150211,lcl|149600|150211|2|1,1,"gi|117922284|ref|YP_871476.1|CAS-I-F,CAS-IV|cas6f|cas6",9.43e-87,"gi|117922284|ref|YP_871476.1|CAS-I-F,CAS-IV|cas6f|cas6 cas6",MQRYYFTVHFLPKQANLALLTGRCISIMHGFILKHNIEGMGVTFPAWSDSSIGNEIAFVYTDKEILNTLKDQAYFVDMQDCGFFKVSQVLAVPDSCEEVRFIRNQAVAKIFTGESRRRLKRLQKRALARGEDFNPKKIEAPREIDIFHRVAMTSKSSQEDYILHIQKQDVDCQAEPYFSNYGLASNEKFKGTVPDLSPSIDRN,253,646,202,62.376,126,76,159,0,0,78.71,99,./fasta/GCF_005887295.1_ASM588729v1_genomic.fna
NZ_PNDL01000005.1,99883..166438,CRISPR array,150339..150429,,,,,"Copies: 2, Repeat: 30, Spacer: 30",AGTGACCTGCCGTATAGGCAGCTGAAAATT,,,,,,,,,,,,./fasta/GCF_005887295.1_ASM588729v1_genomic.fna
NZ_PNDL01000005.1,99883..166438,CRISPR array,157180..157319,,,,,"Copies: 2, Repeat: 56, Spacer: 27",CGTAGCAGCGACTTTACGTCGCGTTTTTAAATGAATGACCACGTAATCATAATCGC,,,,,,,,,,,,./fasta/GCF_005887295.1_ASM588729v1_genomic.fna
NZ_PNDL01000053.1,42198..72983,tniQ,62198..63160,lcl|62198|63160|2|1,1,tr|A0A2W1D0I8|A0A2W1D0I8_9PLEO,9.53e-14,tr|A0A2W1D0I8|A0A2W1D0I8_9PLEO tniQ Pectate lyase OS=Pyrenophora tritici-repentis OX=45151 GN=A1F97_07859 PE=3 SV=1,MKYISHEGGTLAFSETDKPVLKSHEVLVKVSAIGVNRADCMQRQGKYPAPAGDSPILGLECAGTVVELGFDVDKSWLNKRIFSLCAGGAYSEYVAIDAKQLMVLPDDLTMVEGAAISEVYLTAFGALFELGKLQQGQTALIHAGASGVGGAAIQMAKSAGATVVITAGSDEKCKHAKALGADHAINYKTTDFVEYMQANELSANAIVDPVSGSYLNKNAAIAAMDCQIIMLAFLDGRFAEVDFAALLRKRISFHASTLRNRSIEFKRQLRDDLVARFYNDIATKKYDFNVYKTLPWSDANEAHAILERNENAGKVVLLVE,68.9,167,161,27.950,45,101,80,3,15,49.69,49,./fasta/GCF_005887295.1_ASM588729v1_genomic.fna
NZ_PNDL01000056.1,77144..112515,tniQ,97144..98151,lcl|97144|98151|1|1,1,tr|A0A2W1D0I8|A0A2W1D0I8_9PLEO,1.07e-07,tr|A0A2W1D0I8|A0A2W1D0I8_9PLEO tniQ Pectate lyase OS=Pyrenophora tritici-repentis OX=45151 GN=A1F97_07859 PE=3 SV=1,MKAIGYQKSLPIENELSLQDIELETPTAHGHDILVEVKAVSVNPVDFKIRQAMPAAEGEYKVIGWDATGVVKSVGENVSLFKPGDKVWYAGDITRSGSNAQFQLVDERIVGHMPSSLSYGEAAALPLTSITAWELLFDRLNVAKNDDSKSILVIGAAGGVGSIMVQLLKQRTKLNIIASASRAETISWLEDLGADTIVNHRNPLSEEFAAKNLSEVDYVVSLNNTEQHLPEIEKVVKPQGQFALIDDPETLNIVPFKNKSVSVHWELMFTRSLFKTDDMQEQHVILNNVATMIDQGQIKTTVGEHLGKINAANLRKAHQHLESQTAKGKVVLEGF,50.8,120,267,24.719,66,171,120,11,30,44.94,76,./fasta/GCF_005887295.1_ASM588729v1_genomic.fna
NZ_PNDL01000056.1,77144..112515,tniQ,99163..98216,lcl|99163|98216|3|-1,-1,tr|A0A2R4JX03|A0A2R4JX03_9ACTN,4.21e-05,tr|A0A2R4JX03|A0A2R4JX03_9ACTN tniQ LysR family transcriptional regulator OS=Streptomyces sp. P3 OX=2135430 GN=C6376_37020 PE=4 SV=1,MSITNQLALFVDVVQQGSFAKAAALHDMDNSSLSKQIKKLESSLGIQLLNRSTRSFSLTSAGEEILQQAHILIDTLSDIHSIADSYQAKPKGILRITSGMFFGQQYVQPAINLFMQKYPEVKITLMLDDKRNDIIANHYDLAFRIGKLNDSNLMAKKISDMHFALVASNDFIARHGMPSTPEELIALPAVVYGNGDVSLDQIKLSTQPHGDEYKTHKMKGNYKVSDVRAMLDATKAGLGYVMLDLFNLEKPIDEMGLVPLLTNYKLSASGTGIYALYPHRKQTPLVSEFIKTVQEYIGSPAFWVKHIPNYNQLYK,43.1,100,68,35.294,24,42,37,1,2,54.41,21,./fasta/GCF_005887295.1_ASM588729v1_genomic.fna
NZ_PNDL01000057.1,0..59692,tniQ,490..1389,lcl|490|1389|1|1,1,tr|A0A0D8D9W4|A0A0D8D9W4_9GAMM,8.85e-116,tr|A0A0D8D9W4|A0A0D8D9W4_9GAMM tniQ Uncharacterized protein OS=Thalassomonas viridans OX=137584 GN=SG34_16495 PE=4 SV=1,MVRTAHHNGLKVQSFGHFAFNKRYELWNRDIDRLAPERLLEQMSVKTGVTLREAKKTTLSLFEGRLFESTSLSGQLRWITPLKLYHRTHTGFGMQYCPLCLAESTDAYYRIAWRVAFYTFCPKHLILMEDRCRHCGMAVAFHRIELGKYHQLDAPDLAVCWKCGVSLTDFTPIPVNIWHQNVHRRWKWKLAVLDRGFVNSGQVKTQRLNLLHQLCRIIASHSLAPDLQQYLCDKTNMPYQHISDVKIAFEQRSLSERHYILELAWWLIEKYPRKINEAIKYKKLRPHYLYKDMPSLRFK,335,858,300,51.667,155,143,210,2,2,70.00,100,./fasta/GCF_005887295.1_ASM588729v1_genomic.fna
NZ_PNDL01000057.1,0..59692,tniQ,24529..24188,lcl|24529|24188|1|-1,-1,tr|A0A2S5Z7P1|A0A2S5Z7P1_9ALTE,6.53e-04,tr|A0A2S5Z7P1|A0A2S5Z7P1_9ALTE tniQ Uncharacterized protein OS=Marinobacter sp. N4 OX=2055143 GN=KEHDKFFH_15295 PE=4 SV=1,MSHPACPQCQSEYVYEDQQLLICPECAYEWNPNSTSDEGTISVKDANGTQLTDGDKVTVAKDLKIKGSSQVIKIGTKAVVRRVLDKKDHELDCKVDGIGEMMVTAKFVKKANS,35.8,81,31,38.710,12,19,17,0,0,54.84,27,./fasta/GCF_005887295.1_ASM588729v1_genomic.fna
NZ_PNDL01000057.1,0..59692,tniQ,39692..38571,lcl|39692|38571|3|-1,-1,tr|A0A2W1D0I8|A0A2W1D0I8_9PLEO,1.86e-11,tr|A0A2W1D0I8|A0A2W1D0I8_9PLEO tniQ Pectate lyase OS=Pyrenophora tritici-repentis OX=45151 GN=A1F97_07859 PE=3 SV=1,MSEFIKSKAAIAWGPNQPLSVEEVDVMMPKKGEVMVKITATGVCHTDAFTLSGEDPEGIFPAILGHEGAGVVYAVGEGVTSVEVGDHVIPLYTAECGVCKMCTSGKTNLCSAVRETQGKGLMPDGTTRFFKDGQPIYHYMGTSTFSEYTVLPEISLAKVNKEASLEEICLLGCGVTTGMGAVTNTANVKPGDTVAIFGLGGIGLSAIIGAKMAGAGRIIGVDINTSKFDLATKLGATDLVNPKDFDKPIQEVIVDMTDGGVDYSFECIGNVDVMRSALECCHKGWGESVIIGVAGAGQEISTRPFQLVTGRVWRGSAFGGVKGRSQLPEIVERYMAGEFALNDFITHTMSLEEINDAFDLMHEGKSIRTVIHY,62.4,150,157,32.484,51,96,86,6,10,54.78,41,./fasta/GCF_005887295.1_ASM588729v1_genomic.fna
NZ_PNDL01000058.1,0..18513,tniQ,16693..17046,lcl|16693|17046|1|1,1,tr|A0A4V3BQQ7|A0A4V3BQQ7_9BURK,0.001,tr|A0A4V3BQQ7|A0A4V3BQQ7_9BURK tniQ TniQ protein OS=Paraburkholderia sp. BL10I2N1 OX=1938796 GN=B0G77_7721 PE=4 SV=1,MGENNDFILAINGARLVARGLISMALASILEKSKISFKIFSKFCALFCCVFNSSRCSSVNELSRNKTSPMPKIPFIGVRSSWLILAKNCDLATLAKLALFTAFLSSVVCSATLPSSC,35.4,80,64,34.375,22,38,35,2,4,54.69,51,./fasta/GCF_005887295.1_ASM588729v1_genomic.fna
NZ_PNDL01000058.1,0..18513,CRISPR array,64..156,,,,,"Copies: 2, Repeat: 22, Spacer: 48",CGCTGGATTTAGGTTCCAATAC,,,,,,,,,,,,./fasta/GCF_005887295.1_ASM588729v1_genomic.fna
NZ_PNDL01000062.1,2260..25904,tnsA,22260..23702,lcl|22260|23702|3|1,1,UniRef50_A0A3M5N9X7,3.12e-04,UniRef50_A0A3M5N9X7 tnsA HTH gntR-type domain-containing protein n=380 Tax=Bacteria TaxID=2 RepID=A0A3M5N9X7_PSEAZ,MQPAANKQKAEFLYQQVIELIKDMQAQKVLLPGEKLPSLRKMASNLNISIPTVKQAYQALEDQGVVEAREKSGYFLTVLNTVYSLPKRVKLSREPVTVNKQALIEQVYSAIHQPNVIAFGIANPVAAAPTDKALARTMRRVMTIAGASVINYGPIDGFAALKKQLVHRYLGFGIGVNIDELVITNGAQEALAIALKCVTKPGDVVAIETPCYHGIIELIESLGLKALEIPLCPDNGIWLNDLAQALEQHDIKACLFSTAINNPVGSFMSDESRMQMVDLIESHNVVLIEDDVYGDLHFTAKRGTPALAYSKKGLVISCASFSKTAAPSYRVGWLIAGKFAGQARRHKRALSCSASLINQWTLSEFIASGEYDRNLKVLRQRLRNNKERMRWCLLNAMPKNTRISDPKGGCVIWLDLGQGVDSQKLFLLALEAGISITPGLIFSASNKYKSCIRLSYGVQWSEKIEQAITTLGALAHTLKE,40.0,92,82,30.488,25,55,43,1,2,52.44,17,./fasta/GCF_005887295.1_ASM588729v1_genomic.fna
NZ_PNDL01000067.1,0..1306,tnsB,554..1267,lcl|554|1267|2|1,1,UniRef100_A0A0W0RF01,2.77e-06,UniRef100_A0A0W0RF01 tnsB Transposon Tn7 transposition protein TnsB n=1 Tax=Fluoribacter bozemanae TaxID=447 RepID=A0A0W0RF01_FLUBO,MSVYGARKIWKQLQLDDHQVARCTVERLMRVMGIQGVRRGKAHKTTIPDEQQDKPLDLVNRQFTAEQPNQLWVADITYVATWSGFVYVAFVIDVFSRYIVGWRVSTTMHTELILDALEQAIWHRGNPEGLIHHSDRGSQYLSIRYTERLAEAGIQASVGSVGDSYDNALAETINGLFKTEIIRRNGPWKNVDAVEYATLEWVNWFNNQRLLSSIGYISPAQYETDYYDNLNESGKVA,45.4,106,138,30.435,42,72,60,6,24,43.48,50,./fasta/GCF_005887295.1_ASM588729v1_genomic.fna
NZ_PNDL01000007.1,1190..54988,tnsA,22941..21190,lcl|22941|21190|2|-1,-1,UniRef50_A0A345DB38,1.32e-05,UniRef50_A0A345DB38 tnsA ResIII domain-containing protein n=396 RepID=A0A345DB38_9BURK,MSYKLRPYQQEAVERTVLHFRKTNDPAVIVLPTGAGKSLVIAELARIAKQKILVLAHVKELVEQNAQKYKSFGLEASIFSAGLKEKSLSHQVTFASVQSLSRNLNKLNEHYSLLIIDECHRVNGDKKSQYGKVINTLKEYNPQLKVLGLTATPYRLGMGWIYHHHYHGFVKGNKESPFKNCIFELPLRYMIKHNYLTPPNEVDAAISHYDFSSLATNAFGQYTTDDMNALLKNSERATQAILKQVIQYSETRQGVMIFAATVMHAQEILTYLPAEQSALITGDTPNAERDKLINQFKQKNIKYLVNISVLTTGFDAPHVDFIAILRPTESVSLYQQIVGRGLRLNEGKTDCLVIDYAGNGFDLFHPEVGDKKGDSDNEPVQVLCPGCGFANIFWGKTDSDGKVVEHFGRRCQGLLEDDEGHKEQCDYRFRFKECEQCGAQNDIAARKCHDCGAVMADPDDKLRNALNLKDALVLRCSGLSVVKLKDDLIKITYFDEDGASCDEVYNLASKGGQYIFNKQFGKRLGQGQAPVEFKSAEQVIKAQYDLVHPDFVIARKSKKYGWKVSDKLFDYSGNFRKANQLSG,46.2,108,258,21.705,56,147,116,12,55,44.96,40,./fasta/GCF_005887295.1_ASM588729v1_genomic.fna
NZ_PNDL01000007.1,1190..54988,tniQ,34988..32883,lcl|34988|32883|3|-1,-1,tr|A3PPN2|A3PPN2_RHOS1,0.001,tr|A3PPN2|A3PPN2_RHOS1 tniQ Uncharacterized protein OS=Rhodobacter sphaeroides (strain ATCC 17029 / ATH 2.4.9) OX=349101 GN=Rsph17029_3201 PE=4 SV=1,MCGCYFYSLKHFYSASKALKSRGITLYEDDIRPIERYLMERFIKGGAWITGKRVDHAHYTEILDAKLKTNADYTPVLSKLSLDIECNESGVLFSIGLVGCGLDCVIMIGEPEHHDPVIGYTIIWCADEVALLQQLVTLIKQCDPDIIIGWNVIEFDFAVIYERSVALGVKLLLGRGNLPLYVRKGHFTRVSIPGRCVIDGIDTLKNATYSFETFSLANVAKEILGESKLIESSNSLQEIIRQFNEDKLALANYNRQDCILVNKIFDKLKLLDFAVIRTQLTGLELEKRGGSVAAFVNMYLPLLHRSGYVAPNMGDHGLTFESPGGYVMESVPGLYKNVIVLDFKSLYPSIMQTFYIDPLGLIEGIENPKNSIEGFNNALFSREQHHLPALIKSLALQRQRAKDNHDLMLSQAIKIIMNSLYGVLGSQGCRFYDPRLSSSITLRGHEIMLQTKKWIEEQGYSVIYGDTDSTFVKLTDDLSVEACNKIGKQLAKHINTLWQQNIHAKHNLTSHLEIEFESLYSPFFLPTIRGKSVGSKKRYVGQLIKPDESKLVFKGLETVRSDWTKLAQQFQFDLFTLLFEQPEQINDLVNDYISKLLRGEFDHLLVFKKRLGQNLTDYQKNIPPHVQAVKKFQRQNSEFTLKRGEFVTFVYTTHGVELYQGLHSYDYPLYIDKQIVPLLEMVTQFVNVNVNSFELKQFELF,40.4,93,72,29.167,21,48,40,2,3,55.56,10,./fasta/GCF_005887295.1_ASM588729v1_genomic.fna
NZ_PNDL01000007.1,1190..54988,DEDDh,2314..1496,lcl|2314|1496|1|-1,-1,gi|118580761|ref|YP_902011.1|CAS-I|DEDDh|DEDDh,1.91e-22,gi|118580761|ref|YP_902011.1|CAS-I|DEDDh|DEDDh DEDDh,MSHRCKSLRFFALFYLDIMYNKVIIERYQSQAKFDMARRQIVLDTETTGIDPKQGHRIIEIGCVELINRRLTGNNFHVYINPQRSIEEEAIDVHGITNEFLRDKPLYRDIAQEFFDYIKGAELVIHNAPFDVGHMDNEFALLNQGYPNTHEYCQVLDTLKMARDLHPGQKNNLDALCRRYDIDNAKRTLHGALLDSEILADVYLAMTGGQTKLNLNQNKDDGSEQQTGGIRRLSSDRAPLVVLRANDAEQSAHEARLDLVDKEGGHCLWRAE,90.1,222,168,36.905,62,96,86,5,10,51.19,61,./fasta/GCF_005887295.1_ASM588729v1_genomic.fna
NZ_PNDL01000007.1,1190..54988,DinG,35458..37533,lcl|35458|37533|1|1,1,gi|379715953|ref|YP_005304290.1|CAS-IV|DinG|DinG,9.07e-60,gi|379715953|ref|YP_005304290.1|CAS-IV|DinG|DinG DinG,MLSDQLKKTIRQVHQHVASNLTDYRPRSSQNYLVAEIAKTLAGEYHKKQRICVIEAGTGTGKSLAYCLGALPLALAQKKKLVISTATVALQEQLIAKELPFFKKHSGLDFKFDLVKGRQRYICAHKLHNAVNGDSQTQMEFMPTLTSPLSDMETKCLKGLYDAYVNKKWQGDRDSWADTIPDRVWNLIACDKHACQRQMKAHQTCPFQLARNQLMQMDVLVINHSLLLADLDLGGGKILPEPDNTIYVIDEAHHLAHITRDFSSAAATIKGTIDWLDKLTKFSGKMSKVLVGQKAIGQNFKLCDSINDANKDLKVVRDILDNADFEYSKDDTYRFEHGEIPKSLHNKAKDISDATLDALRCLNKMHDTLTQDVSDGDIKPYVADPVLAESGHYINRLEQLNKLWYSYANKGEGTPHARWIKRLEYKNHHDHLLSDCPIEVGYYLKDKLWNECAGAVLCSATLSALGSFDHFAYESGLAKEEGVKFIKVPSPFDYPKQATLRIPVSKIEPTDKAFSDHIAQTLPEYLNTKKANLVLFASYWQMDHVAKFLRTKGFNLLVQGEMSREALLKKHTQNIDSGKGSILFGTQSLSEGLDLPGKYLENLIITKIPFAVPTSPIEEAQAEFVQSKGGNPFLSITVPDAAKKLVQSCGRLLRKESDEGRITILDRRLITKRYGKAMLDTLPPFKRQIDY,211,538,677,27.474,186,416,310,22,75,45.79,96,./fasta/GCF_005887295.1_ASM588729v1_genomic.fna
NZ_PNDL01000007.1,150914..191423,tniQ,171423..170914,lcl|171423|170914|2|-1,-1,tr|A0A417XIF4|A0A417XIF4_9CLOT,1.27e-05,tr|A0A417XIF4|A0A417XIF4_9CLOT tniQ GNAT family N-acetyltransferase OS=Clostridium sp. OF09-10 OX=2292309 GN=DXA91_00825 PE=4 SV=1,MQLFTARLAMRPLQSSDWPLFLQLHQNPTVIRYCYDMPSEAFVRSRFEQRLKSWDSTSTHPLCLVVLDKYSNEPMGVTGFTYELEQAELGYLFLPAYFNQGFASESLRAVIEWAWQQCGITQFKAVVTKGNIGSEKVLQKCGLTLTGINTQAHTINNTRYDDLIYTLKL,41.2,95,78,32.051,25,52,38,1,1,48.72,46,./fasta/GCF_005887295.1_ASM588729v1_genomic.fna
NZ_PNDL01000007.1,150914..191423,cas3,151850..153667,lcl|151850|153667|2|1,1,gi|386346436|ref|YP_006044685.1|CAS-I|cas3|cas3,6.20e-05,gi|386346436|ref|YP_006044685.1|CAS-I|cas3|cas3 cas3,MSEPVTFESLNLSPAILKAVEELGYKTPSEIQAQCIPLLLERKDVLGLAQTGTGKTAAFALPLLNNIDPSVKQPQILVLTPTRELAIQVAEAFEQYAKGTRGVEVLALYGGQSYSIQLSALRRGAQIIVATPGRLIDHINRGTIKFDALQALVLDEADEMLRMGFIDDVENIMEKTPREKQTCLFSATMPKQIQNISSKYMNNPEQVHISARNSTVSSVEQVFWNAHVHKNKAIVRFLEAEQYEGAIVFVRTRNDTVQLAELLEREGFSAAPLNGDMNQQARERTVDRLKSGMLNVVIATDVAARGLDVDRLSLVINYDIPQDSEAYVHRIGRTGRAGRTGKAILFVKHNERYLLKNIIRHTKSEIAQVELPTAKVVEEKRINALKEKLTLALENKDITFFNEVAASMAQKLDLSLEDLAGALLCLAQQQSPIKVEEVKIQPRNERNTRNERGDRNDRRRNERGDRPERKPRERNSRDAGPMDTYRIEVGREHGVQVKNIVGAIANEADISSKFIGDIRLHDSHSTVQLPQNMPKDVLDHFQKVFICKRPMGMTLTQDQGPAEPRGERAERPSGDKKRSFNKDNQRGDKRGGPRKERRPVSFTSN,45.1,105,175,29.143,51,95,83,8,29,47.43,25,./fasta/GCF_005887295.1_ASM588729v1_genomic.fna
NZ_PNDL01000007.1,150914..191423,cas3,167052..169310,lcl|167052|169310|3|1,1,gi|338730937|ref|YP_004660329.1|CAS-I|cas3HD|cas3,0.003,gi|338730937|ref|YP_004660329.1|CAS-I|cas3HD|cas3 cas3,MIKITTIKCGFYWLLLSLAPAAVAFEHAFNINTNTVLIIASALLALALPYLLFVIYKLKRSRLQHSLSEKRLKSTVEGSGDTLWDWNIKTGEVIRINDKYMMDSTTLMGFPPNKSLIHPHDIASVEHLLKKHFAQKSAFFEATYRIKDTFGHWHWVLDRGKIIEKDANLAPLRMTGTVRDISVLKSTQERLNLFAKCVESLTDALAIYDKNFNLVDINPSFLTLFGGVREQYLKKPFNLPGYDKSYTENIKNIVRERERIQQEVKLRNSERVLLPIEISIDEIKNDQHQITNYVVVYSDLTERKNAQSQLHNLSNRDRTTSLPNRNLFFTDLQKLVKQNTHHALLVFDLDNFKKINDSLGHQLGDSLLAKLAMRLNKLTRENDVFYRLGGDEFALVMADTNDIHVITRMAKQFLAAIATPFKMAGHELAITSSVGIVLFPEDGSTPELLLKNADTAMYHAKKKGNSYLFFNDTMNRQAVKRLQIENLMRFGLKENHFEVYYQPKMNIRTGKLTGMEALVRFITPKKGVISPGVFIPIAEETGQIIEIGEVVLNKACRDVKQWLDDGLFSGRVAVNLSAKQFSLPDLTTRIDVILQKNELPSYFLELEITEGTVMDDPQEAIAIMRSLSARGIHLAMDDFGTGYSSLAYLKQFPLNTLKVDKAFIDDMKTERGRNMVDSIVTIAQNLDLHVVAEGVEQASQIDILKTLNCETVQGYFYSKPLSKDEFTAFLKQQQSNSTPSLISANKHLAQIR,39.7,91,104,28.846,30,66,48,2,8,46.15,13,./fasta/GCF_005887295.1_ASM588729v1_genomic.fna
NZ_PNDL01000007.1,207469..325879,tnsA,228314..227469,lcl|228314|227469|3|-1,-1,UniRef50_P0AC11,2.10e-40,UniRef50_P0AC11 tnsA Dihydropteroate synthase type-2 n=619 Tax=cellular organisms TaxID=131567 RepID=DHP2_ECOLX,MTNIINLPRGRKLNLEKPCVMGILNVTPDSFSDGGKFLDTAHAVQQAMQLLDEGATIIDIGGESTRPGAPDVNLDDELNRVIPAIKAIRAKSDCVISVDTSKAQVMEQAILAGADIVNDVRALQEPHALSTLAKYPDVAICLMHMQGQPRTMQSEPTYTDLLAQINLFFEQRISACETAGIKVEQLILDPGFGFGKTLEHNFEILAKFNAFNKFALPLLAGLSRKSMIGNLLNRKTDERLAGSLAGALIAAQNGAKIIRVHDVKETADVLGVLQACEKGAL,139,350,265,35.849,95,165,144,4,5,54.34,93,./fasta/GCF_005887295.1_ASM588729v1_genomic.fna
NZ_PNDL01000007.1,207469..325879,tnsA,230328..228385,lcl|230328|228385|2|-1,-1,UniRef50_A0A0P9PXI9,4.43e-09,UniRef50_A0A0P9PXI9 tnsA TnsA endonuclease n=3 Tax=Pseudomonas syringae group TaxID=136849 RepID=A0A0P9PXI9_PSESX,MAKNLILWLVIAVVLMSVFQSFNGGDQVDRQTSYTQFVKDVRSGSLQEVIIDRGTGNITGTKSSGERFQTTMPMYDEDLINDLLKNDVNVKGVQPEEQSFLASIFISWFPMLLLIGVWIFFMRQMQGGGGKGAMSFGKSKARLMSEDQVKTTFADVAGCDEAKDDVTELVDFLRDPSKFQKLGGSIPKGVLMVGPPGTGKTLLAKAVAGEAKVPFFTISGSDFVEMFVGVGASRVRDMFEQAKKAAPCIIFIDEIDAVGRKRGAGMGGGHDEREQTLNQMLVEMDGFEGNEGIIVIAATNRPDVLDPALLRPGRFDRQVVVGLPDIRGREQILKVHMRKVPLGDNVEAAVIARGTPGFSGADLANLVNEAALYAARGNKRVVSMAEFDAAKDKIMMGAERKTMVMSEQEKEMTAYHEAGHAIVGRMVPEHDPVYKVSIIPRGRALGVTMYLPEQDRVSHSKELLESMISSLYGGRIAEALIYGEDKVTTGASNDIERATDIARKMVTQWGLSEKLGPLLYAEDQNEMYMGGGGGRAMSMSDETAKVIDAEVRLFSDRNYQRAEDILKENIDILHAMKDALMKYETIDAKQIDDLMARQPVREPRDAHDRLDDKPTKTVAPQEKPVDESQKSDDSSKKDETNLDDKAE,52.8,125,114,28.947,33,77,59,2,4,51.75,18,./fasta/GCF_005887295.1_ASM588729v1_genomic.fna
NZ_PNDL01000007.1,207469..325879,tnsA,260283..259570,lcl|260283|259570|2|-1,-1,UniRef50_A0A3M5N9X7,1.90e-05,UniRef50_A0A3M5N9X7 tnsA HTH gntR-type domain-containing protein n=380 Tax=Bacteria TaxID=2 RepID=A0A3M5N9X7_PSEAZ,MRIFKAKSPAGFAEEYIVESIWNGDFPPGSILPAERELSELIGVTRTTLREVLQRLARDGWLTIQHGKPTRVNNFWETSGLNILETLARLDEDKMPELTDQLLSARTNISAIYTRAAIKLNPERVIEILSKSDELEDTAQAFADYDYKVHHELAVAGNNRIYVLILNGFRGFYFKIGCHYFSDAGTRQLARQFYKDLTVLAENREHDGAISMMRKFGHQTGEIWQNIKGDMPSDIMD,42.4,98,161,25.466,41,106,72,5,14,44.72,65,./fasta/GCF_005887295.1_ASM588729v1_genomic.fna
NZ_PNDL01000007.1,207469..325879,tnsA,262735..263898,lcl|262735|263898|1|1,1,UniRef50_A0A1C6RKQ5,2.45e-10,"UniRef50_A0A1C6RKQ5 tnsA Murein DD-endopeptidase MepM and murein hydrolase activator NlpD, contain LysM domain n=2 Tax=Micromonospora inyonensis TaxID=47866 RepID=A0A1C6RKQ5_9ACTN",MSVFIKSFYQKFFPARQLLIRQNGEVKHVVLAPWFQLFTVLLILGTITWVGISSFRVYSQTNKITDIEQSQIDKQQAWQKQVQEQKALHAKQLEQLAVLEQKQALLQGMIESLPASISKETIKLEEQLESPVNQDKGEFHEPLVDEEPKDKHASLLTPITFAARYERLNKYYEHNFALIDAQINKRHDAILAMLKGAGLESALEQHLALGAQTSAQGGPLDVFDETKIPGQFLAIVDKLLLLNNLENFLTELPNSLPLPAAKYYISSNFGLRKDPMNNRRAFHKGVDLAGWHKTEIFAPADARVLRAGKNGGYGNFIELEHKNGLVTRFGHLNKIKVKKGQTIAKNEVIGLMGSTGRSTSTHLHYEVLLDGKHVNPLKITKALSRVR,60.1,144,117,34.188,40,55,60,4,22,51.28,25,./fasta/GCF_005887295.1_ASM588729v1_genomic.fna
NZ_PNDL01000007.1,207469..325879,tniQ,281221..280298,lcl|281221|280298|1|-1,-1,tr|A0A1X0DTB1|A0A1X0DTB1_9MYCO,3.49e-04,tr|A0A1X0DTB1|A0A1X0DTB1_9MYCO tniQ HTH lysR-type domain-containing protein OS=Mycobacterium heidelbergense OX=53376 GN=BST25_05950 PE=4 SV=1,MKVSFEQLKSMVVFAQIVEQGSLTAAAKQLGLTRAVVSYHLKKLETQLEVTLLNRSTRTMALTEAGIAYYERCRVITEQANAANQQIENIKSEPQGVLKISCPVNVGMQLIVSAINTFKRQYPKIEIDLQLTDDVVDIIKNGFDIAIRGVALSDSNLQATKLTTMSTCICGSAEYFEHFGKPKTPAELALHKWVVYQLSSKTLTLSKEGKKYDVILQGGISTNNAAARTAFVEAGHGLGRIPLYDAWPKVQAGLLEIILDDYKTKDIELYGVFPPGAAGSKKLRLFIDYLKAYFVKQHTALGMLKST,40.0,92,57,35.088,20,35,37,1,2,64.91,18,./fasta/GCF_005887295.1_ASM588729v1_genomic.fna
NZ_PNDL01000007.1,207469..325879,tniQ,305879..304830,lcl|305879|304830|3|-1,-1,tr|A0A2W1D0I8|A0A2W1D0I8_9PLEO,5.93e-05,tr|A0A2W1D0I8|A0A2W1D0I8_9PLEO tniQ Pectate lyase OS=Pyrenophora tritici-repentis OX=45151 GN=A1F97_07859 PE=3 SV=1,MKTVGYAAKSEGAQLGEYTFERRDLRDNDVEIEILYCGVCHSDLHAVRNDWGGSRYPLVPGHEIVGKVKAIGSAVKNYEKGDTVAVGCMVDSCQSCKQCDNGEEQFCQEGMVGTYAGKDRVTGEMTQGGYSKHIVVREEFVLSVPENLELSRVAPLLCAGITTYSPLHKWGVTKGSRVAVVGLGGLGHMAVKNAVAMGASVTVVGRSESKKDDAVKLGAQHYLVSTDEDAMKASQSTFDIIIDTVPVKHDLSIYTPLLDIDGTLVIVGQVGPVEELNTVPLLMGRRRIAGSLIGGIEETQQMLDFCGKNNVLPECEMINIDQINTAYERMEKSDVRYRFVIDMASLEAQ,42.4,98,149,30.201,45,93,64,4,11,42.95,40,./fasta/GCF_005887295.1_ASM588729v1_genomic.fna
NZ_PNDL01000007.1,207469..325879,cas1,248505..247600,lcl|248505|247600|2|-1,-1,gi|386070350|ref|YP_005985246.1|CAS-I-E|cas1|cas1,0.002,gi|386070350|ref|YP_005985246.1|CAS-I-E|cas1|cas1 cas1,MDHKHLNYFLALAKTLHFARASELCHISAPTLSRNIKQLEDEVGVALFIRDNRSVKLTKEGESFIDYATSTLANWQRFKANVKDPTQHIYGNVSIYCSVTASYSFLHQILEQLRAQHQHIEITLNTGDPALAINRVLDAHESMAIAARPSKLPAQIAFVNIGHSPLVLIGPKIQCPISEKIAKNAPHIDWSELEFIVPEQGFSRQRLEQWWRKNDVHGKIYAQVAGHEAMVSMVSLGLGVAMVPKIVLDNSPLQDKVHVLPSENYQPEGFDIGLAVLKKELNDPAISALWNIAQTLGANVI,38.1,87,107,23.364,25,71,46,1,11,42.99,32,./fasta/GCF_005887295.1_ASM588729v1_genomic.fna
NZ_PNDL01000071.1,0..33560,tniQ,19680..20600,lcl|19680|20600|3|1,1,tr|A0A3D8NHY0|A0A3D8NHY0_9ACTN,1.04e-04,tr|A0A3D8NHY0|A0A3D8NHY0_9ACTN tniQ LysR family transcriptional regulator OS=Streptomyces sp. IB2014 011-12 OX=2174847 GN=DDV98_25620 PE=4 SV=1,MTNLPSIKQLQYLLAVHQHQHFGRAASACFIGQSTLSSAIQNLEETLGCQLIERENRSLMFTSIGEEVVERSRKIINDTISLKELTKSFLTPLSGKLVVGVIPTIASFIAAPLYHFCKQTFCDLELVLVEDTSDKLLDKLEHGHIDLALLALPYQTEKFHTQVLAKDHFSLVHHKDYSPAKGVEDFNLLPDASVFLLEREHCMTGHALSACHLNRSSCINPFEAASLHTLLSMVEHQLGVTFLPQMAINAGILKDKNMIATPSQGDAYRDIGILWRKTTGRIRDFKLFSQQLEVFLARQCSLDFES,41.6,96,77,36.364,28,47,41,1,2,53.25,25,./fasta/GCF_005887295.1_ASM588729v1_genomic.fna
NZ_PNDL01000073.1,0..26387,tnsB,5674..6387,lcl|5674|6387|1|1,1,UniRef100_A0A132I4M5,5.13e-06,UniRef100_A0A132I4M5 tnsB Transposon Tn7 transposition protein TnsB n=1 Tax=Micrococcus luteus TaxID=1270 RepID=A0A132I4M5_MICLU,MSGGSAGARTIAAIATNNDFELSRYRAAKLMVKLKLESCQVPQHSYKRGGNEHLEIPNLLDRQFDVVEPDTVWCGDVTYIWVGNRWAYLAVVIDLFARKVVGWAMSLSPDTNLTLKALELAYESRGKPTGLMFHSDQGSHYTSLKYRQRLWRYKIKQSMSSRGNCWDNAPMERFFRSFKTEWMPKVGYGNFIDAKYSVSDYINGYYNNVRPHHYNAGLAPNESEVRYQDSKTVAKIS,44.7,104,106,27.358,29,70,52,3,7,49.06,42,./fasta/GCF_005887295.1_ASM588729v1_genomic.fna
NZ_PNDL01000076.1,14512..44231,tnsD,35810..34512,lcl|35810|34512|1|-1,-1,UniRef90_A0A1N6MB66,0.0,UniRef90_A0A1N6MB66 tnsD TnsD domain-containing protein n=10 Tax=Proteobacteria TaxID=1224 RepID=A0A1N6MB66_9VIBR,MFPIYAPFVSECTRVQAMASMESGSNGSVHLMLGAVASIVKTPGNFRSCSLCVTEQKQKYGESYWSRLWYLPAYPYCPKHGILNQSKITYHDNRHTFHLCDQIMCNLQLNNDNKDKEIQHYLAQKSQELLLLPCQKSPTKYQWSKFYNHLAHDFGCGKGTKQIAHEMIAERVTSKITIPELIVDFSMDTNWLRTIFRQHRKAFSYLQHLAVWSAFIPDMTVSEIIKEVKTKSILSVAVTKSFQPEPRPESQLIKEKRMKWRNLISTTPIKDARSLSGGGALYAWLYRNDREWLLAFNRQHHAKSVSRKEKVNWSARDRLLTKQLLKIIGRLDTIIEGPRRSKHYLLKQLKHSNTISKKLFLLPILSSALNRYHESVFEFQARRLVMTVIARKQAGLGANRWQLMRYASLSEERIQPIVVKLLDWVVTGSNIK,567,1462,434,62.903,273,155,334,3,6,76.96,100,./fasta/GCF_005887295.1_ASM588729v1_genomic.fna
NZ_PNDL01000076.1,14512..44231,tnsC,37696..36038,lcl|37696|36038|2|-1,-1,UniRef100_N6V5X9,0.0,UniRef100_N6V5X9 tnsC Transposon Tn7 transposition protein tnsC n=1 Tax=Pseudoalteromonas agarivorans S816 TaxID=1307437 RepID=N6V5X9_9GAMM,MQNSQSHRVIAVYQPSTIPAYQGNPLIEALPPLNSFVDDLSALKGKLRCTPDDIHQNGVDRAHSICRVIDDFFQPLSQYIQLHERISLMIRGGYVGRNPDTGDWARHIQNGYERVLSGDLKAIKFTEVYSTAQSMALIGCSGNGKTTAMKQLLSLYPQVIYHPDTNLEQIIYLKIDCSHDGSLKELCLNFFRAIDRALGTSNYEKQYSMSKRPSIETLLAAMAQVANAHALGVLIIDEIQHLSRSRSGGSEKMLNFFVTLVNTIGLPVILVGTPRAREIFEADMRSARRGSGLGAIFWDPMEEGREWRALTDKLWSLQWLQKRDEILSDEIRTLWYDLSQGVLDIVVKLFVLCQLRAITTKVERITPKLMQQVYNDELIPVHPMLAALRSDDPEAIIKFSDLKLSDTDKRLLKLQQHVAESVQQTPEEFAYQQLRSEEERRVYIALKDDFDTSLLAPAIRKIFDQNPNLTWISLLPLIHAHLTSPEQALPKKETKPSKGNKASSIKHTQWHTLDSNDLRFIHSQADVDSDMHSTMLKLGLVLNIQSLLEEVS,1135,2935,552,99.275,548,4,550,0,0,99.64,100,./fasta/GCF_005887295.1_ASM588729v1_genomic.fna
NZ_PNDL01000076.1,14512..44231,tnsB,39780..37696,lcl|39780|37696|3|-1,-1,UniRef100_A0A2A2MUI3,0.0,UniRef100_A0A2A2MUI3 tnsB Transposase n=3 Tax=Vibrio TaxID=662 RepID=A0A2A2MUI3_9VIBR,MWQVNETIAFDGKPYRVLFTENSYFYWIVLDENKGLPERIYFDECNVWIDEGRVEKIPDPYAYLQAESWELESSNYLESQKHYELIKPIIDGEGAFNKSTRAKRISHAIAVSDKSKSTIYRLVRRYWQRGQIKNALLPDYKNSGAAGKRRNFTNTKAGRPRIYGIGKGEAVNENIRKQFRIICDKYLMNDKGYSIRYAYIKFGKAYKLKYPDVAEHEIPTLRQFQYFYKTEYTKSTQIIKQTPKGEYNKDIRPLHGTATEQALGPGSRYEIDATIADIYLVDDNDPNKVIGRPTIYMVIDVFSRMVAGFYIGFDNASFPVAMKALISSFSSKVDICKKYGIDISDEQWPCIGIPDVLLADRGELMSHQASYLVNGIKVRLESAPPRRGDAKGIVERSFGAFQVKFKPYMPGVVSGNKVKKHGEKDYRVEAAVAKSDFFEIILYSILAHNLNKPMEKYDRAPDMPESIPSIPIELWRWGLQHRTGSLRTVDTDIAKILLLPREKVTVSELGVKLWGVVYTAKEVIQAGWMHRSTEVTRPKNLYAAYDLGSVNHIYLFPETGKNTFWVCDISTRSREFRDMTWYQVWERQAVQKQVSAEAKYQYSAVERDFDDLLEKKIKKAKNNRKASTLSNAQKIKDIKGNKQQIREQERKELAIKPNRPKQEKPAQIVQLKGIEENYELPNFIPELFNDEDDN,1212,3136,694,80.836,561,133,629,0,0,90.63,100,./fasta/GCF_005887295.1_ASM588729v1_genomic.fna
NZ_PNDL01000076.1,14512..44231,tnsA,40597..39767,lcl|40597|39767|2|-1,-1,UniRef50_A0A1N6MBC6,1.51e-170,UniRef50_A0A1N6MBC6 tnsA Transposon Tn7 transposition protein TnsA n=42 Tax=Gammaproteobacteria TaxID=1236 RepID=A0A1N6MBC6_9VIBR,MARSKYVLTEKQINKRIKDGRGAGRLSNYKPWLYVNEVPSDGRSQRVYSHLTGRIHHVLSDLEFAVFLLLDYNVAVTDIREQFPLNRDDTLNISKEGQLWHPSQGGINLVMSSDFLVNLSTKNQPKLAIQVKYSEALKDPRTIEKLEIERRYWQLKKVPFFLVTEKEIDKVVVSNIEWLYGVKGYFDEIITDELLLLFENMKTYFSRYPNRKVVDICKEYDNAYQQELGKSLYDIRLMCAARLITFDIRYPFHILTAKDITFRSMSLSERRTYVAS,470,1210,276,81.159,224,52,248,0,0,89.86,100,./fasta/GCF_005887295.1_ASM588729v1_genomic.fna
NZ_PNDL01000008.1,76899..117585,tnsA,97585..96899,lcl|97585|96899|3|-1,-1,UniRef50_A0A3M5N9X7,1.30e-04,UniRef50_A0A3M5N9X7 tnsA HTH gntR-type domain-containing protein n=380 Tax=Bacteria TaxID=2 RepID=A0A3M5N9X7_PSEAZ,MTQPFLNDTPITTASDQVFVDMRREIVEGSIQQGSKISEPELAKRYGVSRATLREALNRLESCYLVERKANVGCRVVALTAERLIEVYQVRSSLEGLACRLAADNMAADEVKGLKQLLNQHLQTQRVKEGESYYQEAGDLDFHYRIIKGSKNAHLIHLLCNELYQLIRMYRVQMGMVGPRVSKAFDEHLAIINAIENHDGELAEMLMKRHISASQANIQTKFDVYQSI,39.7,91,218,22.477,49,143,95,6,26,43.58,87,./fasta/GCF_005887295.1_ASM588729v1_genomic.fna
NZ_PNDL01000008.1,76899..117585,cas9,104407..103781,lcl|104407|103781|3|-1,-1,"gi|433625054|ref|YP_007258684.1|CAS-II-A,CAS-II-B,CAS-II-C|cas9|cas9",8.06e-04,"gi|433625054|ref|YP_007258684.1|CAS-II-A,CAS-II-B,CAS-II-C|cas9|cas9 cas9",MKPKFIVIEGLEGAGKSTAISLCQDFLNKKQIDFINVREPGGTLLAESLRTLVKAEHEEDIAFETELLIMYAARSQLMHNVINPALDKGQWVLADRHDLSSQAYQGGGRGISANTLSSLSSMVLKGLKPDLTIYLDIDPVIGLERAKGRGELDRIEQEAIEFFQRTRMRYVELANDDSSIKTVDANQSIDKVHRDITNVLRTFFEGLK,38.5,88,97,24.742,24,57,52,4,16,53.61,42,./fasta/GCF_005887295.1_ASM588729v1_genomic.fna
NZ_PNDL01000009.1,0..27673,tniQ,6660..5650,lcl|6660|5650|1|-1,-1,tr|A0A2W1D0I8|A0A2W1D0I8_9PLEO,4.40e-10,tr|A0A2W1D0I8|A0A2W1D0I8_9PLEO tniQ Pectate lyase OS=Pyrenophora tritici-repentis OX=45151 GN=A1F97_07859 PE=3 SV=1,MKAFGYTKNTKTLTASSIQAIELDTPTASGHDLLIEVKAISVNPVDTKIRANVAPEQGYKVLGWDGVGVVKAVGESVSLFNVGDRVFYAGDLSRQGSNAQFQLVDERIVGRAPKTLTDAQAAALPLTSITAYEMLFDRLQVPKNKQNTQQSILVIGAAGGVGSILVQLAKQLTGLKVVGTASREQSVTWLKELGADHVLNHTKNLNEQRLELGLAEFDYVIGLTHTEQYQDQIVECIKPQGKFALIDDPTSFDILKFKRKCISVHWEFMFTRSLFTTADITAQHTLLNEISELIDSGILKTTLGQNLGPINAANLYKAHQILESHTSRGKLVLEGF,58.2,139,177,26.554,47,104,88,7,26,49.72,50,./fasta/GCF_005887295.1_ASM588729v1_genomic.fna
NZ_PNDL01000009.1,0..27673,tniQ,6774..7673,lcl|6774|7673|3|1,1,tr|A0A3D8NHY0|A0A3D8NHY0_9ACTN,2.35e-06,tr|A0A3D8NHY0|A0A3D8NHY0_9ACTN tniQ LysR family transcriptional regulator OS=Streptomyces sp. IB2014 011-12 OX=2174847 GN=DDV98_25620 PE=4 SV=1,MRSFNDIQTFIDVASCASISEAARQNEQTPAAVSAAIKRLEKDLGNVLFIRSTRSLRLSVAGEQFLSYAKDSLSLIQQGVAAVQTAVGEVTGTLQVSAPCDLGRNKLSEWLNEFLAHYPHVKLKLHLSDEVSDIYSQSIDIALRFGVPKDSQLIAAPLFLNNARILVASPEYVANNGLLTHPLNLTQHTTITFMRFGEVFKEWRFYKNGAVQKVQLNCQHIVNDGEMVRRWALEGKGIAYKSYLDVIDDLASGQLVHLCPEWQSDPLPLYMMYADRRQMTPVISAFRAFIQQKITALVG,47.0,110,89,33.708,30,55,54,2,4,60.67,29,./fasta/GCF_005887295.1_ASM588729v1_genomic.fna
