NZ_LT960611.1,3988..76021,tnsA,23988..25010,lcl|23988|25010|3|1,1,UniRef50_A0A2D2C3Y7,8.17e-16,UniRef50_A0A2D2C3Y7 tnsA Tn7_Tnp_TnsA_N domain-containing protein n=4 Tax=Paracoccus TaxID=265 RepID=A0A2D2C3Y7_9RHOB,MNSLRMPPRFVIVTLVLLSLVSGYFSLAYGSIDISSNQTLSSLLSFVHGNEPKGFEQTVVLEMRLPRVLLAALIGGLLALAGVIIQAIVRNPMADPYLLGVSNGASMVMVLLFAYGGEWLSHSFLPQLLSGLGGLSAFLLVMLLARQNQHSMNTNKLILAGIAVSFMLSAITSMIMLSAQSQKLPGIMQWMMGSLVNAQWSQLPMLTTALILGLVVAVKYSRVLDALSLGDEKAATLGVNLRFHRFMWSVLTALLTGIAVSQVGVVGFIGLMVPHFARFLVGGSHHCLLPISVLLGALLCILVDLLCRILIRPEELPIGIPMAIIAMPFFLWLLRSNHAR,73.9,180,99,44.444,44,54,60,1,1,60.61,29,./fasta/NZ_LT960611.1-1883012-2070703.fasta
NZ_LT960611.1,3988..76021,tniQ,56021..55113,lcl|56021|55113|1|-1,-1,tr|E6TAW5|E6TAW5_MYCSR,1.43e-06,"tr|E6TAW5|E6TAW5_MYCSR tniQ Bacterial regulatory helix-turn-helix protein, lysR family OS=Mycolicibacterium gilvum (strain DSM 45189 / LMG 24558 / Spyr1) OX=278137 GN=Mspyr1_52920 PE=4 SV=1",MDNRLRHLPSLRYFEAAARLSSYSKAAEELFVSQAAVSQQIRQLEEQLACKLFIRKGREMALTHKGQTLLVHVSRGFSTILSGLNQIQSEPLEGVLIVGSPPSFASRWLLPRLWKFTVRHPEIPIKILTRCDVPDLKRGEIDIAIVQGEDLCLEDGLTHEVLINEPVYPYCSPQLAESMKFSHPKDLLRCWLIYFDSGCFPWESWFHQANVSMEANSIEWMEVGTFDMGLNTVMAGHGVCLATDSLAGDLIDRGLLVKPFDIGMTPGVQVNLCLDPSSPRRNRIQAFSQWLHEEVSVEGEPL,47.4,111,65,40.000,26,37,39,1,2,60.00,21,./fasta/NZ_LT960611.1-1883012-2070703.fasta
NZ_LT960611.1,3988..76021,cas10,16899..17858,lcl|16899|17858|3|1,1,"gi|338531655|ref|YP_004664989.1|CAS-III|cas10|LS,CASCADE",1.96e-05,"gi|338531655|ref|YP_004664989.1|CAS-III|cas10|LS,CASCADE cas10",MSHSTLASALMKNPDIIHLVFESMPEPTFLINKHGVYLEAWGGTDTSRHHSPSTLIGLNQYDVLPEHLAHWFSSIIIEVIESGVPKELEYDLHPKDLPCFKGQEGPTELQQFNAFVVPLSDLNMVLWTVRNITEYKSNIRRLAQHQSELEKLTFTDHLTQVHNRFALESLLPTELKHAEIEQHDTAIFMIDIDHFKQLNDHYGHIKGDEALKQIGKQLNDWIDDNGVCFRYGGDEFLVFIRNISRSECQQKAQVLLSHVSQLRIPNINSPISPHLSITIGIKHCSYSNDAMDLEQIVMMADQALLYAKQRQRGTIHILT,44.7,104,131,24.427,32,90,59,4,9,45.04,40,./fasta/NZ_LT960611.1-1883012-2070703.fasta
NZ_LT960611.1,3988..76021,glmS,11549..10872,lcl|11549|10872|1|-1,-1,WP_035343592.1,1.90e-06,WP_035343592.1 glmS two-component system response regulator GlrR [Dickeya],MSRILVIDDDIPLCELLSDVLLEEGYEVHCCHCGESGLAHMQSYPVDLVLLDVMLPNIDGMQMARRICQRFATPILMLTALNDENTMMDSLQAGADHYMPKPFQVPELLTRMTAMLRRVGLERQRQMVVSDSAKQTSNRVIADQLTGLPLTGTEVDLLEYLLNRKDIVVSKAELQLKVLKKDLSPFDRNLDMHISNIRRKLVQAGLPKQYIKTIRGKGYSFVESV,45.4,106,167,25.150,42,112,74,3,13,44.31,68,./fasta/NZ_LT960611.1-1883012-2070703.fasta
NZ_LT960611.1,3988..76021,glmS,60275..59601,lcl|60275|59601|1|-1,-1,WP_035343592.1,8.98e-09,WP_035343592.1 glmS two-component system response regulator GlrR [Dickeya],MSISVLLIEDDKDLAEAISDYMELDGFEFDFAYNGLAGRDLALSNHYDIILTDLNMPKMDGIDVCQSLRDKGVTTPILMLTARDTLNDKLTGFAAGSDDYLVKPFAMDELKVRLLALARRSKGVVTRLSIGDLTVDLDKHQAIRSGQPLKMPPVCWKMLVCLMQNSPNVVSKTKLEDEVWGETLPSADSLKVHLFKLRQAVDASFDNKLIHTVHGVGIVIREEQ,52.4,124,109,27.523,30,79,54,0,0,49.54,49,./fasta/NZ_LT960611.1-1883012-2070703.fasta
NZ_LT960611.1,124564..182691,tniQ,145658..144564,lcl|145658|144564|1|-1,-1,tr|A0A2N8ZDD4|A0A2N8ZDD4_9VIBR,0.0,tr|A0A2N8ZDD4|A0A2N8ZDD4_9VIBR tniQ Uncharacterized protein OS=Vibrio tapetis subsp. tapetis OX=1671868 GN=VTAP4600_A1938 PE=4 SV=1,MEQHEAIPGAFPLELNLVNIYHAQTTSQMRARVFIYLEKQLKLNNFGVLKLSLAHSKSKFSPEFKALNRFGTDYPYALIRKRFTPICPQCLEDAPYIRQQWQFISYQACHLHGCKLLHRCPECSSLLEYQMTESATQCECGFDLIGCKSGKAPEPEYMVALWLSGGKTEASSGVMAQEMTVSERYGFMLWYVNRYGDLDDINLESFVQSCVSWPNILKEDLDERVKKAEQVRVKDWKQMFFSEVFGSLLKGCRQLPSRQLSKNIVLTEVLAYLTRLVADSPATAKGNIGDVLLSPLEASSLLSCVTDEVYRLYEFGEIKAAIRPRMHIKIASHESAFTLRSVIETKLTRMCSESDGLSVYLPEW,760,1963,364,100.000,364,0,364,0,0,100.00,100,./fasta/NZ_LT960611.1-1883012-2070703.fasta
NZ_LT960611.1,124564..182691,tnsB,160173..159100,lcl|160173|159100|3|-1,-1,UniRef100_A0A1T0A091,1.02e-08,UniRef100_A0A1T0A091 tnsB Transposon Tn7 transposition protein tnsB n=1 Tax=Moraxella caviae TaxID=34060 RepID=A0A1T0A091_9GAMM,MFNVTSQQRKQLMEYETSFIEYPEITEIYSIFDQLRFNQSLGGEPESFLLTGETGSGKTALINNYLKRFESSSSSSWSTQTVLSTRIPSRVNEQNTLNKFLVDLNSKSGGRSTRRRNEIALGESVVRHLKRKSVELIIVNEVQELVEFSTAEERQAIANTFKYISEEAGVSFVLVGLPYANVLAEEPQWNSRLSWRRGLNYFKLLKITKATKTTSAQYDVDPDQKKHFAQFVAGLSKRMGYQKAPRLTSNDVLYPLFSVCNGECRKLKHFLKDAMLISFKEGRETIDSGVLERTFAFKFPYLDNPFTCNLSSLKVHQLEASSTYNTSAISAEDKILPPRFSDAIPLNLLLSIGGLKA,54.7,130,245,22.857,56,156,108,8,33,44.08,67,./fasta/NZ_LT960611.1-1883012-2070703.fasta
NZ_LT960611.1,124564..182691,tnsB,161396..160173,lcl|161396|160173|1|-1,-1,UniRef100_A0A378ML46,0.0,UniRef100_A0A378ML46 tnsB Transposon Tn7 transposition protein tnsB n=1 Tax=Vibrio anguillarum TaxID=55601 RepID=A0A378ML46_VIBAN,MEYVEIDHTPLPVILIDDELDVPLGRPYLTMLYDRFSKCVVGLSVNFRDPSFDSVRKALLNTLLDKSWLKDSYPSIKNDWPCHGKIDYLVVDNGAEFWTDSLEDSLRPFVTDIQYSQAAKPWRKTGIEKLFDQLNKGLTNSLPGKTFTNPTQLKDYDPKKESVVRVSVFLELLHKWVVDYYHMSPDARERAIPYHKWHESKWRPNAYHDDEILALRTELGLLKERTIGISGIRLHNLHYQSDELIEYRKYAPVKSDGKLFVKTKTDPSDISSIYVFLEPEKRYIKVPAVDNSGYTKGLSLFEHERIQKVRRLNTRELKNEEALAETHLYIESRIEGETERLSRSRNKKQAPSKTGNTSKLAKFRDVGSNGPTSIVASKPSNDQPTEQQILSHALSTNDEDLDDIEGY,625,1611,410,72.683,298,103,345,2,9,84.15,100,./fasta/NZ_LT960611.1-1883012-2070703.fasta
NZ_LT960611.1,124564..182691,tnsB,162056..161694,lcl|162056|161694|1|-1,-1,UniRef100_A0A378ML46,1.27e-33,UniRef100_A0A378ML46 tnsB Transposon Tn7 transposition protein tnsB n=1 Tax=Vibrio anguillarum TaxID=55601 RepID=A0A378ML46_VIBAN,MANEFEEFFGLFDEMAASEEEAADQLQIPEDVFDENDINPPSLDTFPSEVQKETLRRIKVINFVEKRLEGGWTEKNLIPILGTVEQTLSLKPPSWRVLAGWKKLYFESGRDIKSLIPKHA,120,301,120,51.667,62,55,82,1,3,68.33,100,./fasta/NZ_LT960611.1-1883012-2070703.fasta
NZ_LT960611.1,124564..182691,tnsA,162691..162059,lcl|162691|162059|2|-1,-1,UniRef50_A0A090P7F5,4.69e-134,UniRef50_A0A090P7F5 tnsA Tn7_Tnp_TnsA_N domain-containing protein n=102 Tax=Gammaproteobacteria TaxID=1236 RepID=A0A090P7F5_9VIBR,MRTMFDQTKKSSHVHNICKFMSLKNDAVVRTLSVLEFDFCFHLEYNPDVKEYTSQPYGYHYHFNGRKCRYTPDFLVCDQKEQSSFVEVKHSSQILKPDFRARFAEKQRTALEEHGKRLILVTEKQIRINPIFNNLKLLHRYSGLHTVTQVQKSVLQFIQSKQKVQLFEVSQYFGLPEHETLIHSLCWLSSGRIKTDLRNNDFGLNSYVWC,372,956,210,82.857,174,36,192,0,0,91.43,100,./fasta/NZ_LT960611.1-1883012-2070703.fasta
NZ_LT960611.1,124564..182691,cas6,141407..140796,lcl|141407|140796|1|-1,-1,gi|375263740|ref|YP_005025970.1|CAS-I-F|cas6f|cas6,5.75e-87,gi|375263740|ref|YP_005025970.1|CAS-I-F|cas6f|cas6 cas6,MPKRYFFTIRYIPERADCGLLAGRCIEQMHGFAANNPQAKSSIGVSFPSWCSESVGHSIAFVAANKDLLVGLSFQPYFSLMVNEGLFEVSTVDEVPNELPELRFVRNQAIGKSFVGSKKRRIKRSLVRSETIDEKHLPKANEIREFEHFHKVPISSGSSGQDFILHLQREQTVESVATGFNCYGFATNKDWRGTVPDFRFNPN,253,647,196,59.694,117,79,148,0,0,75.51,97,./fasta/NZ_LT960611.1-1883012-2070703.fasta
NZ_LT960611.1,124564..182691,cas7,142467..141424,lcl|142467|141424|3|-1,-1,"gi|375263741|ref|YP_005025971.1|CAS-I-F|cas7f|G7,CASCADE",0.0,"gi|375263741|ref|YP_005025971.1|CAS-I-F|cas7f|G7,CASCADE cas7",MELCSQLNYVRSLSSGKACFYHLGNSDEICPLSIDRTRLRAPKGGYAEGYKGSKFQPKNVAPQDLAYANPQFIEECYVTPGVDEIYCAFSLRIRANSLGPDVCCDDNVREQLTHLAHIYKELNGYRELAQRYAKNILLGTWLWRNRECRGITVEVTTSDSHTITVENAERLSWYGHWGKEATESLESLTVYLAKALSDKSEYFYMDVKAKIGVGWGDEVYPSQEFLDSRQEGLPTKQLATVELSSGQETAAFHAQKIGAALQSIDDWWHQEADKPLRVNEYGADREYVIARRHTKSGNDFYQLLRNTEKWIETMEQSQTIPNDVHFIMSVLIKGGLFNCSKFKSESK,536,1381,339,72.566,246,93,293,0,0,86.43,98,./fasta/NZ_LT960611.1-1883012-2070703.fasta
NZ_LT960611.1,124564..182691,cas8f,144561..142474,lcl|144561|142474|3|-1,-1,"gi|375263742|ref|YP_005025972.1|CAS-I-F|cas8f|LS,CASCADE",0.0,"gi|375263742|ref|YP_005025972.1|CAS-I-F|cas8f|LS,CASCADE cas8f",MKKLSDLLAIEDSIVKQATLKKVFMPYSENVDIDGCEKEALTILVNLSSHHKGDKCADWLDEERAKRHLKNTENIEDSLAEIKWLHTHNLKFPDCRVKDQRVIAKPLPTSESFISSAVSEYSLGWAHNAADYRHTQWILNSFNWQSKPANVLFLAQQGNPVWLELLQDLGLNVKDLVLFQKTIQSQLPVSTLPEYVNSYSKQLRFPWGNDYLSVTPVVSHAIQRELECRRRDPNSSLNFVTMSLPNSASIGNLCGSVGGYMKVLNYPIGARLNSEKTLSVSRQKSGRYFDDYQVTNSKICKVLSHLIGAEPLKTHKQRTKARKDQAKILRRQIALWILPLIELRDLAESEPKKPLIEHSEQLVQNFLTLPESELQSLATLFNQRLHFAFQENEFARKFAYHPKLMQVAKAQVKWVLDKLSQPHNTTTPVHEEQYIYLSSLRIQDAVAMSSPYLCGAPSLTAIWGVMHHYQREFNQLIDGSANFEFSSFALYVRSEAIRNTAKLTEPNSLAKARTISNAMRPTIRREMLTDLEIDLVIKVKSNDRISDYATALKASLPFTFAGGTLFQPLISSNKKWLRTFNGCTDLFYSLKGLPAYGSWLYACDKQPKDLDELEASLERNHDVLPISLGFHFLEQPKTRKNALTGSHAYVENALGIAERVNPIEVRFAGRDHFFNHAFWSLECSGETILIKKDRN,900,2325,695,61.583,428,262,528,1,5,75.97,99,./fasta/NZ_LT960611.1-1883012-2070703.fasta
NZ_LT960611.1,124564..182691,cas3,156583..154133,lcl|156583|154133|2|-1,-1,gi|304318091|ref|YP_003853236.1|CAS-I|cas3|cas3,0.003,gi|304318091|ref|YP_003853236.1|CAS-I|cas3|cas3 cas3,MVANINKAKLTETDIITKFILPAIKDAGWDDMTQIRQEVKLRDGKVIVRGQAAARKKVKSADIVLYHKPSMPLAVVEAKANKHEVGKGMQQGMDYANLLEVPFVFASNGDGFIFRDLTNEAQLETEIRLEDFPTPEQLWDKYCVWKGYKTEHLPVITQDYHDDGSGKSPRYYQLQAINKTVEAVAAGQDRILLVMATGTGKTYTAFQIIWRLWKAKAKKRILFLADRNILVDQTKTNDFQPFGSAMTKITGRTVDPAFEVHLALYQALTGPEEHQKAYKQVDPNFFDLIVIDECHRGSASEDSAWREILEYFKSATQVGLTATPKETDEVSNIEYFGDPVYTYSLKEGIEDGFLAPYKVVRVDIDVDVQGWRPTKGQVDKHGEVIEDRIYNQKDFDRTMVIDERTELVAQTITNYLKRTDPMSKTIVFCNDIDHAERMRRALVNLNPDQVKKNEKYVMKITGDDEIGKAQLDNFINPKKKYPVIATTSELMSTGVDAKTCKLVVLDQGIQSMTKFKQVIGRGTRIDDKYGKLWFTILDFKKATELFADERFDGTPERVKVTTPEQFEDDEDLDDIIDGVDDVDTDNPFGDEDIDPDSIQEPEPTYGDDFGGSSEGGAAGNDDWDDENRVRKFHVNGVAVKALAERVQYYDLDGKLVTESFKDYTRKTMVKQFASMDEFTKRWNDSDRKQVIIDELAEAGILWEALEDEVGKDMDPFDMICHVVYDQPALTRKERADNVKKRNYFTKYGDTARQVLINLLDKYADEGVQEIENIHVLKVKPFDEMGRPLEIIKKGFGGKPQYLEAVHELEAAIYQSA,40.0,92,151,24.503,37,100,74,6,14,49.01,18,./fasta/NZ_LT960611.1-1883012-2070703.fasta
NZ_LT960611.1,124564..182691,parE,158115..156736,lcl|158115|156736|3|-1,-1,WP_183466676.1,1.86e-33,WP_183466676.1 parE DEAD/DEAH box helicase family protein [Mycolicibacterium iranicum],MLRLWQSQCVEAALKKYSYDQSHFFCQATPGAGKTVMAAELAKRLIEQDKVDLILCFSPSLTVAEGIKKTFAWKLGCSFNGGLGSLGVSYTYQTIRFMDDDFWRTVEKYRVFAVFDEIHHCASDEHGGSNVWGEQVLTKIQGLAKYTLALSGTPWRSDSVPIAMAEYTDPDGQLVCDFQYGLKQAIEELVCRAPKIALVDNEHLSITEGGERLSFSSILDLIQKSDISYQTVIHNEDAMSYLLQSGCNKLEHIRRQSPQAGGLVVAASVKHAKSIQAMLIQKFGQSACIVTYHHESPLEEIEAFRHGDTQWIVSVGMISEGTDIPRLQVCCHMSAVKTELYFRQVLGRILRVNDSPNQEAWLFTFAEESLIGFSERIEQDIPDTCLYIKQDFDKQNTFPINERGLLDNTERSLSTLTQRHLVNWDDSMMPSSESTINLMSSCDELRLGQFRQRVISAFI,130,327,367,27.248,100,237,157,9,30,42.78,76,./fasta/NZ_LT960611.1-1883012-2070703.fasta
NZ_LT960611.1,124564..182691,CRISPR array,140592..140683,,,,,"Copies: 2, Repeat: 32, Spacer: 27",TTCCTAACTGCCTATTCGGCAGGTCACTGTTA,,,,,,,,,,,,./fasta/NZ_LT960611.1-1883012-2070703.fasta
